district,district_reported,crop,year,season_group,yield_t_ha,yield_original,yield_unit,source_report,source_page,source_period
Bahawalnagar,Bahawalnagar,Cotton,2014-15,Kharif,0.79866,8.08,maund/acre,2014-15(1).pdf,7,current
Bahawalpur,Bahawalpur,Cotton,2014-15,Kharif,0.953845,9.65,maund/acre,2014-15(1).pdf,7,current
Bhakkar,Bhakkar,Cotton,2014-15,Kharif,0.642486,6.5,maund/acre,2014-15(1).pdf,7,current
Chakwal,Chakwal,Cotton,2014-15,Kharif,1.225666,12.4,maund/acre,2014-15(1).pdf,7,current
Faisalabad,Faisalabad,Cotton,2014-15,Kharif,0.617775,6.25,maund/acre,2014-15(1).pdf,7,current
Jhelum,Jhelum,Cotton,2014-15,Kharif,1.270145,12.85,maund/acre,2014-15(1).pdf,7,current
Kasur,Kasur,Cotton,2014-15,Kharif,0.573295,5.8,maund/acre,2014-15(1).pdf,7,current
Khanewal,Khanewal,Cotton,2014-15,Kharif,0.642486,6.5,maund/acre,2014-15(1).pdf,7,current
Khushab,Khushab,Cotton,2014-15,Kharif,0.593064,6.0,maund/acre,2014-15(1).pdf,7,current
Layyah,Layyah,Cotton,2014-15,Kharif,0.790752,8.0,maund/acre,2014-15(1).pdf,7,current
Mandi Bahauddin,M.B.Din,Cotton,2014-15,Kharif,0.790752,8.0,maund/acre,2014-15(1).pdf,7,current
Muzaffargarh,Muzaffargarh,Cotton,2014-15,Kharif,0.835232,8.45,maund/acre,2014-15(1).pdf,7,current
Nankana Sahib,Nankana Sahib,Cotton,2014-15,Kharif,0.395376,4.0,maund/acre,2014-15(1).pdf,7,current
Okara,Okara,Cotton,2014-15,Kharif,0.83029,8.4,maund/acre,2014-15(1).pdf,7,current
Pakpattan,Pakpattan,Cotton,2014-15,Kharif,0.889596,9.0,maund/acre,2014-15(1).pdf,7,current
Rahim Yar Khan,R.Y. Khan,Cotton,2014-15,Kharif,0.794706,8.04,maund/acre,2014-15(1).pdf,7,current
Rajanpur,Rajan Pur,Cotton,2014-15,Kharif,0.939018,9.5,maund/acre,2014-15(1).pdf,7,current
Sahiwal,Sahiwal,Cotton,2014-15,Kharif,0.89948,9.1,maund/acre,2014-15(1).pdf,7,current
Sargodha,Sargodha,Cotton,2014-15,Kharif,0.628648,6.36,maund/acre,2014-15(1).pdf,7,current
Toba Tek Singh,T.T. Singh,Cotton,2014-15,Kharif,0.889596,9.0,maund/acre,2014-15(1).pdf,7,current
Bahawalnagar,Bahawalnagar,Rice,2014-15,Kharif,2.240793,22.67,maund/acre,2014-15(1).pdf,12,current
Bahawalpur,Bahawalpur,Rice,2014-15,Kharif,2.046071,20.7,maund/acre,2014-15(1).pdf,12,current
Bhakkar,Bhakkar,Rice,2014-15,Kharif,1.747562,17.68,maund/acre,2014-15(1).pdf,12,current
Chiniot,Chiniot,Rice,2014-15,Kharif,1.829602,18.51,maund/acre,2014-15(1).pdf,12,current
Dera Ghazi Khan,D.G. Khan,Rice,2014-15,Kharif,2.329753,23.57,maund/acre,2014-15(1).pdf,12,current
Faisalabad,Faisalabad,Rice,2014-15,Kharif,1.933389,19.56,maund/acre,2014-15(1).pdf,12,current
Gujranwala,Gujranwala,Rice,2014-15,Kharif,2.124158,21.49,maund/acre,2014-15(1).pdf,12,current
Gujrat,Gujrat,Rice,2014-15,Kharif,1.564701,15.83,maund/acre,2014-15(1).pdf,12,current
Hafizabad,Hafizabad,Rice,2014-15,Kharif,2.060897,20.85,maund/acre,2014-15(1).pdf,12,current
Jhang,Jhang,Rice,2014-15,Kharif,1.904724,19.27,maund/acre,2014-15(1).pdf,12,current
Jhelum,Jehlum,Rice,2014-15,Kharif,1.800938,18.22,maund/acre,2014-15(1).pdf,12,current
Kasur,Kasur,Rice,2014-15,Kharif,2.104389,21.29,maund/acre,2014-15(1).pdf,12,current
Khanewal,Khanewal,Rice,2014-15,Kharif,2.230909,22.57,maund/acre,2014-15(1).pdf,12,current
Khushab,Khushab,Rice,2014-15,Kharif,1.930423,19.53,maund/acre,2014-15(1).pdf,12,current
Lahore,Lahore,Rice,2014-15,Kharif,2.088574,21.13,maund/acre,2014-15(1).pdf,12,current
Layyah,Layyah,Rice,2014-15,Kharif,1.751516,17.72,maund/acre,2014-15(1).pdf,12,current
Lodhran,Lodhran,Rice,2014-15,Kharif,2.044094,20.68,maund/acre,2014-15(1).pdf,12,current
Mandi Bahauddin,M.B.Din,Rice,2014-15,Kharif,1.842452,18.64,maund/acre,2014-15(1).pdf,12,current
Mianwali,Mianwali,Rice,2014-15,Kharif,1.528128,15.46,maund/acre,2014-15(1).pdf,12,current
Multan,Multan,Rice,2014-15,Kharif,2.048048,20.72,maund/acre,2014-15(1).pdf,12,current
Muzaffargarh,Muzzafargargh,Rice,2014-15,Kharif,2.072759,20.97,maund/acre,2014-15(1).pdf,12,current
Narowal,Narowal,Rice,2014-15,Kharif,1.764365,17.85,maund/acre,2014-15(1).pdf,12,current
Okara,Okara,Rice,2014-15,Kharif,2.708326,27.4,maund/acre,2014-15(1).pdf,12,current
Pakpattan,Pakpattan,Rice,2014-15,Kharif,2.538314,25.68,maund/acre,2014-15(1).pdf,12,current
Rahim Yar Khan,R.Y. Khan,Rice,2014-15,Kharif,2.125146,21.5,maund/acre,2014-15(1).pdf,12,current
Rajanpur,Rajan Pur,Rice,2014-15,Kharif,1.840475,18.62,maund/acre,2014-15(1).pdf,12,current
Sahiwal,Sahiwal,Rice,2014-15,Kharif,2.146892,21.72,maund/acre,2014-15(1).pdf,12,current
Sargodha,Sargodha,Rice,2014-15,Kharif,1.930423,19.53,maund/acre,2014-15(1).pdf,12,current
Sheikhupura,Sheikhupura,Rice,2014-15,Kharif,1.907689,19.3,maund/acre,2014-15(1).pdf,12,current
Sialkot,Sialkot,Rice,2014-15,Kharif,1.901759,19.24,maund/acre,2014-15(1).pdf,12,current
Toba Tek Singh,T.T. Singh,Rice,2014-15,Kharif,2.217071,22.43,maund/acre,2014-15(1).pdf,12,current
Vehari,Vehari,Rice,2014-15,Kharif,2.20521,22.31,maund/acre,2014-15(1).pdf,12,current
Bahawalnagar,Bahawalnagar,Sugarcane,2014-15,Kharif,61.382124,621.0,maund/acre,2014-15(1).pdf,19,current
Bahawalpur,Bahawalpur,Sugarcane,2014-15,Kharif,66.22548,670.0,maund/acre,2014-15(1).pdf,19,current
Bhakkar,Bhakkar,Sugarcane,2014-15,Kharif,55.84686,565.0,maund/acre,2014-15(1).pdf,19,current
Chiniot,Chiniot,Sugarcane,2014-15,Kharif,57.32952,580.0,maund/acre,2014-15(1).pdf,19,current
Dera Ghazi Khan,D.G.Khan,Sugarcane,2014-15,Kharif,60.591372,613.0,maund/acre,2014-15(1).pdf,19,current
Faisalabad,Faisalabad,Sugarcane,2014-15,Kharif,57.922584,586.0,maund/acre,2014-15(1).pdf,19,current
Gujranwala,Gujranwala,Sugarcane,2014-15,Kharif,41.811012,423.0,maund/acre,2014-15(1).pdf,19,current
Gujrat,Gujrat,Sugarcane,2014-15,Kharif,46.852056,474.0,maund/acre,2014-15(1).pdf,19,current
Hafizabad,Hafizabad,Sugarcane,2014-15,Kharif,49.323156,499.0,maund/acre,2014-15(1).pdf,19,current
Jhang,Jhang,Sugarcane,2014-15,Kharif,60.097152,608.0,maund/acre,2014-15(1).pdf,19,current
Jhelum,Jhelum,Sugarcane,2014-15,Kharif,40.328352,408.0,maund/acre,2014-15(1).pdf,19,current
Kasur,Kasur,Sugarcane,2014-15,Kharif,54.265356,549.0,maund/acre,2014-15(1).pdf,19,current
Khanewal,Khanewal,Sugarcane,2014-15,Kharif,65.73126,665.0,maund/acre,2014-15(1).pdf,19,current
Khushab,Khushab,Sugarcane,2014-15,Kharif,52.980384,536.0,maund/acre,2014-15(1).pdf,19,current
Lahore,Lahore,Sugarcane,2014-15,Kharif,53.771136,544.0,maund/acre,2014-15(1).pdf,19,current
Layyah,Layyah,Sugarcane,2014-15,Kharif,57.82374,585.0,maund/acre,2014-15(1).pdf,19,current
Lodhran,Lodhran,Sugarcane,2014-15,Kharif,60.986748,617.0,maund/acre,2014-15(1).pdf,19,current
Mandi Bahauddin,M.B.Din,Sugarcane,2014-15,Kharif,49.718532,503.0,maund/acre,2014-15(1).pdf,19,current
Mianwali,Mianwali,Sugarcane,2014-15,Kharif,49.619688,502.0,maund/acre,2014-15(1).pdf,19,current
Multan,Multan,Sugarcane,2014-15,Kharif,52.585008,532.0,maund/acre,2014-15(1).pdf,19,current
Muzaffargarh,Muzaffargarh,Sugarcane,2014-15,Kharif,62.27172,630.0,maund/acre,2014-15(1).pdf,19,current
Nankana Sahib,Nankana sahib,Sugarcane,2014-15,Kharif,54.85842,555.0,maund/acre,2014-15(1).pdf,19,current
Narowal,Narowal,Sugarcane,2014-15,Kharif,36.07806,365.0,maund/acre,2014-15(1).pdf,19,current
Okara,Okara,Sugarcane,2014-15,Kharif,50.90466,515.0,maund/acre,2014-15(1).pdf,19,current
Pakpattan,Pakpattan,Sugarcane,2014-15,Kharif,53.672292,543.0,maund/acre,2014-15(1).pdf,19,current
Rajanpur,Rajanpur,Sugarcane,2014-15,Kharif,72.65034,735.0,maund/acre,2014-15(1).pdf,19,current
Sahiwal,Sahiwal,Sugarcane,2014-15,Kharif,51.695412,523.0,maund/acre,2014-15(1).pdf,19,current
Sargodha,Sargodha,Sugarcane,2014-15,Kharif,52.88154,535.0,maund/acre,2014-15(1).pdf,19,current
Sheikhupura,Sheikhupura,Sugarcane,2014-15,Kharif,50.41044,510.0,maund/acre,2014-15(1).pdf,19,current
Sialkot,Sialkot,Sugarcane,2014-15,Kharif,34.5954,350.0,maund/acre,2014-15(1).pdf,19,current
Toba Tek Singh,T.T.Singh,Sugarcane,2014-15,Kharif,61.7775,625.0,maund/acre,2014-15(1).pdf,19,current
Vehari,Vehari,Sugarcane,2014-15,Kharif,62.76594,635.0,maund/acre,2014-15(1).pdf,19,current
Attock,Attock,Wheat,2014-15,Rabi,1.733,1733.0,kg/ha,2014-15(1).pdf,112,current
Bahawalnagar,Bahawalnagar,Wheat,2014-15,Rabi,3.146,3146.0,kg/ha,2014-15(1).pdf,112,current
Bahawalpur,Bahawalpur,Wheat,2014-15,Rabi,3.047,3047.0,kg/ha,2014-15(1).pdf,112,current
Bhakkar,Bhakkar,Wheat,2014-15,Rabi,2.226,2226.0,kg/ha,2014-15(1).pdf,112,current
Chakwal,Chakwal,Wheat,2014-15,Rabi,1.656,1656.0,kg/ha,2014-15(1).pdf,112,current
Chiniot,Chiniot,Wheat,2014-15,Rabi,2.904,2904.0,kg/ha,2014-15(1).pdf,112,current
Dera Ghazi Khan,D.G. Khan,Wheat,2014-15,Rabi,2.985,2985.0,kg/ha,2014-15(1).pdf,112,current
Faisalabad,Faisalabad,Wheat,2014-15,Rabi,3.2,3200.0,kg/ha,2014-15(1).pdf,112,current
Gujranwala,Gujranwala,Wheat,2014-15,Rabi,2.717,2717.0,kg/ha,2014-15(1).pdf,112,current
Gujrat,Gujrat,Wheat,2014-15,Rabi,1.537,1537.0,kg/ha,2014-15(1).pdf,112,current
Hafizabad,Hafizabad,Wheat,2014-15,Rabi,3.059,3059.0,kg/ha,2014-15(1).pdf,112,current
Islamabad,Islamabad,Wheat,2014-15,Rabi,1.647,1647.0,kg/ha,2014-15(1).pdf,112,current
Jhang,Jhang,Wheat,2014-15,Rabi,3.073,3073.0,kg/ha,2014-15(1).pdf,112,current
Jhelum,Jhelum,Wheat,2014-15,Rabi,1.985,1985.0,kg/ha,2014-15(1).pdf,112,current
Kasur,Kasur,Wheat,2014-15,Rabi,3.069,3069.0,kg/ha,2014-15(1).pdf,112,current
Khanewal,Khanewal,Wheat,2014-15,Rabi,3.153,3153.0,kg/ha,2014-15(1).pdf,112,current
Khushab,Khushab,Wheat,2014-15,Rabi,1.85,1850.0,kg/ha,2014-15(1).pdf,112,current
Lahore,Lahore,Wheat,2014-15,Rabi,2.739,2739.0,kg/ha,2014-15(1).pdf,112,current
Layyah,Layyah,Wheat,2014-15,Rabi,2.542,2542.0,kg/ha,2014-15(1).pdf,112,current
Lodhran,Lodhran,Wheat,2014-15,Rabi,3.122,3122.0,kg/ha,2014-15(1).pdf,112,current
Mandi Bahauddin,M.B. Din,Wheat,2014-15,Rabi,2.44,2440.0,kg/ha,2014-15(1).pdf,112,current
Mianwali,Mianwali,Wheat,2014-15,Rabi,1.776,1776.0,kg/ha,2014-15(1).pdf,112,current
Multan,Multan,Wheat,2014-15,Rabi,3.022,3022.0,kg/ha,2014-15(1).pdf,112,current
Muzaffargarh,Muzaffargarh,Wheat,2014-15,Rabi,2.793,2793.0,kg/ha,2014-15(1).pdf,112,current
Nankana Sahib,Nankana Sahib,Wheat,2014-15,Rabi,3.329,3329.0,kg/ha,2014-15(1).pdf,112,current
Narowal,Narowal,Wheat,2014-15,Rabi,1.761,1761.0,kg/ha,2014-15(1).pdf,112,current
Okara,Okara,Wheat,2014-15,Rabi,3.467,3467.0,kg/ha,2014-15(1).pdf,112,current
Pakpattan,Pakpattan,Wheat,2014-15,Rabi,3.365,3365.0,kg/ha,2014-15(1).pdf,112,current
Rahim Yar Khan,Rahim Yar Khan,Wheat,2014-15,Rabi,3.156,3156.0,kg/ha,2014-15(1).pdf,112,current
Rajanpur,Rajan Pur,Wheat,2014-15,Rabi,2.825,2825.0,kg/ha,2014-15(1).pdf,112,current
Rawalpindi,Rawalpindi,Wheat,2014-15,Rabi,1.614,1614.0,kg/ha,2014-15(1).pdf,112,current
Sahiwal,Sahiwal,Wheat,2014-15,Rabi,3.046,3046.0,kg/ha,2014-15(1).pdf,112,current
Sargodha,Sargodha,Wheat,2014-15,Rabi,2.308,2308.0,kg/ha,2014-15(1).pdf,112,current
Sheikhupura,Sheikhupura,Wheat,2014-15,Rabi,3.212,3212.0,kg/ha,2014-15(1).pdf,112,current
Sialkot,Sialkot,Wheat,2014-15,Rabi,1.712,1712.0,kg/ha,2014-15(1).pdf,112,current
Toba Tek Singh,T.T. Singh,Wheat,2014-15,Rabi,3.305,3305.0,kg/ha,2014-15(1).pdf,112,current
Vehari,Vehari,Wheat,2014-15,Rabi,3.29,3290.0,kg/ha,2014-15(1).pdf,112,current
Bahawalnagar,Bahawalnagar,Cotton,2015-16,Kharif,0.736388,7.45,maund/acre,2015-16(1).pdf,7,current
Bahawalpur,Bahawalpur,Cotton,2015-16,Kharif,0.8807,8.91,maund/acre,2015-16(1).pdf,7,current
Bhakkar,Bhakkar,Cotton,2015-16,Kharif,0.536723,5.43,maund/acre,2015-16(1).pdf,7,current
Chiniot,Chiniot,Cotton,2015-16,Kharif,0.889596,9.0,maund/acre,2015-16(1).pdf,7,current
Dera Ghazi Khan,D.G. Khan,Cotton,2015-16,Kharif,1.329452,13.45,maund/acre,2015-16(1).pdf,7,current
Faisalabad,Faisalabad,Cotton,2015-16,Kharif,0.49422,5.0,maund/acre,2015-16(1).pdf,7,current
Jhang,Jhang,Cotton,2015-16,Kharif,1.071469,10.84,maund/acre,2015-16(1).pdf,7,current
Jhelum,Jhelum,Cotton,2015-16,Kharif,0.49422,5.0,maund/acre,2015-16(1).pdf,7,current
Kasur,Kasur,Cotton,2015-16,Kharif,0.543642,5.5,maund/acre,2015-16(1).pdf,7,current
Khanewal,Khanewal,Cotton,2015-16,Kharif,0.593064,6.0,maund/acre,2015-16(1).pdf,7,current
Khushab,Khushab,Cotton,2015-16,Kharif,0.49422,5.0,maund/acre,2015-16(1).pdf,7,current
Layyah,Layyah,Cotton,2015-16,Kharif,0.691908,7.0,maund/acre,2015-16(1).pdf,7,current
Lodhran,Lodhran,Cotton,2015-16,Kharif,1.23555,12.5,maund/acre,2015-16(1).pdf,7,current
Mandi Bahauddin,M.B.Din,Cotton,2015-16,Kharif,0.593064,6.0,maund/acre,2015-16(1).pdf,7,current
Mianwali,Mianwali,Cotton,2015-16,Kharif,1.207874,12.22,maund/acre,2015-16(1).pdf,7,current
Multan,Multan,Cotton,2015-16,Kharif,1.111995,11.25,maund/acre,2015-16(1).pdf,7,current
Muzaffargarh,Muzaffargarh,Cotton,2015-16,Kharif,0.790752,8.0,maund/acre,2015-16(1).pdf,7,current
Okara,Okara,Cotton,2015-16,Kharif,0.711677,7.2,maund/acre,2015-16(1).pdf,7,current
Pakpattan,Pakpattan,Cotton,2015-16,Kharif,0.790752,8.0,maund/acre,2015-16(1).pdf,7,current
Rahim Yar Khan,R.Y. Khan,Cotton,2015-16,Kharif,0.635567,6.43,maund/acre,2015-16(1).pdf,7,current
Rajanpur,Rajan Pur,Cotton,2015-16,Kharif,0.790752,8.0,maund/acre,2015-16(1).pdf,7,current
Sahiwal,Sahiwal,Cotton,2015-16,Kharif,0.790752,8.0,maund/acre,2015-16(1).pdf,7,current
Sargodha,Sargodha,Cotton,2015-16,Kharif,0.518931,5.25,maund/acre,2015-16(1).pdf,7,current
Toba Tek Singh,T.T. Singh,Cotton,2015-16,Kharif,0.395376,4.0,maund/acre,2015-16(1).pdf,7,current
Vehari,Vehari,Cotton,2015-16,Kharif,1.210839,12.25,maund/acre,2015-16(1).pdf,7,current
Bahawalnagar,Bahawalnagar,Rice,2015-16,Kharif,2.113285,21.38,maund/acre,2015-16(1).pdf,12,current
Bahawalpur,Bahawalpur,Rice,2015-16,Kharif,2.172591,21.98,maund/acre,2015-16(1).pdf,12,current
Bhakkar,Bhakkar,Rice,2015-16,Kharif,1.853325,18.75,maund/acre,2015-16(1).pdf,12,current
Chiniot,Chiniot,Rice,2015-16,Kharif,1.966007,19.89,maund/acre,2015-16(1).pdf,12,current
Dera Ghazi Khan,D.G. Khan,Rice,2015-16,Kharif,2.356441,23.84,maund/acre,2015-16(1).pdf,12,current
Faisalabad,Faisalabad,Rice,2015-16,Kharif,1.918562,19.41,maund/acre,2015-16(1).pdf,12,current
Gujranwala,Gujranwala,Rice,2015-16,Kharif,2.285273,23.12,maund/acre,2015-16(1).pdf,12,current
Gujrat,Gujrat,Rice,2015-16,Kharif,1.561735,15.8,maund/acre,2015-16(1).pdf,12,current
Hafizabad,Hafizabad,Rice,2015-16,Kharif,2.241782,22.68,maund/acre,2015-16(1).pdf,12,current
Jhang,Jhang,Rice,2015-16,Kharif,1.888909,19.11,maund/acre,2015-16(1).pdf,12,current
Jhelum,Jehlum,Rice,2015-16,Kharif,1.836522,18.58,maund/acre,2015-16(1).pdf,12,current
Kasur,Kasur,Rice,2015-16,Kharif,2.161718,21.87,maund/acre,2015-16(1).pdf,12,current
Khanewal,Khanewal,Rice,2015-16,Kharif,1.937342,19.6,maund/acre,2015-16(1).pdf,12,current
Khushab,Khushab,Rice,2015-16,Kharif,1.881001,19.03,maund/acre,2015-16(1).pdf,12,current
Lahore,Lahore,Rice,2015-16,Kharif,2.020371,20.44,maund/acre,2015-16(1).pdf,12,current
Layyah,Layyah,Rice,2015-16,Kharif,1.920539,19.43,maund/acre,2015-16(1).pdf,12,current
Lodhran,Lodhran,Rice,2015-16,Kharif,2.286262,23.13,maund/acre,2015-16(1).pdf,12,current
Mandi Bahauddin,M.B.Din,Rice,2015-16,Kharif,1.890886,19.13,maund/acre,2015-16(1).pdf,12,current
Mianwali,Mianwali,Rice,2015-16,Kharif,1.529117,15.47,maund/acre,2015-16(1).pdf,12,current
Multan,Multan,Rice,2015-16,Kharif,2.153811,21.79,maund/acre,2015-16(1).pdf,12,current
Muzaffargarh,Muzzafargargh,Rice,2015-16,Kharif,1.988741,20.12,maund/acre,2015-16(1).pdf,12,current
Narowal,Narowal,Rice,2015-16,Kharif,1.857279,18.79,maund/acre,2015-16(1).pdf,12,current
Okara,Okara,Rice,2015-16,Kharif,2.518545,25.48,maund/acre,2015-16(1).pdf,12,current
Pakpattan,Pakpattan,Rice,2015-16,Kharif,2.394002,24.22,maund/acre,2015-16(1).pdf,12,current
Rahim Yar Khan,R.Y. Khan,Rice,2015-16,Kharif,1.978857,20.02,maund/acre,2015-16(1).pdf,12,current
Rajanpur,Rajan Pur,Rice,2015-16,Kharif,1.72977,17.5,maund/acre,2015-16(1).pdf,12,current
Sahiwal,Sahiwal,Rice,2015-16,Kharif,1.94525,19.68,maund/acre,2015-16(1).pdf,12,current
Sargodha,Sargodha,Rice,2015-16,Kharif,1.702094,17.22,maund/acre,2015-16(1).pdf,12,current
Sheikhupura,Sheikhupura,Rice,2015-16,Kharif,2.066828,20.91,maund/acre,2015-16(1).pdf,12,current
Sialkot,Sialkot,Rice,2015-16,Kharif,1.943273,19.66,maund/acre,2015-16(1).pdf,12,current
Toba Tek Singh,T.T. Singh,Rice,2015-16,Kharif,2.223002,22.49,maund/acre,2015-16(1).pdf,12,current
Vehari,Vehari,Rice,2015-16,Kharif,2.001591,20.25,maund/acre,2015-16(1).pdf,12,current
Bahawalnagar,Bahawalnagar,Sugarcane,2015-16,Kharif,61.678656,624.0,maund/acre,2015-16(1).pdf,18,current
Bahawalpur,Bahawalpur,Sugarcane,2015-16,Kharif,70.67346,715.0,maund/acre,2015-16(1).pdf,18,current
Bhakkar,Bhakkar,Sugarcane,2015-16,Kharif,58.515648,592.0,maund/acre,2015-16(1).pdf,18,current
Chiniot,Chiniot,Sugarcane,2015-16,Kharif,57.82374,585.0,maund/acre,2015-16(1).pdf,18,current
Dera Ghazi Khan,D.G.Khan,Sugarcane,2015-16,Kharif,65.73126,665.0,maund/acre,2015-16(1).pdf,18,current
Faisalabad,Faisalabad,Sugarcane,2015-16,Kharif,58.81218,595.0,maund/acre,2015-16(1).pdf,18,current
Gujranwala,Gujranwala,Sugarcane,2015-16,Kharif,39.834132,403.0,maund/acre,2015-16(1).pdf,18,current
Gujrat,Gujrat,Sugarcane,2015-16,Kharif,43.49136,440.0,maund/acre,2015-16(1).pdf,18,current
Hafizabad,Hafizabad,Sugarcane,2015-16,Kharif,46.45668,470.0,maund/acre,2015-16(1).pdf,18,current
Jhang,Jhang,Sugarcane,2015-16,Kharif,58.31796,590.0,maund/acre,2015-16(1).pdf,18,current
Jhelum,Jhelum,Sugarcane,2015-16,Kharif,39.339912,398.0,maund/acre,2015-16(1).pdf,18,current
Kasur,Kasur,Sugarcane,2015-16,Kharif,54.561888,552.0,maund/acre,2015-16(1).pdf,18,current
Khanewal,Khanewal,Sugarcane,2015-16,Kharif,66.818544,676.0,maund/acre,2015-16(1).pdf,18,current
Khushab,Khushab,Sugarcane,2015-16,Kharif,50.41044,510.0,maund/acre,2015-16(1).pdf,18,current
Lahore,Lahore,Sugarcane,2015-16,Kharif,52.38732,530.0,maund/acre,2015-16(1).pdf,18,current
Layyah,Layyah,Sugarcane,2015-16,Kharif,57.527208,582.0,maund/acre,2015-16(1).pdf,18,current
Lodhran,Lodhran,Sugarcane,2015-16,Kharif,68.20236,690.0,maund/acre,2015-16(1).pdf,18,current
Mandi Bahauddin,M.B.Din,Sugarcane,2015-16,Kharif,50.41044,510.0,maund/acre,2015-16(1).pdf,18,current
Mianwali,Mianwali,Sugarcane,2015-16,Kharif,53.86998,545.0,maund/acre,2015-16(1).pdf,18,current
Multan,Multan,Sugarcane,2015-16,Kharif,54.3642,550.0,maund/acre,2015-16(1).pdf,18,current
Muzaffargarh,Muzaffargarh,Sugarcane,2015-16,Kharif,67.21392,680.0,maund/acre,2015-16(1).pdf,18,current
Nankana Sahib,Nankana sahib,Sugarcane,2015-16,Kharif,55.35264,560.0,maund/acre,2015-16(1).pdf,18,current
Narowal,Narowal,Sugarcane,2015-16,Kharif,33.60696,340.0,maund/acre,2015-16(1).pdf,18,current
Okara,Okara,Sugarcane,2015-16,Kharif,50.41044,510.0,maund/acre,2015-16(1).pdf,18,current
Pakpattan,Pakpattan,Sugarcane,2015-16,Kharif,53.86998,545.0,maund/acre,2015-16(1).pdf,18,current
Rajanpur,Rajanpur,Sugarcane,2015-16,Kharif,80.06364,810.0,maund/acre,2015-16(1).pdf,18,current
Sahiwal,Sahiwal,Sugarcane,2015-16,Kharif,52.88154,535.0,maund/acre,2015-16(1).pdf,18,current
Sargodha,Sargodha,Sugarcane,2015-16,Kharif,53.178072,538.0,maund/acre,2015-16(1).pdf,18,current
Sheikhupura,Sheikhupura,Sugarcane,2015-16,Kharif,56.439924,571.0,maund/acre,2015-16(1).pdf,18,current
Sialkot,Sialkot,Sugarcane,2015-16,Kharif,32.61852,330.0,maund/acre,2015-16(1).pdf,18,current
Toba Tek Singh,T.T.Singh,Sugarcane,2015-16,Kharif,60.29484,610.0,maund/acre,2015-16(1).pdf,18,current
Vehari,Vehari,Sugarcane,2015-16,Kharif,63.26016,640.0,maund/acre,2015-16(1).pdf,18,current
Attock,Attock,Wheat,2015-16,Rabi,1.802,1802.0,kg/ha,2015-16(1).pdf,112,current
Bahawalnagar,Bahawalnagar,Wheat,2015-16,Rabi,3.058,3058.0,kg/ha,2015-16(1).pdf,112,current
Bahawalpur,Bahawalpur,Wheat,2015-16,Rabi,3.239,3239.0,kg/ha,2015-16(1).pdf,112,current
Bhakkar,Bhakkar,Wheat,2015-16,Rabi,2.225,2225.0,kg/ha,2015-16(1).pdf,112,current
Chakwal,Chakwal,Wheat,2015-16,Rabi,1.845,1845.0,kg/ha,2015-16(1).pdf,112,current
Chiniot,Chiniot,Wheat,2015-16,Rabi,2.93,2930.0,kg/ha,2015-16(1).pdf,112,current
Dera Ghazi Khan,D.G. Khan,Wheat,2015-16,Rabi,2.784,2784.0,kg/ha,2015-16(1).pdf,112,current
Faisalabad,Faisalabad,Wheat,2015-16,Rabi,3.142,3142.0,kg/ha,2015-16(1).pdf,112,current
Gujranwala,Gujranwala,Wheat,2015-16,Rabi,2.96,2960.0,kg/ha,2015-16(1).pdf,112,current
Gujrat,Gujrat,Wheat,2015-16,Rabi,1.7,1700.0,kg/ha,2015-16(1).pdf,112,current
Hafizabad,Hafizabad,Wheat,2015-16,Rabi,3.069,3069.0,kg/ha,2015-16(1).pdf,112,current
Islamabad,Islamabad,Wheat,2015-16,Rabi,1.651,1651.0,kg/ha,2015-16(1).pdf,112,current
Jhang,Jhang,Wheat,2015-16,Rabi,2.895,2895.0,kg/ha,2015-16(1).pdf,112,current
Jhelum,Jhelum,Wheat,2015-16,Rabi,2.222,2222.0,kg/ha,2015-16(1).pdf,112,current
Kasur,Kasur,Wheat,2015-16,Rabi,2.901,2901.0,kg/ha,2015-16(1).pdf,112,current
Khanewal,Khanewal,Wheat,2015-16,Rabi,3.201,3201.0,kg/ha,2015-16(1).pdf,112,current
Khushab,Khushab,Wheat,2015-16,Rabi,1.999,1999.0,kg/ha,2015-16(1).pdf,112,current
Lahore,Lahore,Wheat,2015-16,Rabi,2.982,2982.0,kg/ha,2015-16(1).pdf,112,current
Layyah,Layyah,Wheat,2015-16,Rabi,2.528,2528.0,kg/ha,2015-16(1).pdf,112,current
Lodhran,Lodhran,Wheat,2015-16,Rabi,3.387,3387.0,kg/ha,2015-16(1).pdf,112,current
Mandi Bahauddin,M.B. Din,Wheat,2015-16,Rabi,2.573,2573.0,kg/ha,2015-16(1).pdf,112,current
Mianwali,Mianwali,Wheat,2015-16,Rabi,1.997,1997.0,kg/ha,2015-16(1).pdf,112,current
Multan,Multan,Wheat,2015-16,Rabi,3.032,3032.0,kg/ha,2015-16(1).pdf,112,current
Muzaffargarh,Muzaffargarh,Wheat,2015-16,Rabi,2.909,2909.0,kg/ha,2015-16(1).pdf,112,current
Nankana Sahib,Nankana Sahib,Wheat,2015-16,Rabi,3.227,3227.0,kg/ha,2015-16(1).pdf,112,current
Narowal,Narowal,Wheat,2015-16,Rabi,2.066,2066.0,kg/ha,2015-16(1).pdf,112,current
Okara,Okara,Wheat,2015-16,Rabi,3.179,3179.0,kg/ha,2015-16(1).pdf,112,current
Pakpattan,Pakpattan,Wheat,2015-16,Rabi,3.421,3421.0,kg/ha,2015-16(1).pdf,112,current
Rahim Yar Khan,Rahim Yar Khan,Wheat,2015-16,Rabi,3.288,3288.0,kg/ha,2015-16(1).pdf,112,current
Rajanpur,Rajan Pur,Wheat,2015-16,Rabi,2.906,2906.0,kg/ha,2015-16(1).pdf,112,current
Rawalpindi,Rawalpindi,Wheat,2015-16,Rabi,1.671,1671.0,kg/ha,2015-16(1).pdf,112,current
Sahiwal,Sahiwal,Wheat,2015-16,Rabi,3.135,3135.0,kg/ha,2015-16(1).pdf,112,current
Sargodha,Sargodha,Wheat,2015-16,Rabi,2.491,2491.0,kg/ha,2015-16(1).pdf,112,current
Sheikhupura,Sheikhupura,Wheat,2015-16,Rabi,2.879,2879.0,kg/ha,2015-16(1).pdf,112,current
Sialkot,Sialkot,Wheat,2015-16,Rabi,2.449,2449.0,kg/ha,2015-16(1).pdf,112,current
Toba Tek Singh,T.T. Singh,Wheat,2015-16,Rabi,3.378,3378.0,kg/ha,2015-16(1).pdf,112,current
Vehari,Vehari,Wheat,2015-16,Rabi,3.272,3272.0,kg/ha,2015-16(1).pdf,112,current
Bahawalnagar,Bahawalnagar,Cotton,2016-17,Kharif,0.770983,7.8,maund/acre,2016-17(1).pdf,7,current
Bahawalpur,Bahawalpur,Cotton,2016-17,Kharif,0.870816,8.81,maund/acre,2016-17(1).pdf,7,current
Bhakkar,Bhakkar,Cotton,2016-17,Kharif,0.593064,6.0,maund/acre,2016-17(1).pdf,7,current
Chiniot,Chiniot,Cotton,2016-17,Kharif,0.563411,5.7,maund/acre,2016-17(1).pdf,7,current
Dera Ghazi Khan,D.G. Khan,Cotton,2016-17,Kharif,1.735701,17.56,maund/acre,2016-17(1).pdf,7,current
Faisalabad,Faisalabad,Cotton,2016-17,Kharif,0.543642,5.5,maund/acre,2016-17(1).pdf,7,current
Jhang,Jhang,Cotton,2016-17,Kharif,1.295845,13.11,maund/acre,2016-17(1).pdf,7,current
Jhelum,Jhelum,Cotton,2016-17,Kharif,0.513989,5.2,maund/acre,2016-17(1).pdf,7,current
Kasur,Kasur,Cotton,2016-17,Kharif,0.735399,7.44,maund/acre,2016-17(1).pdf,7,current
Khanewal,Khanewal,Cotton,2016-17,Kharif,0.691908,7.0,maund/acre,2016-17(1).pdf,7,current
Khushab,Khushab,Cotton,2016-17,Kharif,0.444798,4.5,maund/acre,2016-17(1).pdf,7,current
Layyah,Layyah,Cotton,2016-17,Kharif,0.736388,7.45,maund/acre,2016-17(1).pdf,7,current
Lodhran,Lodhran,Cotton,2016-17,Kharif,2.045082,20.69,maund/acre,2016-17(1).pdf,7,current
Mandi Bahauddin,M.B.Din,Cotton,2016-17,Kharif,0.604925,6.12,maund/acre,2016-17(1).pdf,7,current
Mianwali,Mianwali,Cotton,2016-17,Kharif,1.547897,15.66,maund/acre,2016-17(1).pdf,7,current
Multan,Multan,Cotton,2016-17,Kharif,1.803903,18.25,maund/acre,2016-17(1).pdf,7,current
Muzaffargarh,Muzaffargarh,Cotton,2016-17,Kharif,0.825347,8.35,maund/acre,2016-17(1).pdf,7,current
Nankana Sahib,Nankana Sahib,Cotton,2016-17,Kharif,0.597018,6.04,maund/acre,2016-17(1).pdf,7,current
Okara,Okara,Cotton,2016-17,Kharif,0.800636,8.1,maund/acre,2016-17(1).pdf,7,current
Pakpattan,Pakpattan,Cotton,2016-17,Kharif,0.939018,9.5,maund/acre,2016-17(1).pdf,7,current
Rahim Yar Khan,R.Y. Khan,Cotton,2016-17,Kharif,0.780868,7.9,maund/acre,2016-17(1).pdf,7,current
Rajanpur,Rajan Pur,Cotton,2016-17,Kharif,0.74133,7.5,maund/acre,2016-17(1).pdf,7,current
Sahiwal,Sahiwal,Cotton,2016-17,Kharif,0.800636,8.1,maund/acre,2016-17(1).pdf,7,current
Sargodha,Sargodha,Cotton,2016-17,Kharif,0.693885,7.02,maund/acre,2016-17(1).pdf,7,current
Sheikhupura,Sheikhupura,Cotton,2016-17,Kharif,1.106064,11.19,maund/acre,2016-17(1).pdf,7,current
Toba Tek Singh,T.T. Singh,Cotton,2016-17,Kharif,0.573295,5.8,maund/acre,2016-17(1).pdf,7,current
Vehari,Vehari,Cotton,2016-17,Kharif,2.121192,21.46,maund/acre,2016-17(1).pdf,7,current
Bahawalnagar,Bahawalnagar,Rice,2016-17,Kharif,2.16073,21.86,maund/acre,2016-17(1).pdf,12,current
Bahawalpur,Bahawalpur,Rice,2016-17,Kharif,1.988741,20.12,maund/acre,2016-17(1).pdf,12,current
Bhakkar,Bhakkar,Rice,2016-17,Kharif,1.880013,19.02,maund/acre,2016-17(1).pdf,12,current
Chiniot,Chiniot,Rice,2016-17,Kharif,1.993683,20.17,maund/acre,2016-17(1).pdf,12,current
Dera Ghazi Khan,D.G. Khan,Rice,2016-17,Kharif,2.639135,26.7,maund/acre,2016-17(1).pdf,12,current
Faisalabad,Faisalabad,Rice,2016-17,Kharif,2.007522,20.31,maund/acre,2016-17(1).pdf,12,current
Gujranwala,Gujranwala,Rice,2016-17,Kharif,2.298123,23.25,maund/acre,2016-17(1).pdf,12,current
Gujrat,Gujrat,Rice,2016-17,Kharif,1.538013,15.56,maund/acre,2016-17(1).pdf,12,current
Hafizabad,Hafizabad,Rice,2016-17,Kharif,2.271435,22.98,maund/acre,2016-17(1).pdf,12,current
Jhang,Jhang,Rice,2016-17,Kharif,2.045082,20.69,maund/acre,2016-17(1).pdf,12,current
Jhelum,Jehlum,Rice,2016-17,Kharif,1.845417,18.67,maund/acre,2016-17(1).pdf,12,current
Kasur,Kasur,Rice,2016-17,Kharif,2.131077,21.56,maund/acre,2016-17(1).pdf,12,current
Khanewal,Khanewal,Rice,2016-17,Kharif,2.131077,21.56,maund/acre,2016-17(1).pdf,12,current
Khushab,Khushab,Rice,2016-17,Kharif,2.067816,20.92,maund/acre,2016-17(1).pdf,12,current
Lahore,Lahore,Rice,2016-17,Kharif,1.907689,19.3,maund/acre,2016-17(1).pdf,12,current
Layyah,Layyah,Rice,2016-17,Kharif,1.846406,18.68,maund/acre,2016-17(1).pdf,12,current
Lodhran,Lodhran,Rice,2016-17,Kharif,1.802915,18.24,maund/acre,2016-17(1).pdf,12,current
Mandi Bahauddin,M.B.Din,Rice,2016-17,Kharif,1.970949,19.94,maund/acre,2016-17(1).pdf,12,current
Mianwali,Mianwali,Rice,2016-17,Kharif,1.809834,18.31,maund/acre,2016-17(1).pdf,12,current
Multan,Multan,Rice,2016-17,Kharif,2.21114,22.37,maund/acre,2016-17(1).pdf,12,current
Muzaffargarh,Muzzafargargh,Rice,2016-17,Kharif,2.024325,20.48,maund/acre,2016-17(1).pdf,12,current
Narowal,Narowal,Rice,2016-17,Kharif,1.771284,17.92,maund/acre,2016-17(1).pdf,12,current
Okara,Okara,Rice,2016-17,Kharif,2.65495,26.86,maund/acre,2016-17(1).pdf,12,current
Pakpattan,Pakpattan,Rice,2016-17,Kharif,2.338649,23.66,maund/acre,2016-17(1).pdf,12,current
Rahim Yar Khan,R.Y. Khan,Rice,2016-17,Kharif,1.963042,19.86,maund/acre,2016-17(1).pdf,12,current
Rajanpur,Rajan Pur,Rice,2016-17,Kharif,2.072759,20.97,maund/acre,2016-17(1).pdf,12,current
Sahiwal,Sahiwal,Rice,2016-17,Kharif,2.24277,22.69,maund/acre,2016-17(1).pdf,12,current
Sargodha,Sargodha,Rice,2016-17,Kharif,1.741631,17.62,maund/acre,2016-17(1).pdf,12,current
Sheikhupura,Sheikhupura,Rice,2016-17,Kharif,1.983799,20.07,maund/acre,2016-17(1).pdf,12,current
Sialkot,Sialkot,Rice,2016-17,Kharif,1.967984,19.91,maund/acre,2016-17(1).pdf,12,current
Toba Tek Singh,T.T. Singh,Rice,2016-17,Kharif,2.492846,25.22,maund/acre,2016-17(1).pdf,12,current
Vehari,Vehari,Rice,2016-17,Kharif,2.00851,20.32,maund/acre,2016-17(1).pdf,12,current
Bahawalnagar,Bahawalnagar,Sugarcane,2016-17,Kharif,62.074032,628.0,maund/acre,2016-17(1).pdf,18,current
Bahawalpur,Bahawalpur,Sugarcane,2016-17,Kharif,73.14456,740.0,maund/acre,2016-17(1).pdf,18,current
Bhakkar,Bhakkar,Sugarcane,2016-17,Kharif,70.376928,712.0,maund/acre,2016-17(1).pdf,18,current
Chiniot,Chiniot,Sugarcane,2016-17,Kharif,59.80062,605.0,maund/acre,2016-17(1).pdf,18,current
Dera Ghazi Khan,D.G.Khan,Sugarcane,2016-17,Kharif,69.783864,706.0,maund/acre,2016-17(1).pdf,18,current
Faisalabad,Faisalabad,Sugarcane,2016-17,Kharif,61.480968,622.0,maund/acre,2016-17(1).pdf,18,current
Gujranwala,Gujranwala,Sugarcane,2016-17,Kharif,41.415636,419.0,maund/acre,2016-17(1).pdf,18,current
Gujrat,Gujrat,Sugarcane,2016-17,Kharif,52.88154,535.0,maund/acre,2016-17(1).pdf,18,current
Hafizabad,Hafizabad,Sugarcane,2016-17,Kharif,50.608128,512.0,maund/acre,2016-17(1).pdf,18,current
Jhang,Jhang,Sugarcane,2016-17,Kharif,65.533572,663.0,maund/acre,2016-17(1).pdf,18,current
Jhelum,Jhelum,Sugarcane,2016-17,Kharif,37.56072,380.0,maund/acre,2016-17(1).pdf,18,current
Kasur,Kasur,Sugarcane,2016-17,Kharif,55.649172,563.0,maund/acre,2016-17(1).pdf,18,current
Khanewal,Khanewal,Sugarcane,2016-17,Kharif,71.266524,721.0,maund/acre,2016-17(1).pdf,18,current
Khushab,Khushab,Sugarcane,2016-17,Kharif,52.980384,536.0,maund/acre,2016-17(1).pdf,18,current
Lahore,Lahore,Sugarcane,2016-17,Kharif,54.463044,551.0,maund/acre,2016-17(1).pdf,18,current
Layyah,Layyah,Sugarcane,2016-17,Kharif,63.952068,647.0,maund/acre,2016-17(1).pdf,18,current
Lodhran,Lodhran,Sugarcane,2016-17,Kharif,69.586176,704.0,maund/acre,2016-17(1).pdf,18,current
Mandi Bahauddin,M.B.Din,Sugarcane,2016-17,Kharif,52.38732,530.0,maund/acre,2016-17(1).pdf,18,current
Mianwali,Mianwali,Sugarcane,2016-17,Kharif,54.660732,553.0,maund/acre,2016-17(1).pdf,18,current
Multan,Multan,Sugarcane,2016-17,Kharif,58.021428,587.0,maund/acre,2016-17(1).pdf,18,current
Muzaffargarh,Muzaffargarh,Sugarcane,2016-17,Kharif,71.6619,725.0,maund/acre,2016-17(1).pdf,18,current
Nankana Sahib,Nankana sahib,Sugarcane,2016-17,Kharif,60.097152,608.0,maund/acre,2016-17(1).pdf,18,current
Narowal,Narowal,Sugarcane,2016-17,Kharif,35.58384,360.0,maund/acre,2016-17(1).pdf,18,current
Okara,Okara,Sugarcane,2016-17,Kharif,56.538768,572.0,maund/acre,2016-17(1).pdf,18,current
Pakpattan,Pakpattan,Sugarcane,2016-17,Kharif,58.021428,587.0,maund/acre,2016-17(1).pdf,18,current
Rajanpur,Rajanpur,Sugarcane,2016-17,Kharif,100.030128,1012.0,maund/acre,2016-17(1).pdf,18,current
Sahiwal,Sahiwal,Sugarcane,2016-17,Kharif,56.637612,573.0,maund/acre,2016-17(1).pdf,18,current
Sargodha,Sargodha,Sugarcane,2016-17,Kharif,57.527208,582.0,maund/acre,2016-17(1).pdf,18,current
Sheikhupura,Sheikhupura,Sugarcane,2016-17,Kharif,54.660732,553.0,maund/acre,2016-17(1).pdf,18,current
Sialkot,Sialkot,Sugarcane,2016-17,Kharif,34.397712,348.0,maund/acre,2016-17(1).pdf,18,current
Toba Tek Singh,T.T.Singh,Sugarcane,2016-17,Kharif,66.818544,676.0,maund/acre,2016-17(1).pdf,18,current
Vehari,Vehari,Sugarcane,2016-17,Kharif,64.545132,653.0,maund/acre,2016-17(1).pdf,18,current
Attock,Attock,Wheat,2016-17,Rabi,1.355,1355.0,kg/ha,2016-17(1).pdf,109,current
Bahawalnagar,Bahawalnagar,Wheat,2016-17,Rabi,3.269,3269.0,kg/ha,2016-17(1).pdf,109,current
Bahawalpur,Bahawalpur,Wheat,2016-17,Rabi,3.402,3402.0,kg/ha,2016-17(1).pdf,109,current
Bhakkar,Bhakkar,Wheat,2016-17,Rabi,3.07,3070.0,kg/ha,2016-17(1).pdf,109,current
Chakwal,Chakwal,Wheat,2016-17,Rabi,1.242,1242.0,kg/ha,2016-17(1).pdf,109,current
Chiniot,Chiniot,Wheat,2016-17,Rabi,3.062,3062.0,kg/ha,2016-17(1).pdf,109,current
Dera Ghazi Khan,D.G. Khan,Wheat,2016-17,Rabi,3.216,3216.0,kg/ha,2016-17(1).pdf,109,current
Faisalabad,Faisalabad,Wheat,2016-17,Rabi,3.278,3278.0,kg/ha,2016-17(1).pdf,109,current
Gujranwala,Gujranwala,Wheat,2016-17,Rabi,3.001,3001.0,kg/ha,2016-17(1).pdf,109,current
Gujrat,Gujrat,Wheat,2016-17,Rabi,1.848,1848.0,kg/ha,2016-17(1).pdf,109,current
Hafizabad,Hafizabad,Wheat,2016-17,Rabi,3.39,3390.0,kg/ha,2016-17(1).pdf,109,current
Islamabad,Islamabad,Wheat,2016-17,Rabi,1.153,1153.0,kg/ha,2016-17(1).pdf,109,current
Jhang,Jhang,Wheat,2016-17,Rabi,3.179,3179.0,kg/ha,2016-17(1).pdf,109,current
Jhelum,Jhelum,Wheat,2016-17,Rabi,1.787,1787.0,kg/ha,2016-17(1).pdf,109,current
Kasur,Kasur,Wheat,2016-17,Rabi,3.204,3204.0,kg/ha,2016-17(1).pdf,109,current
Khanewal,Khanewal,Wheat,2016-17,Rabi,3.762,3762.0,kg/ha,2016-17(1).pdf,109,current
Khushab,Khushab,Wheat,2016-17,Rabi,2.143,2143.0,kg/ha,2016-17(1).pdf,109,current
Lahore,Lahore,Wheat,2016-17,Rabi,3.152,3152.0,kg/ha,2016-17(1).pdf,109,current
Layyah,Layyah,Wheat,2016-17,Rabi,3.041,3041.0,kg/ha,2016-17(1).pdf,109,current
Lodhran,Lodhran,Wheat,2016-17,Rabi,3.883,3883.0,kg/ha,2016-17(1).pdf,109,current
Mandi Bahauddin,M.B. Din,Wheat,2016-17,Rabi,3.128,3128.0,kg/ha,2016-17(1).pdf,109,current
Mianwali,Mianwali,Wheat,2016-17,Rabi,2.92,2920.0,kg/ha,2016-17(1).pdf,109,current
Multan,Multan,Wheat,2016-17,Rabi,3.243,3243.0,kg/ha,2016-17(1).pdf,109,current
Muzaffargarh,Muzaffargarh,Wheat,2016-17,Rabi,3.18,3180.0,kg/ha,2016-17(1).pdf,109,current
Nankana Sahib,Nankana Sahib,Wheat,2016-17,Rabi,3.468,3468.0,kg/ha,2016-17(1).pdf,109,current
Narowal,Narowal,Wheat,2016-17,Rabi,2.448,2448.0,kg/ha,2016-17(1).pdf,109,current
Okara,Okara,Wheat,2016-17,Rabi,3.422,3422.0,kg/ha,2016-17(1).pdf,109,current
Pakpattan,Pakpattan,Wheat,2016-17,Rabi,3.536,3536.0,kg/ha,2016-17(1).pdf,109,current
Rahim Yar Khan,Rahim Yar Khan,Wheat,2016-17,Rabi,3.415,3415.0,kg/ha,2016-17(1).pdf,109,current
Rajanpur,Rajan Pur,Wheat,2016-17,Rabi,3.396,3396.0,kg/ha,2016-17(1).pdf,109,current
Rawalpindi,Rawalpindi,Wheat,2016-17,Rabi,1.231,1231.0,kg/ha,2016-17(1).pdf,109,current
Sahiwal,Sahiwal,Wheat,2016-17,Rabi,3.542,3542.0,kg/ha,2016-17(1).pdf,109,current
Sargodha,Sargodha,Wheat,2016-17,Rabi,2.79,2790.0,kg/ha,2016-17(1).pdf,109,current
Sheikhupura,Sheikhupura,Wheat,2016-17,Rabi,3.173,3173.0,kg/ha,2016-17(1).pdf,109,current
Sialkot,Sialkot,Wheat,2016-17,Rabi,2.563,2563.0,kg/ha,2016-17(1).pdf,109,current
Toba Tek Singh,T.T. Singh,Wheat,2016-17,Rabi,3.52,3520.0,kg/ha,2016-17(1).pdf,109,current
Vehari,Vehari,Wheat,2016-17,Rabi,3.366,3366.0,kg/ha,2016-17(1).pdf,109,current
Attock,Attock,Bajra,2017-18,Kharif,0.412179,4.17,maund/acre,2017-18-19.pdf,47,previous_year
Bahawalnagar,Bahawalnagar,Bajra,2017-18,Kharif,1.14066,11.54,maund/acre,2017-18-19.pdf,47,previous_year
Bahawalpur,Bahawalpur,Bajra,2017-18,Kharif,0.986463,9.98,maund/acre,2017-18-19.pdf,47,previous_year
Bhakkar,Bhakkar,Bajra,2017-18,Kharif,1.67244,16.92,maund/acre,2017-18-19.pdf,47,previous_year
Chakwal,Chakwal,Bajra,2017-18,Kharif,0.371653,3.76,maund/acre,2017-18-19.pdf,47,previous_year
Chiniot,Chiniot,Bajra,2017-18,Kharif,1.165371,11.79,maund/acre,2017-18-19.pdf,47,previous_year
Dera Ghazi Khan,D.G. Khan,Bajra,2017-18,Kharif,0.420087,4.25,maund/acre,2017-18-19.pdf,47,previous_year
Faisalabad,Faisalabad,Bajra,2017-18,Kharif,1.116937,11.3,maund/acre,2017-18-19.pdf,47,previous_year
Gujranwala,Gujranwala,Bajra,2017-18,Kharif,0.554515,5.61,maund/acre,2017-18-19.pdf,47,previous_year
Gujrat,Gujrat,Bajra,2017-18,Kharif,0.414156,4.19,maund/acre,2017-18-19.pdf,47,previous_year
Hafizabad,Hafizabad,Bajra,2017-18,Kharif,0.721561,7.3,maund/acre,2017-18-19.pdf,47,previous_year
Islamabad,Islamabad *,Bajra,2017-18,Kharif,0.308393,3.12,maund/acre,2017-18-19.pdf,47,previous_year
Jhang,Jhang,Bajra,2017-18,Kharif,0.890584,9.01,maund/acre,2017-18-19.pdf,47,previous_year
Jhelum,Jhelum,Bajra,2017-18,Kharif,0.374619,3.79,maund/acre,2017-18-19.pdf,47,previous_year
Kasur,Kasur,Bajra,2017-18,Kharif,0.98844,10.0,maund/acre,2017-18-19.pdf,47,previous_year
Khanewal,Khanewal,Bajra,2017-18,Kharif,1.290903,13.06,maund/acre,2017-18-19.pdf,47,previous_year
Khushab,Khushab,Bajra,2017-18,Kharif,0.816451,8.26,maund/acre,2017-18-19.pdf,47,previous_year
Layyah,Layyah,Bajra,2017-18,Kharif,0.840174,8.5,maund/acre,2017-18-19.pdf,47,previous_year
Lodhran,Lodhran,Bajra,2017-18,Kharif,1.19107,12.05,maund/acre,2017-18-19.pdf,47,previous_year
Mandi Bahauddin,M.B.Din,Bajra,2017-18,Kharif,0.86785,8.78,maund/acre,2017-18-19.pdf,47,previous_year
Mianwali,Mianwali,Bajra,2017-18,Kharif,0.598995,6.06,maund/acre,2017-18-19.pdf,47,previous_year
Multan,Multan,Bajra,2017-18,Kharif,0.467532,4.73,maund/acre,2017-18-19.pdf,47,previous_year
Muzaffargarh,Muzaffargarh,Bajra,2017-18,Kharif,0.848082,8.58,maund/acre,2017-18-19.pdf,47,previous_year
Nankana Sahib,Nankana Sahib,Bajra,2017-18,Kharif,0.858954,8.69,maund/acre,2017-18-19.pdf,47,previous_year
Narowal,Narowal,Bajra,2017-18,Kharif,0.862908,8.73,maund/acre,2017-18-19.pdf,47,previous_year
Okara,Okara,Bajra,2017-18,Kharif,0.863897,8.74,maund/acre,2017-18-19.pdf,47,previous_year
Pakpattan,Pakpattan,Bajra,2017-18,Kharif,0.796683,8.06,maund/acre,2017-18-19.pdf,47,previous_year
Rahim Yar Khan,R.Y. Khan,Bajra,2017-18,Kharif,1.046758,10.59,maund/acre,2017-18-19.pdf,47,previous_year
Rajanpur,Rajan Pur,Bajra,2017-18,Kharif,0.467532,4.73,maund/acre,2017-18-19.pdf,47,previous_year
Rawalpindi,Rawalpindi,Bajra,2017-18,Kharif,0.329151,3.33,maund/acre,2017-18-19.pdf,47,previous_year
Sahiwal,Sahiwal,Bajra,2017-18,Kharif,1.107053,11.2,maund/acre,2017-18-19.pdf,47,previous_year
Sargodha,Sargodha,Bajra,2017-18,Kharif,0.533758,5.4,maund/acre,2017-18-19.pdf,47,previous_year
Sheikhupura,Sheikhupura,Bajra,2017-18,Kharif,0.860931,8.71,maund/acre,2017-18-19.pdf,47,previous_year
Sialkot,Sialkot,Bajra,2017-18,Kharif,0.509047,5.15,maund/acre,2017-18-19.pdf,47,previous_year
Toba Tek Singh,T.T.Singh,Bajra,2017-18,Kharif,2.161718,21.87,maund/acre,2017-18-19.pdf,47,previous_year
Vehari,Vehari,Bajra,2017-18,Kharif,1.135718,11.49,maund/acre,2017-18-19.pdf,47,previous_year
Attock,Attock,Gram,2017-18,Rabi,0.797671,8.07,maund/acre,2017-18-19.pdf,27,previous_year
Bahawalnagar,Bahawalnagar,Gram,2017-18,Rabi,0.960764,9.72,maund/acre,2017-18-19.pdf,27,previous_year
Bahawalpur,Bahawalpur,Gram,2017-18,Rabi,0.838197,8.48,maund/acre,2017-18-19.pdf,27,previous_year
Bhakkar,Bhakkar,Gram,2017-18,Rabi,0.254029,2.57,maund/acre,2017-18-19.pdf,27,previous_year
Chakwal,Chakwal,Gram,2017-18,Rabi,0.63359,6.41,maund/acre,2017-18-19.pdf,27,previous_year
Chiniot,Chiniot,Gram,2017-18,Rabi,0.50707,5.13,maund/acre,2017-18-19.pdf,27,previous_year
Dera Ghazi Khan,D.G. Khan,Gram,2017-18,Rabi,0.676093,6.84,maund/acre,2017-18-19.pdf,27,previous_year
Faisalabad,Faisalabad,Gram,2017-18,Rabi,1.144614,11.58,maund/acre,2017-18-19.pdf,27,previous_year
Gujranwala,Gujranwala,Gram,2017-18,Rabi,0.356827,3.61,maund/acre,2017-18-19.pdf,27,previous_year
Gujrat,Gujrat,Gram,2017-18,Rabi,0.415145,4.2,maund/acre,2017-18-19.pdf,27,previous_year
Hafizabad,Hafizabad,Gram,2017-18,Rabi,0.564399,5.71,maund/acre,2017-18-19.pdf,27,previous_year
Jhang,Jhang,Gram,2017-18,Rabi,0.258971,2.62,maund/acre,2017-18-19.pdf,27,previous_year
Jhelum,Jhelum,Gram,2017-18,Rabi,0.72848,7.37,maund/acre,2017-18-19.pdf,27,previous_year
Kasur,Kasur,Gram,2017-18,Rabi,1.011174,10.23,maund/acre,2017-18-19.pdf,27,previous_year
Khanewal,Khanewal,Gram,2017-18,Rabi,1.334394,13.5,maund/acre,2017-18-19.pdf,27,previous_year
Khushab,Khushab,Gram,2017-18,Rabi,0.255018,2.58,maund/acre,2017-18-19.pdf,27,previous_year
Layyah,Layyah,Gram,2017-18,Rabi,0.539688,5.46,maund/acre,2017-18-19.pdf,27,previous_year
Lodhran,Lodhran -- -- --,Gram,2017-18,Rabi,0.802613,8.12,maund/acre,2017-18-19.pdf,27,previous_year
Mandi Bahauddin,M.B.Din,Gram,2017-18,Rabi,0.522885,5.29,maund/acre,2017-18-19.pdf,27,previous_year
Mianwali,Mianwali,Gram,2017-18,Rabi,0.452706,4.58,maund/acre,2017-18-19.pdf,27,previous_year
Muzaffargarh,Muzaffargarh,Gram,2017-18,Rabi,0.558469,5.65,maund/acre,2017-18-19.pdf,27,previous_year
Nankana Sahib,Nankana Sahib,Gram,2017-18,Rabi,1.383816,14.0,maund/acre,2017-18-19.pdf,27,previous_year
Narowal,Narowal --,Gram,2017-18,Rabi,0.395376,4.0,maund/acre,2017-18-19.pdf,27,previous_year
Okara,Okara,Gram,2017-18,Rabi,1.145602,11.59,maund/acre,2017-18-19.pdf,27,previous_year
Pakpattan,Pakpattan,Gram,2017-18,Rabi,1.572608,15.91,maund/acre,2017-18-19.pdf,27,previous_year
Rahim Yar Khan,R.Y. Khan,Gram,2017-18,Rabi,0.838197,8.48,maund/acre,2017-18-19.pdf,27,previous_year
Rajanpur,Rajan Pur,Gram,2017-18,Rabi,0.518931,5.25,maund/acre,2017-18-19.pdf,27,previous_year
Rawalpindi,Rawalpindi,Gram,2017-18,Rabi,0.43689,4.42,maund/acre,2017-18-19.pdf,27,previous_year
Sahiwal,Sahiwal,Gram,2017-18,Rabi,1.284972,13.0,maund/acre,2017-18-19.pdf,27,previous_year
Sargodha,Sargodha,Gram,2017-18,Rabi,0.584168,5.91,maund/acre,2017-18-19.pdf,27,previous_year
Sheikhupura,Sheikhupura,Gram,2017-18,Rabi,0.737376,7.46,maund/acre,2017-18-19.pdf,27,previous_year
Sialkot,Sialkot * -- *,Gram,2017-18,Rabi,0.333104,3.37,maund/acre,2017-18-19.pdf,27,previous_year
Toba Tek Singh,T.T.Singh,Gram,2017-18,Rabi,1.228631,12.43,maund/acre,2017-18-19.pdf,27,previous_year
Vehari,Vehari,Gram,2017-18,Rabi,1.801926,18.23,maund/acre,2017-18-19.pdf,27,previous_year
Attock,Attock,Jowar,2017-18,Kharif,0.439856,4.45,maund/acre,2017-18-19.pdf,87,previous_year
Bahawalnagar,Bahawalnagar,Jowar,2017-18,Kharif,0.857966,8.68,maund/acre,2017-18-19.pdf,87,previous_year
Bahawalpur,Bahawalpur,Jowar,2017-18,Kharif,0.732434,7.41,maund/acre,2017-18-19.pdf,87,previous_year
Bhakkar,Bhakkar,Jowar,2017-18,Kharif,0.360781,3.65,maund/acre,2017-18-19.pdf,87,previous_year
Chakwal,Chakwal,Jowar,2017-18,Kharif,0.398341,4.03,maund/acre,2017-18-19.pdf,87,previous_year
Chiniot,Chiniot,Jowar,2017-18,Kharif,0.991405,10.03,maund/acre,2017-18-19.pdf,87,previous_year
Dera Ghazi Khan,D.G. Khan,Jowar,2017-18,Kharif,0.684989,6.93,maund/acre,2017-18-19.pdf,87,previous_year
Faisalabad,Faisalabad,Jowar,2017-18,Kharif,1.433238,14.5,maund/acre,2017-18-19.pdf,87,previous_year
Gujranwala,Gujranwala,Jowar,2017-18,Kharif,0.504104,5.1,maund/acre,2017-18-19.pdf,87,previous_year
Gujrat,Gujrat,Jowar,2017-18,Kharif,0.782844,7.92,maund/acre,2017-18-19.pdf,87,previous_year
Hafizabad,Hafizabad,Jowar,2017-18,Kharif,0.568353,5.75,maund/acre,2017-18-19.pdf,87,previous_year
Islamabad,Islamabad *,Jowar,2017-18,Kharif,0.314324,3.18,maund/acre,2017-18-19.pdf,87,previous_year
Jhang,Jhang,Jowar,2017-18,Kharif,0.98844,10.0,maund/acre,2017-18-19.pdf,87,previous_year
Jhelum,Jhelum,Jowar,2017-18,Kharif,0.572307,5.79,maund/acre,2017-18-19.pdf,87,previous_year
Kasur,Kasur,Jowar,2017-18,Kharif,0.49422,5.0,maund/acre,2017-18-19.pdf,87,previous_year
Khanewal,Khanewal,Jowar,2017-18,Kharif,1.210839,12.25,maund/acre,2017-18-19.pdf,87,previous_year
Khushab,Khushab,Jowar,2017-18,Kharif,0.518931,5.25,maund/acre,2017-18-19.pdf,87,previous_year
Lahore,Lahore,Jowar,2017-18,Kharif,0.840174,8.5,maund/acre,2017-18-19.pdf,87,previous_year
Layyah,Layyah,Jowar,2017-18,Kharif,0.789764,7.99,maund/acre,2017-18-19.pdf,87,previous_year
Lodhran,Lodhran,Jowar,2017-18,Kharif,1.104087,11.17,maund/acre,2017-18-19.pdf,87,previous_year
Mandi Bahauddin,M.B.Din,Jowar,2017-18,Kharif,0.60196,6.09,maund/acre,2017-18-19.pdf,87,previous_year
Mianwali,Mianwali,Jowar,2017-18,Kharif,0.24711,2.5,maund/acre,2017-18-19.pdf,87,previous_year
Multan,Multan,Jowar,2017-18,Kharif,0.651382,6.59,maund/acre,2017-18-19.pdf,87,previous_year
Muzaffargarh,Muzaffargarh,Jowar,2017-18,Kharif,0.729469,7.38,maund/acre,2017-18-19.pdf,87,previous_year
Nankana Sahib,Nankana Sahib,Jowar,2017-18,Kharif,0.840174,8.5,maund/acre,2017-18-19.pdf,87,previous_year
Narowal,Narowal,Jowar,2017-18,Kharif,0.588122,5.95,maund/acre,2017-18-19.pdf,87,previous_year
Okara,Okara,Jowar,2017-18,Kharif,1.478706,14.96,maund/acre,2017-18-19.pdf,87,previous_year
Pakpattan,Pakpattan,Jowar,2017-18,Kharif,1.579527,15.98,maund/acre,2017-18-19.pdf,87,previous_year
Rahim Yar Khan,R.Y. Khan,Jowar,2017-18,Kharif,0.944949,9.56,maund/acre,2017-18-19.pdf,87,previous_year
Rajanpur,Rajan Pur,Jowar,2017-18,Kharif,0.353862,3.58,maund/acre,2017-18-19.pdf,87,previous_year
Rawalpindi,Rawalpindi,Jowar,2017-18,Kharif,0.31037,3.14,maund/acre,2017-18-19.pdf,87,previous_year
Sahiwal,Sahiwal,Jowar,2017-18,Kharif,1.505394,15.23,maund/acre,2017-18-19.pdf,87,previous_year
Sargodha,Sargodha,Jowar,2017-18,Kharif,0.543642,5.5,maund/acre,2017-18-19.pdf,87,previous_year
Sheikhupura,Sheikhupura,Jowar,2017-18,Kharif,0.840174,8.5,maund/acre,2017-18-19.pdf,87,previous_year
Sialkot,Sialkot,Jowar,2017-18,Kharif,0.588122,5.95,maund/acre,2017-18-19.pdf,87,previous_year
Toba Tek Singh,T.T.Singh,Jowar,2017-18,Kharif,2.62925,26.6,maund/acre,2017-18-19.pdf,87,previous_year
Vehari,Vehari,Jowar,2017-18,Kharif,1.310671,13.26,maund/acre,2017-18-19.pdf,87,previous_year
Attock,Attock,Kharif Fodder,2017-18,Kharif,12.553188,127.0,maund/acre,2017-18-19.pdf,92,previous_year
Bahawalnagar,Bahawalnagar,Kharif Fodder,2017-18,Kharif,63.062472,638.0,maund/acre,2017-18-19.pdf,92,previous_year
Bahawalpur,Bahawalpur,Kharif Fodder,2017-18,Kharif,15.617352,158.0,maund/acre,2017-18-19.pdf,92,previous_year
Bhakkar,Bhakkar,Kharif Fodder,2017-18,Kharif,10.675152,108.0,maund/acre,2017-18-19.pdf,92,previous_year
Chakwal,Chakwal,Kharif Fodder,2017-18,Kharif,7.215612,73.0,maund/acre,2017-18-19.pdf,92,previous_year
Chiniot,Chiniot,Kharif Fodder,2017-18,Kharif,14.530068,147.0,maund/acre,2017-18-19.pdf,92,previous_year
Dera Ghazi Khan,D.G. Khan,Kharif Fodder,2017-18,Kharif,12.553188,127.0,maund/acre,2017-18-19.pdf,92,previous_year
Faisalabad,Faisalabad,Kharif Fodder,2017-18,Kharif,15.024288,152.0,maund/acre,2017-18-19.pdf,92,previous_year
Gujranwala,Gujranwala *,Kharif Fodder,2017-18,Kharif,10.477464,106.0,maund/acre,2017-18-19.pdf,92,previous_year
Gujrat,Gujrat --,Kharif Fodder,2017-18,Kharif,14.8266,150.0,maund/acre,2017-18-19.pdf,92,previous_year
Hafizabad,Hafizabad,Kharif Fodder,2017-18,Kharif,9.587868,97.0,maund/acre,2017-18-19.pdf,92,previous_year
Islamabad,Islamabad --,Kharif Fodder,2017-18,Kharif,8.105208,82.0,maund/acre,2017-18-19.pdf,92,previous_year
Jhang,Jhang,Kharif Fodder,2017-18,Kharif,14.925444,151.0,maund/acre,2017-18-19.pdf,92,previous_year
Jhelum,Jhelum,Kharif Fodder,2017-18,Kharif,9.192492,93.0,maund/acre,2017-18-19.pdf,92,previous_year
Kasur,Kasur,Kharif Fodder,2017-18,Kharif,13.739316,139.0,maund/acre,2017-18-19.pdf,92,previous_year
Khanewal,Khanewal,Kharif Fodder,2017-18,Kharif,15.617352,158.0,maund/acre,2017-18-19.pdf,92,previous_year
Khushab,Khushab,Kharif Fodder,2017-18,Kharif,10.773996,109.0,maund/acre,2017-18-19.pdf,92,previous_year
Lahore,Lahore,Kharif Fodder,2017-18,Kharif,15.617352,158.0,maund/acre,2017-18-19.pdf,92,previous_year
Layyah,Layyah,Kharif Fodder,2017-18,Kharif,12.553188,127.0,maund/acre,2017-18-19.pdf,92,previous_year
Lodhran,Lodhran,Kharif Fodder,2017-18,Kharif,16.012728,162.0,maund/acre,2017-18-19.pdf,92,previous_year
Mandi Bahauddin,M.B.Din,Kharif Fodder,2017-18,Kharif,17.890764,181.0,maund/acre,2017-18-19.pdf,92,previous_year
Mianwali,Mianwali,Kharif Fodder,2017-18,Kharif,6.523704,66.0,maund/acre,2017-18-19.pdf,92,previous_year
Multan,Multan,Kharif Fodder,2017-18,Kharif,16.012728,162.0,maund/acre,2017-18-19.pdf,92,previous_year
Muzaffargarh,Muzzafargargh,Kharif Fodder,2017-18,Kharif,13.739316,139.0,maund/acre,2017-18-19.pdf,92,previous_year
Nankana Sahib,Nankana Sahib,Kharif Fodder,2017-18,Kharif,13.047408,132.0,maund/acre,2017-18-19.pdf,92,previous_year
Narowal,Narowal --,Kharif Fodder,2017-18,Kharif,8.797116,89.0,maund/acre,2017-18-19.pdf,92,previous_year
Okara,Okara,Kharif Fodder,2017-18,Kharif,15.716196,159.0,maund/acre,2017-18-19.pdf,92,previous_year
Pakpattan,Pakpattan,Kharif Fodder,2017-18,Kharif,16.506948,167.0,maund/acre,2017-18-19.pdf,92,previous_year
Rajanpur,Rajan Pur,Kharif Fodder,2017-18,Kharif,10.773996,109.0,maund/acre,2017-18-19.pdf,92,previous_year
Rawalpindi,Rawalpindi,Kharif Fodder,2017-18,Kharif,8.105208,82.0,maund/acre,2017-18-19.pdf,92,previous_year
Sahiwal,Sahiwal,Kharif Fodder,2017-18,Kharif,15.617352,158.0,maund/acre,2017-18-19.pdf,92,previous_year
Sargodha,Sargodha,Kharif Fodder,2017-18,Kharif,15.419664,156.0,maund/acre,2017-18-19.pdf,92,previous_year
Sheikhupura,Sheikhupura,Kharif Fodder,2017-18,Kharif,13.640472,138.0,maund/acre,2017-18-19.pdf,92,previous_year
Sialkot,Sialkot *,Kharif Fodder,2017-18,Kharif,9.489024,96.0,maund/acre,2017-18-19.pdf,92,previous_year
Toba Tek Singh,T.T. Singh,Kharif Fodder,2017-18,Kharif,16.210416,164.0,maund/acre,2017-18-19.pdf,92,previous_year
Vehari,Vehari,Kharif Fodder,2017-18,Kharif,16.80348,170.0,maund/acre,2017-18-19.pdf,92,previous_year
Attock,Attock,Rabi Fodder,2017-18,Rabi,10.942031,110.7,maund/acre,2017-18-19.pdf,74,previous_year
Bahawalnagar,Bahawalnagar,Rabi Fodder,2017-18,Rabi,30.651524,310.1,maund/acre,2017-18-19.pdf,74,previous_year
Bahawalpur,Bahawalpur,Rabi Fodder,2017-18,Rabi,30.987594,313.5,maund/acre,2017-18-19.pdf,74,previous_year
Bhakkar,Bhakkar,Rabi Fodder,2017-18,Rabi,27.528054,278.5,maund/acre,2017-18-19.pdf,74,previous_year
Chakwal,Chakwal,Rabi Fodder,2017-18,Rabi,22.042212,223.0,maund/acre,2017-18-19.pdf,74,previous_year
Chiniot,Chiniot,Rabi Fodder,2017-18,Rabi,34.10118,345.0,maund/acre,2017-18-19.pdf,74,previous_year
Dera Ghazi Khan,D.G. Khan,Rabi Fodder,2017-18,Rabi,33.429041,338.2,maund/acre,2017-18-19.pdf,74,previous_year
Faisalabad,Faisalabad,Rabi Fodder,2017-18,Rabi,35.534418,359.5,maund/acre,2017-18-19.pdf,74,previous_year
Gujranwala,Gujranwala,Rabi Fodder,2017-18,Rabi,30.117767,304.7,maund/acre,2017-18-19.pdf,74,previous_year
Gujrat,Gujrat,Rabi Fodder,2017-18,Rabi,26.707649,270.2,maund/acre,2017-18-19.pdf,74,previous_year
Hafizabad,Hafizabad,Rabi Fodder,2017-18,Rabi,30.532912,308.9,maund/acre,2017-18-19.pdf,74,previous_year
Islamabad,Islamabad * --,Rabi Fodder,2017-18,Rabi,24.21678,245.0,maund/acre,2017-18-19.pdf,74,previous_year
Jhang,Jhang,Rabi Fodder,2017-18,Rabi,34.872163,352.8,maund/acre,2017-18-19.pdf,74,previous_year
Jhelum,Jhelum,Rabi Fodder,2017-18,Rabi,26.134354,264.4,maund/acre,2017-18-19.pdf,74,previous_year
Kasur,Kasur,Rabi Fodder,2017-18,Rabi,32.163838,325.4,maund/acre,2017-18-19.pdf,74,previous_year
Khanewal,Khanewal,Rabi Fodder,2017-18,Rabi,36.07806,365.0,maund/acre,2017-18-19.pdf,74,previous_year
Khushab,Khushab,Rabi Fodder,2017-18,Rabi,34.071527,344.7,maund/acre,2017-18-19.pdf,74,previous_year
Lahore,Lahore,Rabi Fodder,2017-18,Rabi,31.195166,315.6,maund/acre,2017-18-19.pdf,74,previous_year
Layyah,Layyah,Rabi Fodder,2017-18,Rabi,27.626898,279.5,maund/acre,2017-18-19.pdf,74,previous_year
Lodhran,Lodhran,Rabi Fodder,2017-18,Rabi,36.57228,370.0,maund/acre,2017-18-19.pdf,74,previous_year
Mandi Bahauddin,M.B.Din,Rabi Fodder,2017-18,Rabi,26.421001,267.3,maund/acre,2017-18-19.pdf,74,previous_year
Mianwali,Mianwali,Rabi Fodder,2017-18,Rabi,19.403077,196.3,maund/acre,2017-18-19.pdf,74,previous_year
Multan,Multan,Rabi Fodder,2017-18,Rabi,37.115922,375.5,maund/acre,2017-18-19.pdf,74,previous_year
Muzaffargarh,Muzzafargargh,Rabi Fodder,2017-18,Rabi,13.630588,137.9,maund/acre,2017-18-19.pdf,74,previous_year
Nankana Sahib,Nankana Sahib,Rabi Fodder,2017-18,Rabi,32.875514,332.6,maund/acre,2017-18-19.pdf,74,previous_year
Narowal,Narowal,Rabi Fodder,2017-18,Rabi,31.679502,320.5,maund/acre,2017-18-19.pdf,74,previous_year
Okara,Okara,Rabi Fodder,2017-18,Rabi,37.620026,380.6,maund/acre,2017-18-19.pdf,74,previous_year
Pakpattan,Pakpattan,Rabi Fodder,2017-18,Rabi,37.234535,376.7,maund/acre,2017-18-19.pdf,74,previous_year
Rajanpur,Rajan Pur,Rabi Fodder,2017-18,Rabi,28.565916,289.0,maund/acre,2017-18-19.pdf,74,previous_year
Rawalpindi,Rawalpindi * *,Rabi Fodder,2017-18,Rabi,23.544641,238.2,maund/acre,2017-18-19.pdf,74,previous_year
Sahiwal,Sahiwal,Rabi Fodder,2017-18,Rabi,33.873839,342.7,maund/acre,2017-18-19.pdf,74,previous_year
Sargodha,Sargodha,Rabi Fodder,2017-18,Rabi,27.172216,274.9,maund/acre,2017-18-19.pdf,74,previous_year
Sheikhupura,Sheikhupura,Rabi Fodder,2017-18,Rabi,34.219793,346.2,maund/acre,2017-18-19.pdf,74,previous_year
Sialkot,Sialkot,Rabi Fodder,2017-18,Rabi,29.24794,295.9,maund/acre,2017-18-19.pdf,74,previous_year
Toba Tek Singh,T.T. Singh,Rabi Fodder,2017-18,Rabi,34.980892,353.9,maund/acre,2017-18-19.pdf,74,previous_year
Vehari,Vehari,Rabi Fodder,2017-18,Rabi,37.432223,378.7,maund/acre,2017-18-19.pdf,74,previous_year
Attock,Attock,Rapeseed & Mustard,2017-18,Rabi,0.446775,4.52,maund/acre,2017-18-19.pdf,70,previous_year
Bahawalnagar,Bahawalnagar,Rapeseed & Mustard,2017-18,Rabi,1.794019,18.15,maund/acre,2017-18-19.pdf,70,previous_year
Bahawalpur,Bahawalpur,Rapeseed & Mustard,2017-18,Rabi,1.790065,18.11,maund/acre,2017-18-19.pdf,70,previous_year
Bhakkar,Bhakkar,Rapeseed & Mustard,2017-18,Rabi,1.247411,12.62,maund/acre,2017-18-19.pdf,70,previous_year
Chakwal,Chakwal,Rapeseed & Mustard,2017-18,Rabi,1.10903,11.22,maund/acre,2017-18-19.pdf,70,previous_year
Chiniot,Chiniot,Rapeseed & Mustard,2017-18,Rabi,1.349221,13.65,maund/acre,2017-18-19.pdf,70,previous_year
Dera Ghazi Khan,D.G. Khan,Rapeseed & Mustard,2017-18,Rabi,0.715631,7.24,maund/acre,2017-18-19.pdf,70,previous_year
Faisalabad,Faisalabad,Rapeseed & Mustard,2017-18,Rabi,1.988741,20.12,maund/acre,2017-18-19.pdf,70,previous_year
Gujranwala,Gujranwala,Rapeseed & Mustard,2017-18,Rabi,1.334394,13.5,maund/acre,2017-18-19.pdf,70,previous_year
Gujrat,Gujrat,Rapeseed & Mustard,2017-18,Rabi,0.60196,6.09,maund/acre,2017-18-19.pdf,70,previous_year
Hafizabad,Hafizabad,Rapeseed & Mustard,2017-18,Rabi,0.662255,6.7,maund/acre,2017-18-19.pdf,70,previous_year
Islamabad,Islamabad *,Rapeseed & Mustard,2017-18,Rabi,0.518931,5.25,maund/acre,2017-18-19.pdf,70,previous_year
Jhang,Jhang,Rapeseed & Mustard,2017-18,Rabi,1.920539,19.43,maund/acre,2017-18-19.pdf,70,previous_year
Jhelum,Jhelum,Rapeseed & Mustard,2017-18,Rabi,0.724527,7.33,maund/acre,2017-18-19.pdf,70,previous_year
Kasur,Kasur,Rapeseed & Mustard,2017-18,Rabi,0.924191,9.35,maund/acre,2017-18-19.pdf,70,previous_year
Khanewal,Khanewal,Rapeseed & Mustard,2017-18,Rabi,1.863209,18.85,maund/acre,2017-18-19.pdf,70,previous_year
Khushab,Khushab,Rapeseed & Mustard,2017-18,Rabi,0.529804,5.36,maund/acre,2017-18-19.pdf,70,previous_year
Lahore,Lahore,Rapeseed & Mustard,2017-18,Rabi,1.250377,12.65,maund/acre,2017-18-19.pdf,70,previous_year
Layyah,Layyah,Rapeseed & Mustard,2017-18,Rabi,1.865186,18.87,maund/acre,2017-18-19.pdf,70,previous_year
Lodhran,Lodhran,Rapeseed & Mustard,2017-18,Rabi,1.518244,15.36,maund/acre,2017-18-19.pdf,70,previous_year
Mandi Bahauddin,M.B.Din,Rapeseed & Mustard,2017-18,Rabi,1.134729,11.48,maund/acre,2017-18-19.pdf,70,previous_year
Mianwali,Mianwali,Rapeseed & Mustard,2017-18,Rabi,1.228631,12.43,maund/acre,2017-18-19.pdf,70,previous_year
Multan,Multan,Rapeseed & Mustard,2017-18,Rabi,1.449053,14.66,maund/acre,2017-18-19.pdf,70,previous_year
Muzaffargarh,Muzaffargarh,Rapeseed & Mustard,2017-18,Rabi,1.302764,13.18,maund/acre,2017-18-19.pdf,70,previous_year
Nankana Sahib,Nankana Sahib,Rapeseed & Mustard,2017-18,Rabi,1.460914,14.78,maund/acre,2017-18-19.pdf,70,previous_year
Narowal,Narowal,Rapeseed & Mustard,2017-18,Rabi,1.642787,16.62,maund/acre,2017-18-19.pdf,70,previous_year
Okara,Okara,Rapeseed & Mustard,2017-18,Rabi,1.511325,15.29,maund/acre,2017-18-19.pdf,70,previous_year
Pakpattan,Pakpattan,Rapeseed & Mustard,2017-18,Rabi,1.710001,17.3,maund/acre,2017-18-19.pdf,70,previous_year
Rahim Yar Khan,R.Y. Khan,Rapeseed & Mustard,2017-18,Rabi,1.470799,14.88,maund/acre,2017-18-19.pdf,70,previous_year
Rajanpur,Rajan Pur,Rapeseed & Mustard,2017-18,Rabi,0.98844,10.0,maund/acre,2017-18-19.pdf,70,previous_year
Rawalpindi,Rawalpindi,Rapeseed & Mustard,2017-18,Rabi,0.467532,4.73,maund/acre,2017-18-19.pdf,70,previous_year
Sahiwal,Sahiwal,Rapeseed & Mustard,2017-18,Rabi,1.750527,17.71,maund/acre,2017-18-19.pdf,70,previous_year
Sargodha,Sargodha,Rapeseed & Mustard,2017-18,Rabi,0.746272,7.55,maund/acre,2017-18-19.pdf,70,previous_year
Sheikhupura,Sheikhupura,Rapeseed & Mustard,2017-18,Rabi,1.548885,15.67,maund/acre,2017-18-19.pdf,70,previous_year
Sialkot,Sialkot,Rapeseed & Mustard,2017-18,Rabi,0.814475,8.24,maund/acre,2017-18-19.pdf,70,previous_year
Toba Tek Singh,T.T.Singh,Rapeseed & Mustard,2017-18,Rabi,2.220036,22.46,maund/acre,2017-18-19.pdf,70,previous_year
Vehari,Vehari,Rapeseed & Mustard,2017-18,Rabi,1.816753,18.38,maund/acre,2017-18-19.pdf,70,previous_year
Bahawalnagar,Bahawalnagar,Rice,2017-18,Kharif,2.320857,23.48,maund/acre,2017-18-19.pdf,8,previous_year
Bahawalpur,Bahawalpur,Rice,2017-18,Kharif,2.066828,20.91,maund/acre,2017-18-19.pdf,8,previous_year
Bhakkar,Bhakkar,Rice,2017-18,Kharif,1.933389,19.56,maund/acre,2017-18-19.pdf,8,previous_year
Chiniot,Chiniot,Rice,2017-18,Kharif,2.09747,21.22,maund/acre,2017-18-19.pdf,8,previous_year
Dera Ghazi Khan,D.G. Khan,Rice,2017-18,Kharif,2.62925,26.6,maund/acre,2017-18-19.pdf,8,previous_year
Faisalabad,Faisalabad,Rice,2017-18,Kharif,2.057932,20.82,maund/acre,2017-18-19.pdf,8,previous_year
Gujranwala,Gujranwala,Rice,2017-18,Kharif,2.573898,26.04,maund/acre,2017-18-19.pdf,8,previous_year
Gujrat,Gujrat,Rice,2017-18,Kharif,1.826637,18.48,maund/acre,2017-18-19.pdf,8,previous_year
Hafizabad,Hafizabad,Rice,2017-18,Kharif,2.594655,26.25,maund/acre,2017-18-19.pdf,8,previous_year
Jhang,Jhang,Rice,2017-18,Kharif,2.194337,22.2,maund/acre,2017-18-19.pdf,8,previous_year
Jhelum,Jehlum,Rice,2017-18,Kharif,1.906701,19.29,maund/acre,2017-18-19.pdf,8,previous_year
Kasur,Kasur,Rice,2017-18,Kharif,2.14788,21.73,maund/acre,2017-18-19.pdf,8,previous_year
Khanewal,Khanewal,Rice,2017-18,Kharif,2.181487,22.07,maund/acre,2017-18-19.pdf,8,previous_year
Khushab,Khushab,Rice,2017-18,Kharif,1.935366,19.58,maund/acre,2017-18-19.pdf,8,previous_year
Lahore,Lahore,Rice,2017-18,Kharif,2.115262,21.4,maund/acre,2017-18-19.pdf,8,previous_year
Layyah,Layyah,Rice,2017-18,Kharif,1.927458,19.5,maund/acre,2017-18-19.pdf,8,previous_year
Lodhran,Lodhran,Rice,2017-18,Kharif,2.266493,22.93,maund/acre,2017-18-19.pdf,8,previous_year
Mandi Bahauddin,M.B.Din,Rice,2017-18,Kharif,2.22399,22.5,maund/acre,2017-18-19.pdf,8,previous_year
Mianwali,Mianwali,Rice,2017-18,Kharif,1.606215,16.25,maund/acre,2017-18-19.pdf,8,previous_year
Multan,Multan,Rice,2017-18,Kharif,2.31888,23.46,maund/acre,2017-18-19.pdf,8,previous_year
Muzaffargarh,Muzzafargargh,Rice,2017-18,Kharif,1.883967,19.06,maund/acre,2017-18-19.pdf,8,previous_year
Narowal,Narowal,Rice,2017-18,Kharif,1.984788,20.08,maund/acre,2017-18-19.pdf,8,previous_year
Okara,Okara,Rice,2017-18,Kharif,2.737979,27.7,maund/acre,2017-18-19.pdf,8,previous_year
Pakpattan,Pakpattan,Rice,2017-18,Kharif,2.342603,23.7,maund/acre,2017-18-19.pdf,8,previous_year
Rahim Yar Khan,R.Y. Khan,Rice,2017-18,Kharif,2.033221,20.57,maund/acre,2017-18-19.pdf,8,previous_year
Rajanpur,Rajan Pur,Rice,2017-18,Kharif,2.078689,21.03,maund/acre,2017-18-19.pdf,8,previous_year
Sahiwal,Sahiwal,Rice,2017-18,Kharif,2.244747,22.71,maund/acre,2017-18-19.pdf,8,previous_year
Sargodha,Sargodha,Rice,2017-18,Kharif,2.046071,20.7,maund/acre,2017-18-19.pdf,8,previous_year
Sheikhupura,Sheikhupura,Rice,2017-18,Kharif,1.994672,20.18,maund/acre,2017-18-19.pdf,8,previous_year
Sialkot,Sialkot,Rice,2017-18,Kharif,2.054967,20.79,maund/acre,2017-18-19.pdf,8,previous_year
Toba Tek Singh,T.T. Singh,Rice,2017-18,Kharif,2.512614,25.42,maund/acre,2017-18-19.pdf,8,previous_year
Vehari,Vehari,Rice,2017-18,Kharif,2.161718,21.87,maund/acre,2017-18-19.pdf,8,previous_year
Bahawalnagar,Bahawalnagar,Sugarcane,2017-18,Kharif,62.27172,630.0,maund/acre,2017-18-19.pdf,18,previous_year
Bahawalpur,Bahawalpur,Sugarcane,2017-18,Kharif,71.16768,720.0,maund/acre,2017-18-19.pdf,18,previous_year
Bhakkar,Bhakkar,Sugarcane,2017-18,Kharif,69.882708,707.0,maund/acre,2017-18-19.pdf,18,previous_year
Chiniot,Chiniot,Sugarcane,2017-18,Kharif,59.405244,601.0,maund/acre,2017-18-19.pdf,18,previous_year
Dera Ghazi Khan,D.G.Khan,Sugarcane,2017-18,Kharif,74.330688,752.0,maund/acre,2017-18-19.pdf,18,previous_year
Faisalabad,Faisalabad,Sugarcane,2017-18,Kharif,61.085592,618.0,maund/acre,2017-18-19.pdf,18,previous_year
Gujranwala,Gujranwala,Sugarcane,2017-18,Kharif,42.50292,430.0,maund/acre,2017-18-19.pdf,18,previous_year
Gujrat,Gujrat,Sugarcane,2017-18,Kharif,52.090788,527.0,maund/acre,2017-18-19.pdf,18,previous_year
Hafizabad,Hafizabad,Sugarcane,2017-18,Kharif,51.8931,525.0,maund/acre,2017-18-19.pdf,18,previous_year
Jhang,Jhang,Sugarcane,2017-18,Kharif,63.556692,643.0,maund/acre,2017-18-19.pdf,18,previous_year
Kasur,Kasur,Sugarcane,2017-18,Kharif,55.056108,557.0,maund/acre,2017-18-19.pdf,18,previous_year
Khanewal,Khanewal,Sugarcane,2017-18,Kharif,67.905828,687.0,maund/acre,2017-18-19.pdf,18,previous_year
Khushab,Khushab,Sugarcane,2017-18,Kharif,60.986748,617.0,maund/acre,2017-18-19.pdf,18,previous_year
Lahore,Lahore,Sugarcane,2017-18,Kharif,53.771136,544.0,maund/acre,2017-18-19.pdf,18,previous_year
Layyah,Layyah,Sugarcane,2017-18,Kharif,70.278084,711.0,maund/acre,2017-18-19.pdf,18,previous_year
Lodhran,Lodhran,Sugarcane,2017-18,Kharif,74.231844,751.0,maund/acre,2017-18-19.pdf,18,previous_year
Mandi Bahauddin,M.B.Din,Sugarcane,2017-18,Kharif,56.242236,569.0,maund/acre,2017-18-19.pdf,18,previous_year
Mianwali,Mianwali,Sugarcane,2017-18,Kharif,54.067668,547.0,maund/acre,2017-18-19.pdf,18,previous_year
Multan,Multan,Sugarcane,2017-18,Kharif,56.637612,573.0,maund/acre,2017-18-19.pdf,18,previous_year
Muzaffargarh,Muzaffargarh,Sugarcane,2017-18,Kharif,73.342248,742.0,maund/acre,2017-18-19.pdf,18,previous_year
Nankana Sahib,Nankana sahib,Sugarcane,2017-18,Kharif,60.29484,610.0,maund/acre,2017-18-19.pdf,18,previous_year
Narowal,Narowal,Sugarcane,2017-18,Kharif,34.200024,346.0,maund/acre,2017-18-19.pdf,18,previous_year
Okara,Okara,Sugarcane,2017-18,Kharif,53.474604,541.0,maund/acre,2017-18-19.pdf,18,previous_year
Pakpattan,Pakpattan,Sugarcane,2017-18,Kharif,57.82374,585.0,maund/acre,2017-18-19.pdf,18,previous_year
Rajanpur,Rajanpur,Sugarcane,2017-18,Kharif,87.97116,890.0,maund/acre,2017-18-19.pdf,18,previous_year
Sahiwal,Sahiwal,Sugarcane,2017-18,Kharif,57.922584,586.0,maund/acre,2017-18-19.pdf,18,previous_year
Sargodha,Sargodha,Sugarcane,2017-18,Kharif,61.28328,620.0,maund/acre,2017-18-19.pdf,18,previous_year
Sheikhupura,Sheikhupura,Sugarcane,2017-18,Kharif,63.556692,643.0,maund/acre,2017-18-19.pdf,18,previous_year
Sialkot,Sialkot,Sugarcane,2017-18,Kharif,37.56072,380.0,maund/acre,2017-18-19.pdf,18,previous_year
Toba Tek Singh,T.T.Singh,Sugarcane,2017-18,Kharif,66.818544,676.0,maund/acre,2017-18-19.pdf,18,previous_year
Vehari,Vehari,Sugarcane,2017-18,Kharif,61.579812,623.0,maund/acre,2017-18-19.pdf,18,previous_year
Attock,Attock,Wheat,2017-18,Rabi,1.579527,15.98,maund/acre,2017-18-19.pdf,3,previous_year
Bahawalnagar,Bahawalnagar,Wheat,2017-18,Rabi,3.289528,33.28,maund/acre,2017-18-19.pdf,3,previous_year
Bahawalpur,Bahawalpur,Wheat,2017-18,Rabi,3.452621,34.93,maund/acre,2017-18-19.pdf,3,previous_year
Bhakkar,Bhakkar,Wheat,2017-18,Rabi,2.497788,25.27,maund/acre,2017-18-19.pdf,3,previous_year
Chakwal,Chakwal,Wheat,2017-18,Rabi,1.192059,12.06,maund/acre,2017-18-19.pdf,3,previous_year
Chiniot,Chiniot,Wheat,2017-18,Rabi,3.189696,32.27,maund/acre,2017-18-19.pdf,3,previous_year
Dera Ghazi Khan,D.G. Khan,Wheat,2017-18,Rabi,3.251968,32.9,maund/acre,2017-18-19.pdf,3,previous_year
Faisalabad,Faisalabad,Wheat,2017-18,Rabi,3.435817,34.76,maund/acre,2017-18-19.pdf,3,previous_year
Gujranwala,Gujranwala,Wheat,2017-18,Rabi,3.388372,34.28,maund/acre,2017-18-19.pdf,3,previous_year
Gujrat,Gujrat,Wheat,2017-18,Rabi,2.16073,21.86,maund/acre,2017-18-19.pdf,3,previous_year
Hafizabad,Hafizabad,Wheat,2017-18,Rabi,3.724442,37.68,maund/acre,2017-18-19.pdf,3,previous_year
Islamabad,Islamabad,Wheat,2017-18,Rabi,1.592377,16.11,maund/acre,2017-18-19.pdf,3,previous_year
Jhang,Jhang,Wheat,2017-18,Rabi,3.379476,34.19,maund/acre,2017-18-19.pdf,3,previous_year
Jhelum,Jhelum,Wheat,2017-18,Rabi,1.632903,16.52,maund/acre,2017-18-19.pdf,3,previous_year
Kasur,Kasur,Wheat,2017-18,Rabi,3.389361,34.29,maund/acre,2017-18-19.pdf,3,previous_year
Khanewal,Khanewal,Wheat,2017-18,Rabi,3.720488,37.64,maund/acre,2017-18-19.pdf,3,previous_year
Khushab,Khushab,Wheat,2017-18,Rabi,2.20521,22.31,maund/acre,2017-18-19.pdf,3,previous_year
Lahore,Lahore,Wheat,2017-18,Rabi,3.342904,33.82,maund/acre,2017-18-19.pdf,3,previous_year
Layyah,Layyah,Wheat,2017-18,Rabi,2.616401,26.47,maund/acre,2017-18-19.pdf,3,previous_year
Lodhran,Lodhran,Wheat,2017-18,Rabi,3.661182,37.04,maund/acre,2017-18-19.pdf,3,previous_year
Mandi Bahauddin,M.B. Din,Wheat,2017-18,Rabi,3.023638,30.59,maund/acre,2017-18-19.pdf,3,previous_year
Mianwali,Mianwali,Wheat,2017-18,Rabi,2.478019,25.07,maund/acre,2017-18-19.pdf,3,previous_year
Multan,Multan,Wheat,2017-18,Rabi,3.442737,34.83,maund/acre,2017-18-19.pdf,3,previous_year
Muzaffargarh,Muzaffargarh,Wheat,2017-18,Rabi,3.373546,34.13,maund/acre,2017-18-19.pdf,3,previous_year
Nankana Sahib,Nankana Sahib,Wheat,2017-18,Rabi,3.479309,35.2,maund/acre,2017-18-19.pdf,3,previous_year
Narowal,Narowal,Wheat,2017-18,Rabi,2.804204,28.37,maund/acre,2017-18-19.pdf,3,previous_year
Okara,Okara,Wheat,2017-18,Rabi,3.412095,34.52,maund/acre,2017-18-19.pdf,3,previous_year
Pakpattan,Pakpattan,Wheat,2017-18,Rabi,3.718511,37.62,maund/acre,2017-18-19.pdf,3,previous_year
Rahim Yar Khan,Rahim Yar Khan,Wheat,2017-18,Rabi,3.183765,32.21,maund/acre,2017-18-19.pdf,3,previous_year
Rajanpur,Rajan Pur,Wheat,2017-18,Rabi,3.243072,32.81,maund/acre,2017-18-19.pdf,3,previous_year
Rawalpindi,Rawalpindi,Wheat,2017-18,Rabi,1.606215,16.25,maund/acre,2017-18-19.pdf,3,previous_year
Sahiwal,Sahiwal,Wheat,2017-18,Rabi,3.717523,37.61,maund/acre,2017-18-19.pdf,3,previous_year
Sargodha,Sargodha,Wheat,2017-18,Rabi,2.967297,30.02,maund/acre,2017-18-19.pdf,3,previous_year
Sheikhupura,Sheikhupura,Wheat,2017-18,Rabi,3.465471,35.06,maund/acre,2017-18-19.pdf,3,previous_year
Sialkot,Sialkot,Wheat,2017-18,Rabi,2.923806,29.58,maund/acre,2017-18-19.pdf,3,previous_year
Toba Tek Singh,T.T. Singh,Wheat,2017-18,Rabi,3.627575,36.7,maund/acre,2017-18-19.pdf,3,previous_year
Vehari,Vehari,Wheat,2017-18,Rabi,3.495124,35.36,maund/acre,2017-18-19.pdf,3,previous_year
Attock,Attock,Bajra,2018-19,Kharif,0.3677,3.72,maund/acre,2017-18-19.pdf,47,current
Bahawalnagar,Bahawalnagar,Bajra,2018-19,Kharif,1.128798,11.42,maund/acre,2017-18-19.pdf,47,current
Bahawalpur,Bahawalpur,Bajra,2018-19,Kharif,1.069492,10.82,maund/acre,2017-18-19.pdf,47,current
Bhakkar,Bhakkar,Bajra,2018-19,Kharif,1.723839,17.44,maund/acre,2017-18-19.pdf,47,current
Chakwal,Chakwal,Bajra,2018-19,Kharif,0.370665,3.75,maund/acre,2017-18-19.pdf,47,current
Chiniot,Chiniot,Bajra,2018-19,Kharif,1.175255,11.89,maund/acre,2017-18-19.pdf,47,current
Dera Ghazi Khan,D.G. Khan,Bajra,2018-19,Kharif,0.768018,7.77,maund/acre,2017-18-19.pdf,47,current
Faisalabad,Faisalabad,Bajra,2018-19,Kharif,1.115949,11.29,maund/acre,2017-18-19.pdf,47,current
Gujranwala,Gujranwala,Bajra,2018-19,Kharif,0.573295,5.8,maund/acre,2017-18-19.pdf,47,current
Gujrat,Gujrat,Bajra,2018-19,Kharif,0.408226,4.13,maund/acre,2017-18-19.pdf,47,current
Hafizabad,Hafizabad,Bajra,2018-19,Kharif,0.718596,7.27,maund/acre,2017-18-19.pdf,47,current
Islamabad,Islamabad *,Bajra,2018-19,Kharif,0.308393,3.12,maund/acre,2017-18-19.pdf,47,current
Jhang,Jhang,Bajra,2018-19,Kharif,0.916284,9.27,maund/acre,2017-18-19.pdf,47,current
Jhelum,Jhelum,Bajra,2018-19,Kharif,0.3677,3.72,maund/acre,2017-18-19.pdf,47,current
Kasur,Kasur,Bajra,2018-19,Kharif,1.016116,10.28,maund/acre,2017-18-19.pdf,47,current
Khanewal,Khanewal,Bajra,2018-19,Kharif,1.19107,12.05,maund/acre,2017-18-19.pdf,47,current
Khushab,Khushab,Bajra,2018-19,Kharif,0.823371,8.33,maund/acre,2017-18-19.pdf,47,current
Lahore,Lahore,Bajra,2018-19,Kharif,1.03292,10.45,maund/acre,2017-18-19.pdf,47,current
Layyah,Layyah,Bajra,2018-19,Kharif,0.939018,9.5,maund/acre,2017-18-19.pdf,47,current
Lodhran,Lodhran,Bajra,2018-19,Kharif,1.213804,12.28,maund/acre,2017-18-19.pdf,47,current
Mandi Bahauddin,M.B.Din,Bajra,2018-19,Kharif,0.872793,8.83,maund/acre,2017-18-19.pdf,47,current
Mianwali,Mianwali,Bajra,2018-19,Kharif,0.83622,8.46,maund/acre,2017-18-19.pdf,47,current
Multan,Multan,Bajra,2018-19,Kharif,0.567365,5.74,maund/acre,2017-18-19.pdf,47,current
Muzaffargarh,Muzaffargarh,Bajra,2018-19,Kharif,0.860931,8.71,maund/acre,2017-18-19.pdf,47,current
Nankana Sahib,Nankana Sahib,Bajra,2018-19,Kharif,0.862908,8.73,maund/acre,2017-18-19.pdf,47,current
Narowal,Narowal,Bajra,2018-19,Kharif,0.898492,9.09,maund/acre,2017-18-19.pdf,47,current
Okara,Okara,Bajra,2018-19,Kharif,1.572608,15.91,maund/acre,2017-18-19.pdf,47,current
Pakpattan,Pakpattan,Bajra,2018-19,Kharif,1.5904,16.09,maund/acre,2017-18-19.pdf,47,current
Rahim Yar Khan,R.Y. Khan,Bajra,2018-19,Kharif,1.079376,10.92,maund/acre,2017-18-19.pdf,47,current
Rajanpur,Rajan Pur,Bajra,2018-19,Kharif,0.617775,6.25,maund/acre,2017-18-19.pdf,47,current
Rawalpindi,Rawalpindi,Bajra,2018-19,Kharif,0.369677,3.74,maund/acre,2017-18-19.pdf,47,current
Sahiwal,Sahiwal,Bajra,2018-19,Kharif,1.579527,15.98,maund/acre,2017-18-19.pdf,47,current
Sargodha,Sargodha,Bajra,2018-19,Kharif,0.568353,5.75,maund/acre,2017-18-19.pdf,47,current
Sheikhupura,Sheikhupura,Bajra,2018-19,Kharif,0.860931,8.71,maund/acre,2017-18-19.pdf,47,current
Sialkot,Sialkot,Bajra,2018-19,Kharif,0.529804,5.36,maund/acre,2017-18-19.pdf,47,current
Toba Tek Singh,T.T.Singh,Bajra,2018-19,Kharif,2.165672,21.91,maund/acre,2017-18-19.pdf,47,current
Vehari,Vehari,Bajra,2018-19,Kharif,1.100134,11.13,maund/acre,2017-18-19.pdf,47,current
Attock,Attock,Barley,2018-19,Rabi,0.58318,5.9,maund/acre,2019-20(1).pdf,84,previous_year
Bahawalnagar,Bahawalnagar,Barley,2018-19,Rabi,0.846105,8.56,maund/acre,2019-20(1).pdf,84,previous_year
Bahawalpur,Bahawalpur,Barley,2018-19,Rabi,1.310671,13.26,maund/acre,2019-20(1).pdf,84,previous_year
Bhakkar,Bhakkar,Barley,2018-19,Rabi,0.602948,6.1,maund/acre,2019-20(1).pdf,84,previous_year
Chakwal,Chakwal --,Barley,2018-19,Rabi,0.390434,3.95,maund/acre,2019-20(1).pdf,84,previous_year
Faisalabad,Faisalabad,Barley,2018-19,Rabi,1.358117,13.74,maund/acre,2019-20(1).pdf,84,previous_year
Gujrat,Gujrat,Barley,2018-19,Rabi,1.287937,13.03,maund/acre,2019-20(1).pdf,84,previous_year
Jhang,Jhang,Barley,2018-19,Rabi,0.940006,9.51,maund/acre,2019-20(1).pdf,84,previous_year
Khushab,Khushab,Barley,2018-19,Rabi,0.911342,9.22,maund/acre,2019-20(1).pdf,84,previous_year
Layyah,Layyah,Barley,2018-19,Rabi,0.979544,9.91,maund/acre,2019-20(1).pdf,84,previous_year
Mandi Bahauddin,M.B. Din,Barley,2018-19,Rabi,0.7097,7.18,maund/acre,2019-20(1).pdf,84,previous_year
Mianwali,Mianwali,Barley,2018-19,Rabi,0.970648,9.82,maund/acre,2019-20(1).pdf,84,previous_year
Muzaffargarh,Muzaffargarh,Barley,2018-19,Rabi,1.26718,12.82,maund/acre,2019-20(1).pdf,84,previous_year
Narowal,Narowal,Barley,2018-19,Rabi,0.846105,8.56,maund/acre,2019-20(1).pdf,84,previous_year
Pakpattan,Pakpattan,Barley,2018-19,Rabi,1.131764,11.45,maund/acre,2019-20(1).pdf,84,previous_year
Sheikhupura,Sheikhupura,Barley,2018-19,Rabi,1.006232,10.18,maund/acre,2019-20(1).pdf,84,previous_year
Toba Tek Singh,T.T. Singh,Barley,2018-19,Rabi,1.205897,12.2,maund/acre,2019-20(1).pdf,84,previous_year
Vehari,Vehari,Barley,2018-19,Rabi,1.174267,11.88,maund/acre,2019-20(1).pdf,84,previous_year
Attock,Attock --,Canola,2018-19,Rabi,0.513989,5.2,maund/acre,2019-20(1).pdf,101,previous_year
Bhakkar,Bhakkar,Canola,2018-19,Rabi,1.511325,15.29,maund/acre,2019-20(1).pdf,101,previous_year
Chiniot,Chiniot,Canola,2018-19,Rabi,1.908678,19.31,maund/acre,2019-20(1).pdf,101,previous_year
Dera Ghazi Khan,D.G. Khan,Canola,2018-19,Rabi,2.134042,21.59,maund/acre,2019-20(1).pdf,101,previous_year
Faisalabad,Faisalabad,Canola,2018-19,Rabi,2.025314,20.49,maund/acre,2019-20(1).pdf,101,previous_year
Gujrat,Gujrat --,Canola,2018-19,Rabi,1.28596,13.01,maund/acre,2019-20(1).pdf,101,previous_year
Jhang,Jhang,Canola,2018-19,Rabi,1.9581,19.81,maund/acre,2019-20(1).pdf,101,previous_year
Kasur,Kasur,Canola,2018-19,Rabi,1.57755,15.96,maund/acre,2019-20(1).pdf,101,previous_year
Khanewal,Khanewal,Canola,2018-19,Rabi,1.993683,20.17,maund/acre,2019-20(1).pdf,101,previous_year
Khushab,Khushab,Canola,2018-19,Rabi,1.491556,15.09,maund/acre,2019-20(1).pdf,101,previous_year
Layyah,Layyah,Canola,2018-19,Rabi,1.979845,20.03,maund/acre,2019-20(1).pdf,101,previous_year
Mianwali,Mianwali,Canola,2018-19,Rabi,1.866175,18.88,maund/acre,2019-20(1).pdf,101,previous_year
Muzaffargarh,Muzaffargarh,Canola,2018-19,Rabi,1.79303,18.14,maund/acre,2019-20(1).pdf,101,previous_year
Nankana Sahib,Nankana Sahib,Canola,2018-19,Rabi,2.171603,21.97,maund/acre,2019-20(1).pdf,101,previous_year
Okara,Okara,Canola,2018-19,Rabi,1.806868,18.28,maund/acre,2019-20(1).pdf,101,previous_year
Pakpattan,Pakpattan,Canola,2018-19,Rabi,1.855302,18.77,maund/acre,2019-20(1).pdf,101,previous_year
Rahim Yar Khan,Rahim Yar Khan,Canola,2018-19,Rabi,1.464868,14.82,maund/acre,2019-20(1).pdf,101,previous_year
Rajanpur,Rajan Pur,Canola,2018-19,Rabi,1.966007,19.89,maund/acre,2019-20(1).pdf,101,previous_year
Rawalpindi,Rawalpindi --,Canola,2018-19,Rabi,0.50707,5.13,maund/acre,2019-20(1).pdf,101,previous_year
Sahiwal,Sahiwal,Canola,2018-19,Rabi,1.783146,18.04,maund/acre,2019-20(1).pdf,101,previous_year
Sargodha,Sargodha,Canola,2018-19,Rabi,1.467833,14.85,maund/acre,2019-20(1).pdf,101,previous_year
Sheikhupura,Sheikhupura,Canola,2018-19,Rabi,1.23555,12.5,maund/acre,2019-20(1).pdf,101,previous_year
Toba Tek Singh,T.T. Singh,Canola,2018-19,Rabi,2.149857,21.75,maund/acre,2019-20(1).pdf,101,previous_year
Vehari,Vehari,Canola,2018-19,Rabi,1.882978,19.05,maund/acre,2019-20(1).pdf,101,previous_year
Bahawalnagar,Bahawalnagar,Cotton,2018-19,Kharif,0.717607,7.26,maund/acre,2017-18-19.pdf,14,current
Bahawalpur,Bahawalpur,Cotton,2018-19,Kharif,0.826336,8.36,maund/acre,2017-18-19.pdf,14,current
Bhakkar,Bhakkar,Cotton,2018-19,Kharif,0.691908,7.0,maund/acre,2017-18-19.pdf,14,current
Chiniot,Chiniot,Cotton,2018-19,Kharif,1.126822,11.4,maund/acre,2017-18-19.pdf,14,current
Dera Ghazi Khan,D.G. Khan,Cotton,2018-19,Kharif,1.841464,18.63,maund/acre,2017-18-19.pdf,14,current
Faisalabad,Faisalabad,Cotton,2018-19,Kharif,0.580214,5.87,maund/acre,2017-18-19.pdf,14,current
Jhang,Jhang,Cotton,2018-19,Kharif,1.187116,12.01,maund/acre,2017-18-19.pdf,14,current
Jhelum,Jhelum,Cotton,2018-19,Kharif,0.484336,4.9,maund/acre,2017-18-19.pdf,14,current
Kasur,Kasur,Cotton,2018-19,Kharif,0.764064,7.73,maund/acre,2017-18-19.pdf,14,current
Khanewal,Khanewal,Cotton,2018-19,Kharif,0.790752,8.0,maund/acre,2017-18-19.pdf,14,current
Khushab,Khushab,Cotton,2018-19,Kharif,0.597018,6.04,maund/acre,2017-18-19.pdf,14,current
Layyah,Layyah,Cotton,2018-19,Kharif,0.74133,7.5,maund/acre,2017-18-19.pdf,14,current
Lodhran,Lodhran,Cotton,2018-19,Kharif,2.143926,21.69,maund/acre,2017-18-19.pdf,14,current
Mandi Bahauddin,M.B.Din,Cotton,2018-19,Kharif,0.413168,4.18,maund/acre,2017-18-19.pdf,14,current
Mianwali,Mianwali,Cotton,2018-19,Kharif,1.631914,16.51,maund/acre,2017-18-19.pdf,14,current
Multan,Multan,Cotton,2018-19,Kharif,1.949204,19.72,maund/acre,2017-18-19.pdf,14,current
Muzaffargarh,Muzaffargarh,Cotton,2018-19,Kharif,0.774937,7.84,maund/acre,2017-18-19.pdf,14,current
Okara,Okara,Cotton,2018-19,Kharif,0.802613,8.12,maund/acre,2017-18-19.pdf,14,current
Pakpattan,Pakpattan,Cotton,2018-19,Kharif,0.926168,9.37,maund/acre,2017-18-19.pdf,14,current
Rahim Yar Khan,R.Y. Khan,Cotton,2018-19,Kharif,0.761099,7.7,maund/acre,2017-18-19.pdf,14,current
Rajanpur,Rajan Pur,Cotton,2018-19,Kharif,0.74133,7.5,maund/acre,2017-18-19.pdf,14,current
Sahiwal,Sahiwal,Cotton,2018-19,Kharif,0.959775,9.71,maund/acre,2017-18-19.pdf,14,current
Sargodha,Sargodha,Cotton,2018-19,Kharif,0.765053,7.74,maund/acre,2017-18-19.pdf,14,current
Toba Tek Singh,T.T. Singh,Cotton,2018-19,Kharif,0.573295,5.8,maund/acre,2017-18-19.pdf,14,current
Vehari,Vehari,Cotton,2018-19,Kharif,0.780868,7.9,maund/acre,2017-18-19.pdf,14,current
Attock,Attock,Gram,2018-19,Rabi,0.985475,9.97,maund/acre,2017-18-19.pdf,27,current
Bahawalnagar,Bahawalnagar,Gram,2018-19,Rabi,1.136706,11.5,maund/acre,2017-18-19.pdf,27,current
Bahawalpur,Bahawalpur,Gram,2018-19,Rabi,0.81744,8.27,maund/acre,2017-18-19.pdf,27,current
Bhakkar,Bhakkar,Gram,2018-19,Rabi,0.478405,4.84,maund/acre,2017-18-19.pdf,27,current
Chakwal,Chakwal,Gram,2018-19,Rabi,0.63359,6.41,maund/acre,2017-18-19.pdf,27,current
Chiniot,Chiniot,Gram,2018-19,Rabi,0.517943,5.24,maund/acre,2017-18-19.pdf,27,current
Dera Ghazi Khan,D.G. Khan,Gram,2018-19,Rabi,0.862908,8.73,maund/acre,2017-18-19.pdf,27,current
Faisalabad,Faisalabad,Gram,2018-19,Rabi,1.215781,12.3,maund/acre,2017-18-19.pdf,27,current
Gujranwala,Gujranwala,Gram,2018-19,Rabi,0.58318,5.9,maund/acre,2017-18-19.pdf,27,current
Gujrat,Gujrat,Gram,2018-19,Rabi,0.756157,7.65,maund/acre,2017-18-19.pdf,27,current
Hafizabad,Hafizabad,Gram,2018-19,Rabi,0.536723,5.43,maund/acre,2017-18-19.pdf,27,current
Jhang,Jhang,Gram,2018-19,Rabi,0.302463,3.06,maund/acre,2017-18-19.pdf,27,current
Jhelum,Jhelum,Gram,2018-19,Rabi,0.662255,6.7,maund/acre,2017-18-19.pdf,27,current
Kasur,Kasur,Gram,2018-19,Rabi,1.011174,10.23,maund/acre,2017-18-19.pdf,27,current
Khanewal,Khanewal,Gram,2018-19,Rabi,1.423354,14.4,maund/acre,2017-18-19.pdf,27,current
Khushab,Khushab,Gram,2018-19,Rabi,0.445786,4.51,maund/acre,2017-18-19.pdf,27,current
Layyah,Layyah,Gram,2018-19,Rabi,0.487301,4.93,maund/acre,2017-18-19.pdf,27,current
Lodhran,Lodhran -- -- --,Gram,2018-19,Rabi,0.802613,8.12,maund/acre,2017-18-19.pdf,27,current
Mandi Bahauddin,M.B.Din,Gram,2018-19,Rabi,0.619752,6.27,maund/acre,2017-18-19.pdf,27,current
Mianwali,Mianwali,Gram,2018-19,Rabi,0.796683,8.06,maund/acre,2017-18-19.pdf,27,current
Muzaffargarh,Muzaffargarh,Gram,2018-19,Rabi,0.65237,6.6,maund/acre,2017-18-19.pdf,27,current
Nankana Sahib,Nankana Sahib,Gram,2018-19,Rabi,1.32451,13.4,maund/acre,2017-18-19.pdf,27,current
Narowal,Narowal --,Gram,2018-19,Rabi,0.308393,3.12,maund/acre,2017-18-19.pdf,27,current
Okara,Okara,Gram,2018-19,Rabi,1.205897,12.2,maund/acre,2017-18-19.pdf,27,current
Pakpattan,Pakpattan,Gram,2018-19,Rabi,1.53999,15.58,maund/acre,2017-18-19.pdf,27,current
Rahim Yar Khan,R.Y. Khan,Gram,2018-19,Rabi,0.853024,8.63,maund/acre,2017-18-19.pdf,27,current
Rajanpur,Rajan Pur,Gram,2018-19,Rabi,0.514977,5.21,maund/acre,2017-18-19.pdf,27,current
Rawalpindi,Rawalpindi,Gram,2018-19,Rabi,0.55155,5.58,maund/acre,2017-18-19.pdf,27,current
Sahiwal,Sahiwal,Gram,2018-19,Rabi,1.346255,13.62,maund/acre,2017-18-19.pdf,27,current
Sargodha,Sargodha,Gram,2018-19,Rabi,0.672139,6.8,maund/acre,2017-18-19.pdf,27,current
Sheikhupura,Sheikhupura,Gram,2018-19,Rabi,0.735399,7.44,maund/acre,2017-18-19.pdf,27,current
Sialkot,Sialkot * -- *,Gram,2018-19,Rabi,0.522885,5.29,maund/acre,2017-18-19.pdf,27,current
Toba Tek Singh,T.T.Singh,Gram,2018-19,Rabi,1.274099,12.89,maund/acre,2017-18-19.pdf,27,current
Vehari,Vehari,Gram,2018-19,Rabi,1.942285,19.65,maund/acre,2017-18-19.pdf,27,current
Attock,Attock,Jowar,2018-19,Kharif,0.413168,4.18,maund/acre,2017-18-19.pdf,87,current
Bahawalnagar,Bahawalnagar,Jowar,2018-19,Kharif,0.889596,9.0,maund/acre,2017-18-19.pdf,87,current
Bahawalpur,Bahawalpur,Jowar,2018-19,Kharif,0.828313,8.38,maund/acre,2017-18-19.pdf,87,current
Bhakkar,Bhakkar,Jowar,2018-19,Kharif,0.444798,4.5,maund/acre,2017-18-19.pdf,87,current
Chakwal,Chakwal,Jowar,2018-19,Kharif,0.394388,3.99,maund/acre,2017-18-19.pdf,87,current
Chiniot,Chiniot,Jowar,2018-19,Kharif,1.015128,10.27,maund/acre,2017-18-19.pdf,87,current
Dera Ghazi Khan,D.G. Khan,Jowar,2018-19,Kharif,0.734411,7.43,maund/acre,2017-18-19.pdf,87,current
Faisalabad,Faisalabad,Jowar,2018-19,Kharif,1.474752,14.92,maund/acre,2017-18-19.pdf,87,current
Gujranwala,Gujranwala,Jowar,2018-19,Kharif,0.517943,5.24,maund/acre,2017-18-19.pdf,87,current
Gujrat,Gujrat,Jowar,2018-19,Kharif,0.792729,8.02,maund/acre,2017-18-19.pdf,87,current
Hafizabad,Hafizabad,Jowar,2018-19,Kharif,0.564399,5.71,maund/acre,2017-18-19.pdf,87,current
Islamabad,Islamabad *,Jowar,2018-19,Kharif,0.355838,3.6,maund/acre,2017-18-19.pdf,87,current
Jhang,Jhang,Jowar,2018-19,Kharif,0.986463,9.98,maund/acre,2017-18-19.pdf,87,current
Jhelum,Jhelum,Jowar,2018-19,Kharif,0.541665,5.48,maund/acre,2017-18-19.pdf,87,current
Kasur,Kasur,Jowar,2018-19,Kharif,0.522885,5.29,maund/acre,2017-18-19.pdf,87,current
Khanewal,Khanewal,Jowar,2018-19,Kharif,1.086296,10.99,maund/acre,2017-18-19.pdf,87,current
Khushab,Khushab,Jowar,2018-19,Kharif,0.534746,5.41,maund/acre,2017-18-19.pdf,87,current
Lahore,Lahore,Jowar,2018-19,Kharif,0.847093,8.57,maund/acre,2017-18-19.pdf,87,current
Layyah,Layyah,Jowar,2018-19,Kharif,0.74133,7.5,maund/acre,2017-18-19.pdf,87,current
Lodhran,Lodhran,Jowar,2018-19,Kharif,1.209851,12.24,maund/acre,2017-18-19.pdf,87,current
Mandi Bahauddin,M.B.Din,Jowar,2018-19,Kharif,0.610856,6.18,maund/acre,2017-18-19.pdf,87,current
Mianwali,Mianwali,Jowar,2018-19,Kharif,0.329151,3.33,maund/acre,2017-18-19.pdf,87,current
Multan,Multan,Jowar,2018-19,Kharif,0.799648,8.09,maund/acre,2017-18-19.pdf,87,current
Muzaffargarh,Muzaffargarh,Jowar,2018-19,Kharif,0.737376,7.46,maund/acre,2017-18-19.pdf,87,current
Nankana Sahib,Nankana Sahib,Jowar,2018-19,Kharif,0.873781,8.84,maund/acre,2017-18-19.pdf,87,current
Narowal,Narowal,Jowar,2018-19,Kharif,0.882677,8.93,maund/acre,2017-18-19.pdf,87,current
Okara,Okara,Jowar,2018-19,Kharif,2.011475,20.35,maund/acre,2017-18-19.pdf,87,current
Pakpattan,Pakpattan,Jowar,2018-19,Kharif,2.013452,20.37,maund/acre,2017-18-19.pdf,87,current
Rahim Yar Khan,R.Y. Khan,Jowar,2018-19,Kharif,0.954833,9.66,maund/acre,2017-18-19.pdf,87,current
Rajanpur,Rajan Pur,Jowar,2018-19,Kharif,0.37363,3.78,maund/acre,2017-18-19.pdf,87,current
Rawalpindi,Rawalpindi,Jowar,2018-19,Kharif,0.325197,3.29,maund/acre,2017-18-19.pdf,87,current
Sahiwal,Sahiwal,Jowar,2018-19,Kharif,1.999614,20.23,maund/acre,2017-18-19.pdf,87,current
Sargodha,Sargodha,Jowar,2018-19,Kharif,0.534746,5.41,maund/acre,2017-18-19.pdf,87,current
Sheikhupura,Sheikhupura,Jowar,2018-19,Kharif,0.81744,8.27,maund/acre,2017-18-19.pdf,87,current
Sialkot,Sialkot,Jowar,2018-19,Kharif,0.707723,7.16,maund/acre,2017-18-19.pdf,87,current
Toba Tek Singh,T.T.Singh,Jowar,2018-19,Kharif,2.6421,26.73,maund/acre,2017-18-19.pdf,87,current
Vehari,Vehari,Jowar,2018-19,Kharif,1.060596,10.73,maund/acre,2017-18-19.pdf,87,current
Attock,Attock,Kharif Fodder,2018-19,Kharif,12.454344,126.0,maund/acre,2017-18-19.pdf,92,current
Bahawalnagar,Bahawalnagar,Kharif Fodder,2018-19,Kharif,60.393684,611.0,maund/acre,2017-18-19.pdf,92,current
Bahawalpur,Bahawalpur,Kharif Fodder,2018-19,Kharif,17.693076,179.0,maund/acre,2017-18-19.pdf,92,current
Bhakkar,Bhakkar,Kharif Fodder,2018-19,Kharif,10.675152,108.0,maund/acre,2017-18-19.pdf,92,current
Chakwal,Chakwal,Kharif Fodder,2018-19,Kharif,7.017924,71.0,maund/acre,2017-18-19.pdf,92,current
Chiniot,Chiniot,Kharif Fodder,2018-19,Kharif,14.727756,149.0,maund/acre,2017-18-19.pdf,92,current
Dera Ghazi Khan,D.G. Khan,Kharif Fodder,2018-19,Kharif,11.268216,114.0,maund/acre,2017-18-19.pdf,92,current
Faisalabad,Faisalabad,Kharif Fodder,2018-19,Kharif,15.024288,152.0,maund/acre,2017-18-19.pdf,92,current
Gujranwala,Gujranwala *,Kharif Fodder,2018-19,Kharif,10.477464,106.0,maund/acre,2017-18-19.pdf,92,current
Gujrat,Gujrat --,Kharif Fodder,2018-19,Kharif,14.628912,148.0,maund/acre,2017-18-19.pdf,92,current
Hafizabad,Hafizabad,Kharif Fodder,2018-19,Kharif,9.587868,97.0,maund/acre,2017-18-19.pdf,92,current
Islamabad,Islamabad --,Kharif Fodder,2018-19,Kharif,7.90752,80.0,maund/acre,2017-18-19.pdf,92,current
Jhang,Jhang,Kharif Fodder,2018-19,Kharif,14.727756,149.0,maund/acre,2017-18-19.pdf,92,current
Jhelum,Jhelum,Kharif Fodder,2018-19,Kharif,9.785556,99.0,maund/acre,2017-18-19.pdf,92,current
Kasur,Kasur,Kharif Fodder,2018-19,Kharif,14.134692,143.0,maund/acre,2017-18-19.pdf,92,current
Khanewal,Khanewal,Kharif Fodder,2018-19,Kharif,15.81504,160.0,maund/acre,2017-18-19.pdf,92,current
Khushab,Khushab,Kharif Fodder,2018-19,Kharif,10.87284,110.0,maund/acre,2017-18-19.pdf,92,current
Lahore,Lahore,Kharif Fodder,2018-19,Kharif,15.518508,157.0,maund/acre,2017-18-19.pdf,92,current
Layyah,Layyah,Kharif Fodder,2018-19,Kharif,12.454344,126.0,maund/acre,2017-18-19.pdf,92,current
Lodhran,Lodhran,Kharif Fodder,2018-19,Kharif,16.111572,163.0,maund/acre,2017-18-19.pdf,92,current
Mandi Bahauddin,M.B.Din,Kharif Fodder,2018-19,Kharif,17.989608,182.0,maund/acre,2017-18-19.pdf,92,current
Mianwali,Mianwali,Kharif Fodder,2018-19,Kharif,6.523704,66.0,maund/acre,2017-18-19.pdf,92,current
Multan,Multan,Kharif Fodder,2018-19,Kharif,15.81504,160.0,maund/acre,2017-18-19.pdf,92,current
Muzaffargarh,Muzzafargargh,Kharif Fodder,2018-19,Kharif,13.83816,140.0,maund/acre,2017-18-19.pdf,92,current
Nankana Sahib,Nankana Sahib,Kharif Fodder,2018-19,Kharif,13.245096,134.0,maund/acre,2017-18-19.pdf,92,current
Narowal,Narowal --,Kharif Fodder,2018-19,Kharif,8.698272,88.0,maund/acre,2017-18-19.pdf,92,current
Okara,Okara,Kharif Fodder,2018-19,Kharif,15.81504,160.0,maund/acre,2017-18-19.pdf,92,current
Pakpattan,Pakpattan,Kharif Fodder,2018-19,Kharif,16.506948,167.0,maund/acre,2017-18-19.pdf,92,current
Rajanpur,Rajan Pur,Kharif Fodder,2018-19,Kharif,10.477464,106.0,maund/acre,2017-18-19.pdf,92,current
Rawalpindi,Rawalpindi,Kharif Fodder,2018-19,Kharif,8.698272,88.0,maund/acre,2017-18-19.pdf,92,current
Sahiwal,Sahiwal,Kharif Fodder,2018-19,Kharif,16.012728,162.0,maund/acre,2017-18-19.pdf,92,current
Sargodha,Sargodha,Kharif Fodder,2018-19,Kharif,15.617352,158.0,maund/acre,2017-18-19.pdf,92,current
Sheikhupura,Sheikhupura,Kharif Fodder,2018-19,Kharif,14.233536,144.0,maund/acre,2017-18-19.pdf,92,current
Sialkot,Sialkot *,Kharif Fodder,2018-19,Kharif,9.587868,97.0,maund/acre,2017-18-19.pdf,92,current
Toba Tek Singh,T.T. Singh,Kharif Fodder,2018-19,Kharif,15.81504,160.0,maund/acre,2017-18-19.pdf,92,current
Vehari,Vehari,Kharif Fodder,2018-19,Kharif,16.704636,169.0,maund/acre,2017-18-19.pdf,92,current
Attock,Attock --,Masoor,2018-19,Rabi,0.275775,2.79,maund/acre,2019-20(1).pdf,91,previous_year
Bahawalpur,Bahawalpur,Masoor,2018-19,Rabi,0.882677,8.93,maund/acre,2019-20(1).pdf,91,previous_year
Bhakkar,Bhakkar,Masoor,2018-19,Rabi,0.489278,4.95,maund/acre,2019-20(1).pdf,91,previous_year
Chakwal,Chakwal --,Masoor,2018-19,Rabi,0.515966,5.22,maund/acre,2019-20(1).pdf,91,previous_year
Dera Ghazi Khan,D.G. KHAN,Masoor,2018-19,Rabi,0.860931,8.71,maund/acre,2019-20(1).pdf,91,previous_year
Faisalabad,Faisalabad,Masoor,2018-19,Rabi,0.892561,9.03,maund/acre,2019-20(1).pdf,91,previous_year
Gujranwala,Gujranwala,Masoor,2018-19,Rabi,0.415145,4.2,maund/acre,2019-20(1).pdf,91,previous_year
Gujrat,Gujrat,Masoor,2018-19,Rabi,0.261937,2.65,maund/acre,2019-20(1).pdf,91,previous_year
Jhang,Jhang,Masoor,2018-19,Rabi,0.682024,6.9,maund/acre,2019-20(1).pdf,91,previous_year
Jhelum,Jhelum --,Masoor,2018-19,Rabi,0.240191,2.43,maund/acre,2019-20(1).pdf,91,previous_year
Lodhran,Lodhran,Masoor,2018-19,Rabi,0.474451,4.8,maund/acre,2019-20(1).pdf,91,previous_year
Mandi Bahauddin,M.B.Din,Masoor,2018-19,Rabi,0.344966,3.49,maund/acre,2019-20(1).pdf,91,previous_year
Mianwali,Mianwali,Masoor,2018-19,Rabi,0.458636,4.64,maund/acre,2019-20(1).pdf,91,previous_year
Multan,MULTAN,Masoor,2018-19,Rabi,0.575272,5.82,maund/acre,2019-20(1).pdf,91,previous_year
Muzaffargarh,Muzaffargarh,Masoor,2018-19,Rabi,0.667197,6.75,maund/acre,2019-20(1).pdf,91,previous_year
Narowal,Narowal,Masoor,2018-19,Rabi,0.361769,3.66,maund/acre,2019-20(1).pdf,91,previous_year
Rajanpur,Rajan Pur,Masoor,2018-19,Rabi,0.296532,3.0,maund/acre,2019-20(1).pdf,91,previous_year
Rawalpindi,Rawalpindi --,Masoor,2018-19,Rabi,0.264902,2.68,maund/acre,2019-20(1).pdf,91,previous_year
Sargodha,Sargodha,Masoor,2018-19,Rabi,0.256994,2.6,maund/acre,2019-20(1).pdf,91,previous_year
Toba Tek Singh,T.T.Singh,Masoor,2018-19,Rabi,1.138683,11.52,maund/acre,2019-20(1).pdf,91,previous_year
Attock,Attock,Moong,2018-19,Kharif,0.311359,3.15,maund/acre,2019-20(1).pdf,27,previous_year
Bahawalnagar,Bahawalnagar,Moong,2018-19,Kharif,0.442821,4.48,maund/acre,2019-20(1).pdf,27,previous_year
Bahawalpur,Bahawalpur,Moong,2018-19,Kharif,0.598995,6.06,maund/acre,2019-20(1).pdf,27,previous_year
Bhakkar,Bhakkar,Moong,2018-19,Kharif,0.770983,7.8,maund/acre,2019-20(1).pdf,27,previous_year
Chakwal,Chakwal,Moong,2018-19,Kharif,0.274786,2.78,maund/acre,2019-20(1).pdf,27,previous_year
Chiniot,Chiniot,Moong,2018-19,Kharif,0.62074,6.28,maund/acre,2019-20(1).pdf,27,previous_year
Dera Ghazi Khan,D.G. Khan,Moong,2018-19,Kharif,0.843139,8.53,maund/acre,2019-20(1).pdf,27,previous_year
Faisalabad,Faisalabad,Moong,2018-19,Kharif,0.751214,7.6,maund/acre,2019-20(1).pdf,27,previous_year
Gujrat,Gujrat,Moong,2018-19,Kharif,0.010873,0.11,maund/acre,2019-20(1).pdf,27,previous_year
Islamabad,Islamabad,Moong,2018-19,Kharif,0.318278,3.22,maund/acre,2019-20(1).pdf,27,previous_year
Jhang,Jhang,Moong,2018-19,Kharif,0.483347,4.89,maund/acre,2019-20(1).pdf,27,previous_year
Jhelum,Jhelum,Moong,2018-19,Kharif,0.295544,2.99,maund/acre,2019-20(1).pdf,27,previous_year
Kasur,Kasur,Moong,2018-19,Kharif,0.495208,5.01,maund/acre,2019-20(1).pdf,27,previous_year
Khanewal,Khanewal,Moong,2018-19,Kharif,0.813486,8.23,maund/acre,2019-20(1).pdf,27,previous_year
Khushab,Khushab,Moong,2018-19,Kharif,0.402295,4.07,maund/acre,2019-20(1).pdf,27,previous_year
Layyah,Layyah,Moong,2018-19,Kharif,1.084319,10.97,maund/acre,2019-20(1).pdf,27,previous_year
Lodhran,Lodhran,Moong,2018-19,Kharif,0.476428,4.82,maund/acre,2019-20(1).pdf,27,previous_year
Mandi Bahauddin,M.B. Din,Moong,2018-19,Kharif,0.115647,1.17,maund/acre,2019-20(1).pdf,27,previous_year
Mianwali,Mianwali,Moong,2018-19,Kharif,0.717607,7.26,maund/acre,2019-20(1).pdf,27,previous_year
Multan,Multan,Moong,2018-19,Kharif,0.469509,4.75,maund/acre,2019-20(1).pdf,27,previous_year
Muzaffargarh,Muzaffargarh,Moong,2018-19,Kharif,0.46259,4.68,maund/acre,2019-20(1).pdf,27,previous_year
Nankana Sahib,Nankana Sahib,Moong,2018-19,Kharif,0.453694,4.59,maund/acre,2019-20(1).pdf,27,previous_year
Narowal,Narowal,Moong,2018-19,Kharif,0.237226,2.4,maund/acre,2019-20(1).pdf,27,previous_year
Okara,Okara,Moong,2018-19,Kharif,1.186128,12.0,maund/acre,2019-20(1).pdf,27,previous_year
Pakpattan,Pakpattan,Moong,2018-19,Kharif,0.816451,8.26,maund/acre,2019-20(1).pdf,27,previous_year
Rahim Yar Khan,Rahim Yar Khan,Moong,2018-19,Kharif,0.668185,6.76,maund/acre,2019-20(1).pdf,27,previous_year
Rajanpur,Rajan Pur,Moong,2018-19,Kharif,0.887619,8.98,maund/acre,2019-20(1).pdf,27,previous_year
Rawalpindi,Rawalpindi,Moong,2018-19,Kharif,0.326185,3.3,maund/acre,2019-20(1).pdf,27,previous_year
Sahiwal,Sahiwal,Moong,2018-19,Kharif,0.691908,7.0,maund/acre,2019-20(1).pdf,27,previous_year
Sargodha,Sargodha,Moong,2018-19,Kharif,0.417122,4.22,maund/acre,2019-20(1).pdf,27,previous_year
Sheikhupura,Sheikhupura,Moong,2018-19,Kharif,0.48137,4.87,maund/acre,2019-20(1).pdf,27,previous_year
Sialkot,Sialkot,Moong,2018-19,Kharif,0.12652,1.28,maund/acre,2019-20(1).pdf,27,previous_year
Toba Tek Singh,T.T. Singh,Moong,2018-19,Kharif,0.58318,5.9,maund/acre,2019-20(1).pdf,27,previous_year
Vehari,Vehari,Moong,2018-19,Kharif,0.706735,7.15,maund/acre,2019-20(1).pdf,27,previous_year
Attock,Attock,Rabi Fodder,2018-19,Rabi,11.811858,119.5,maund/acre,2017-18-19.pdf,74,current
Bahawalnagar,Bahawalnagar,Rabi Fodder,2018-19,Rabi,30.780022,311.4,maund/acre,2017-18-19.pdf,74,current
Bahawalpur,Bahawalpur,Rabi Fodder,2018-19,Rabi,31.22482,315.9,maund/acre,2017-18-19.pdf,74,current
Bhakkar,Bhakkar,Rabi Fodder,2018-19,Rabi,26.786724,271.0,maund/acre,2017-18-19.pdf,74,current
Chakwal,Chakwal,Rabi Fodder,2018-19,Rabi,22.002674,222.6,maund/acre,2017-18-19.pdf,74,current
Chiniot,Chiniot,Rabi Fodder,2018-19,Rabi,34.19014,345.9,maund/acre,2017-18-19.pdf,74,current
Dera Ghazi Khan,D.G. Khan,Rabi Fodder,2018-19,Rabi,33.863954,342.6,maund/acre,2017-18-19.pdf,74,current
Faisalabad,Faisalabad,Rabi Fodder,2018-19,Rabi,35.613493,360.3,maund/acre,2017-18-19.pdf,74,current
Gujranwala,Gujranwala,Rabi Fodder,2018-19,Rabi,30.354992,307.1,maund/acre,2017-18-19.pdf,74,current
Gujrat,Gujrat,Rabi Fodder,2018-19,Rabi,26.579152,268.9,maund/acre,2017-18-19.pdf,74,current
Hafizabad,Hafizabad,Rabi Fodder,2018-19,Rabi,30.64164,310.0,maund/acre,2017-18-19.pdf,74,current
Islamabad,Islamabad * --,Rabi Fodder,2018-19,Rabi,24.21678,245.0,maund/acre,2017-18-19.pdf,74,current
Jhang,Jhang,Rabi Fodder,2018-19,Rabi,34.338406,347.4,maund/acre,2017-18-19.pdf,74,current
Jhelum,Jhelum,Rabi Fodder,2018-19,Rabi,26.144238,264.5,maund/acre,2017-18-19.pdf,74,current
Kasur,Kasur,Rabi Fodder,2018-19,Rabi,32.025456,324.0,maund/acre,2017-18-19.pdf,74,current
Khanewal,Khanewal,Rabi Fodder,2018-19,Rabi,36.493205,369.2,maund/acre,2017-18-19.pdf,74,current
Khushab,Khushab,Rabi Fodder,2018-19,Rabi,34.417481,348.2,maund/acre,2017-18-19.pdf,74,current
Lahore,Lahore,Rabi Fodder,2018-19,Rabi,31.125976,314.9,maund/acre,2017-18-19.pdf,74,current
Layyah,Layyah,Rabi Fodder,2018-19,Rabi,27.617014,279.4,maund/acre,2017-18-19.pdf,74,current
Lodhran,Lodhran,Rabi Fodder,2018-19,Rabi,36.720546,371.5,maund/acre,2017-18-19.pdf,74,current
Mandi Bahauddin,M.B.Din,Rabi Fodder,2018-19,Rabi,26.500076,268.1,maund/acre,2017-18-19.pdf,74,current
Mianwali,Mianwali,Rabi Fodder,2018-19,Rabi,19.472268,197.0,maund/acre,2017-18-19.pdf,74,current
Multan,Multan,Rabi Fodder,2018-19,Rabi,37.412454,378.5,maund/acre,2017-18-19.pdf,74,current
Muzaffargarh,Muzzafargargh,Rabi Fodder,2018-19,Rabi,13.630588,137.9,maund/acre,2017-18-19.pdf,74,current
Nankana Sahib,Nankana Sahib,Rabi Fodder,2018-19,Rabi,32.46037,328.4,maund/acre,2017-18-19.pdf,74,current
Narowal,Narowal,Rabi Fodder,2018-19,Rabi,31.689386,320.6,maund/acre,2017-18-19.pdf,74,current
Okara,Okara,Rabi Fodder,2018-19,Rabi,37.728755,381.7,maund/acre,2017-18-19.pdf,74,current
Pakpattan,Pakpattan,Rabi Fodder,2018-19,Rabi,37.867136,383.1,maund/acre,2017-18-19.pdf,74,current
Rajanpur,Rajan Pur,Rabi Fodder,2018-19,Rabi,28.813026,291.5,maund/acre,2017-18-19.pdf,74,current
Rawalpindi,Rawalpindi * *,Rabi Fodder,2018-19,Rabi,23.791751,240.7,maund/acre,2017-18-19.pdf,74,current
Sahiwal,Sahiwal,Rabi Fodder,2018-19,Rabi,34.031989,344.3,maund/acre,2017-18-19.pdf,74,current
Sargodha,Sargodha,Rabi Fodder,2018-19,Rabi,26.727418,270.4,maund/acre,2017-18-19.pdf,74,current
Sheikhupura,Sheikhupura,Rabi Fodder,2018-19,Rabi,34.496556,349.0,maund/acre,2017-18-19.pdf,74,current
Sialkot,Sialkot,Rabi Fodder,2018-19,Rabi,28.931639,292.7,maund/acre,2017-18-19.pdf,74,current
Toba Tek Singh,T.T. Singh,Rabi Fodder,2018-19,Rabi,34.980892,353.9,maund/acre,2017-18-19.pdf,74,current
Vehari,Vehari,Rabi Fodder,2018-19,Rabi,37.412454,378.5,maund/acre,2017-18-19.pdf,74,current
Attock,Attock,Rapeseed & Mustard,2018-19,Rabi,0.691908,7.0,maund/acre,2017-18-19.pdf,70,current
Bahawalnagar,Bahawalnagar,Rapeseed & Mustard,2018-19,Rabi,1.838498,18.6,maund/acre,2017-18-19.pdf,70,current
Bahawalpur,Bahawalpur,Rapeseed & Mustard,2018-19,Rabi,2.001591,20.25,maund/acre,2017-18-19.pdf,70,current
Bhakkar,Bhakkar,Rapeseed & Mustard,2018-19,Rabi,1.364047,13.8,maund/acre,2017-18-19.pdf,70,current
Chakwal,Chakwal,Rapeseed & Mustard,2018-19,Rabi,1.065538,10.78,maund/acre,2017-18-19.pdf,70,current
Chiniot,Chiniot,Rapeseed & Mustard,2018-19,Rabi,1.354163,13.7,maund/acre,2017-18-19.pdf,70,current
Dera Ghazi Khan,D.G. Khan,Rapeseed & Mustard,2018-19,Rabi,1.60325,16.22,maund/acre,2017-18-19.pdf,70,current
Faisalabad,Faisalabad,Rapeseed & Mustard,2018-19,Rabi,2.113285,21.38,maund/acre,2017-18-19.pdf,70,current
Gujranwala,Gujranwala,Rapeseed & Mustard,2018-19,Rabi,1.341313,13.57,maund/acre,2017-18-19.pdf,70,current
Gujrat,Gujrat,Rapeseed & Mustard,2018-19,Rabi,0.582191,5.89,maund/acre,2017-18-19.pdf,70,current
Hafizabad,Hafizabad,Rapeseed & Mustard,2018-19,Rabi,0.643474,6.51,maund/acre,2017-18-19.pdf,70,current
Islamabad,Islamabad *,Rapeseed & Mustard,2018-19,Rabi,0.518931,5.25,maund/acre,2017-18-19.pdf,70,current
Jhang,Jhang,Rapeseed & Mustard,2018-19,Rabi,1.9581,19.81,maund/acre,2017-18-19.pdf,70,current
Jhelum,Jhelum,Rapeseed & Mustard,2018-19,Rabi,0.799648,8.09,maund/acre,2017-18-19.pdf,70,current
Kasur,Kasur,Rapeseed & Mustard,2018-19,Rabi,1.039839,10.52,maund/acre,2017-18-19.pdf,70,current
Khanewal,Khanewal,Rapeseed & Mustard,2018-19,Rabi,1.823672,18.45,maund/acre,2017-18-19.pdf,70,current
Khushab,Khushab,Rapeseed & Mustard,2018-19,Rabi,0.529804,5.36,maund/acre,2017-18-19.pdf,70,current
Lahore,Lahore,Rapeseed & Mustard,2018-19,Rabi,1.182174,11.96,maund/acre,2017-18-19.pdf,70,current
Layyah,Layyah,Rapeseed & Mustard,2018-19,Rabi,1.979845,20.03,maund/acre,2017-18-19.pdf,70,current
Lodhran,Lodhran,Rapeseed & Mustard,2018-19,Rabi,1.651683,16.71,maund/acre,2017-18-19.pdf,70,current
Mandi Bahauddin,M.B.Din,Rapeseed & Mustard,2018-19,Rabi,1.19107,12.05,maund/acre,2017-18-19.pdf,70,current
Mianwali,Mianwali,Rapeseed & Mustard,2018-19,Rabi,1.493533,15.11,maund/acre,2017-18-19.pdf,70,current
Multan,Multan,Rapeseed & Mustard,2018-19,Rabi,1.48266,15.0,maund/acre,2017-18-19.pdf,70,current
Muzaffargarh,Muzaffargarh,Rapeseed & Mustard,2018-19,Rabi,1.618076,16.37,maund/acre,2017-18-19.pdf,70,current
Nankana Sahib,Nankana Sahib,Rapeseed & Mustard,2018-19,Rabi,1.353174,13.69,maund/acre,2017-18-19.pdf,70,current
Narowal,Narowal,Rapeseed & Mustard,2018-19,Rabi,1.370966,13.87,maund/acre,2017-18-19.pdf,70,current
Okara,Okara,Rapeseed & Mustard,2018-19,Rabi,1.766342,17.87,maund/acre,2017-18-19.pdf,70,current
Pakpattan,Pakpattan,Rapeseed & Mustard,2018-19,Rabi,1.585458,16.04,maund/acre,2017-18-19.pdf,70,current
Rahim Yar Khan,R.Y. Khan,Rapeseed & Mustard,2018-19,Rabi,1.294856,13.1,maund/acre,2017-18-19.pdf,70,current
Rajanpur,Rajan Pur,Rapeseed & Mustard,2018-19,Rabi,1.81873,18.4,maund/acre,2017-18-19.pdf,70,current
Rawalpindi,Rawalpindi,Rapeseed & Mustard,2018-19,Rabi,0.518931,5.25,maund/acre,2017-18-19.pdf,70,current
Sahiwal,Sahiwal,Rapeseed & Mustard,2018-19,Rabi,1.814776,18.36,maund/acre,2017-18-19.pdf,70,current
Sargodha,Sargodha,Rapeseed & Mustard,2018-19,Rabi,0.746272,7.55,maund/acre,2017-18-19.pdf,70,current
Sheikhupura,Sheikhupura,Rapeseed & Mustard,2018-19,Rabi,1.48266,15.0,maund/acre,2017-18-19.pdf,70,current
Sialkot,Sialkot,Rapeseed & Mustard,2018-19,Rabi,0.823371,8.33,maund/acre,2017-18-19.pdf,70,current
Toba Tek Singh,T.T.Singh,Rapeseed & Mustard,2018-19,Rabi,2.078689,21.03,maund/acre,2017-18-19.pdf,70,current
Vehari,Vehari,Rapeseed & Mustard,2018-19,Rabi,1.865186,18.87,maund/acre,2017-18-19.pdf,70,current
Bahawalnagar,Bahawalnagar,Rice,2018-19,Kharif,2.448366,24.77,maund/acre,2017-18-19.pdf,8,current
Bahawalpur,Bahawalpur,Rice,2018-19,Kharif,2.018394,20.42,maund/acre,2017-18-19.pdf,8,current
Bhakkar,Bhakkar,Rice,2018-19,Kharif,2.144915,21.7,maund/acre,2017-18-19.pdf,8,current
Chiniot,Chiniot,Rice,2018-19,Kharif,2.141949,21.67,maund/acre,2017-18-19.pdf,8,current
Dera Ghazi Khan,D.G. Khan,Rice,2018-19,Kharif,2.930725,29.65,maund/acre,2017-18-19.pdf,8,current
Faisalabad,Faisalabad,Rice,2018-19,Kharif,2.100435,21.25,maund/acre,2017-18-19.pdf,8,current
Gujranwala,Gujranwala,Rice,2018-19,Kharif,2.226955,22.53,maund/acre,2017-18-19.pdf,8,current
Gujrat,Gujrat,Rice,2018-19,Kharif,1.655637,16.75,maund/acre,2017-18-19.pdf,8,current
Hafizabad,Hafizabad,Rice,2018-19,Kharif,2.31295,23.4,maund/acre,2017-18-19.pdf,8,current
Jhang,Jhang,Rice,2018-19,Kharif,2.437493,24.66,maund/acre,2017-18-19.pdf,8,current
Jhelum,Jehlum,Rice,2018-19,Kharif,2.153811,21.79,maund/acre,2017-18-19.pdf,8,current
Kasur,Kasur,Rice,2018-19,Kharif,2.302077,23.29,maund/acre,2017-18-19.pdf,8,current
Khanewal,Khanewal,Rice,2018-19,Kharif,2.230909,22.57,maund/acre,2017-18-19.pdf,8,current
Khushab,Khushab,Rice,2018-19,Kharif,1.555805,15.74,maund/acre,2017-18-19.pdf,8,current
Lahore,Lahore,Rice,2018-19,Kharif,2.150845,21.76,maund/acre,2017-18-19.pdf,8,current
Layyah,Layyah,Rice,2018-19,Kharif,1.994672,20.18,maund/acre,2017-18-19.pdf,8,current
Lodhran,Lodhran,Rice,2018-19,Kharif,2.606516,26.37,maund/acre,2017-18-19.pdf,8,current
Mandi Bahauddin,M.B.Din,Rice,2018-19,Kharif,2.119215,21.44,maund/acre,2017-18-19.pdf,8,current
Mianwali,Mianwali,Rice,2018-19,Kharif,1.857279,18.79,maund/acre,2017-18-19.pdf,8,current
Multan,Multan,Rice,2018-19,Kharif,2.28132,23.08,maund/acre,2017-18-19.pdf,8,current
Muzaffargarh,Muzzafargargh,Rice,2018-19,Kharif,2.194337,22.2,maund/acre,2017-18-19.pdf,8,current
Nankana Sahib,Nankana Sahib,Rice,2018-19,Kharif,2.126134,21.51,maund/acre,2019-20(1).pdf,8,previous_year
Narowal,Narowal,Rice,2018-19,Kharif,1.948215,19.71,maund/acre,2017-18-19.pdf,8,current
Okara,Okara,Rice,2018-19,Kharif,2.569944,26.0,maund/acre,2017-18-19.pdf,8,current
Pakpattan,Pakpattan,Rice,2018-19,Kharif,2.447377,24.76,maund/acre,2017-18-19.pdf,8,current
Rahim Yar Khan,R.Y. Khan,Rice,2018-19,Kharif,2.090551,21.15,maund/acre,2017-18-19.pdf,8,current
Rajanpur,Rajan Pur,Rice,2018-19,Kharif,2.175556,22.01,maund/acre,2017-18-19.pdf,8,current
Sahiwal,Sahiwal,Rice,2018-19,Kharif,2.380164,24.08,maund/acre,2017-18-19.pdf,8,current
Sargodha,Sargodha,Rice,2018-19,Kharif,1.825649,18.47,maund/acre,2017-18-19.pdf,8,current
Sheikhupura,Sheikhupura,Rice,2018-19,Kharif,2.069793,20.94,maund/acre,2017-18-19.pdf,8,current
Sialkot,Sialkot,Rice,2018-19,Kharif,1.982811,20.06,maund/acre,2017-18-19.pdf,8,current
Toba Tek Singh,T.T. Singh,Rice,2018-19,Kharif,3.11754,31.54,maund/acre,2017-18-19.pdf,8,current
Vehari,Vehari,Rice,2018-19,Kharif,2.564013,25.94,maund/acre,2017-18-19.pdf,8,current
Attock,Attock,Sesamum,2018-19,Kharif,0.251064,2.54,maund/acre,2019-20(1).pdf,38,previous_year
Bahawalnagar,Bahawalnagar,Sesamum,2018-19,Kharif,0.547596,5.54,maund/acre,2019-20(1).pdf,38,previous_year
Bahawalpur,Bahawalpur,Sesamum,2018-19,Kharif,0.381538,3.86,maund/acre,2019-20(1).pdf,38,previous_year
Bhakkar,Bhakkar,Sesamum,2018-19,Kharif,0.800636,8.1,maund/acre,2019-20(1).pdf,38,previous_year
Chakwal,Chakwal,Sesamum,2018-19,Kharif,0.15222,1.54,maund/acre,2019-20(1).pdf,38,previous_year
Chiniot,Chiniot,Sesamum,2018-19,Kharif,0.513,5.19,maund/acre,2019-20(1).pdf,38,previous_year
Dera Ghazi Khan,D.G. Khan,Sesamum,2018-19,Kharif,0.177919,1.8,maund/acre,2019-20(1).pdf,38,previous_year
Faisalabad,Faisalabad,Sesamum,2018-19,Kharif,0.509047,5.15,maund/acre,2019-20(1).pdf,38,previous_year
Gujranwala,Gujranwala,Sesamum,2018-19,Kharif,0.171,1.73,maund/acre,2019-20(1).pdf,38,previous_year
Gujrat,Gujrat,Sesamum,2018-19,Kharif,0.197688,2.0,maund/acre,2019-20(1).pdf,38,previous_year
Hafizabad,Hafizabad,Sesamum,2018-19,Kharif,0.214491,2.17,maund/acre,2019-20(1).pdf,38,previous_year
Jhang,Jhang,Sesamum,2018-19,Kharif,0.429971,4.35,maund/acre,2019-20(1).pdf,38,previous_year
Jhelum,Jhelum,Sesamum,2018-19,Kharif,0.232283,2.35,maund/acre,2019-20(1).pdf,38,previous_year
Kasur,Kasur,Sesamum,2018-19,Kharif,0.86192,8.72,maund/acre,2019-20(1).pdf,38,previous_year
Khanewal,Khanewal,Sesamum,2018-19,Kharif,0.476428,4.82,maund/acre,2019-20(1).pdf,38,previous_year
Khushab,Khushab,Sesamum,2018-19,Kharif,0.479393,4.85,maund/acre,2019-20(1).pdf,38,previous_year
Lahore,Lahore,Sesamum,2018-19,Kharif,0.86192,8.72,maund/acre,2019-20(1).pdf,38,previous_year
Layyah,Layyah,Sesamum,2018-19,Kharif,0.441833,4.47,maund/acre,2019-20(1).pdf,38,previous_year
Lodhran,Lodhran,Sesamum,2018-19,Kharif,0.714642,7.23,maund/acre,2019-20(1).pdf,38,previous_year
Mandi Bahauddin,M.B. Din,Sesamum,2018-19,Kharif,0.393399,3.98,maund/acre,2019-20(1).pdf,38,previous_year
Mianwali,Mianwali,Sesamum,2018-19,Kharif,0.448752,4.54,maund/acre,2019-20(1).pdf,38,previous_year
Multan,Multan,Sesamum,2018-19,Kharif,0.612833,6.2,maund/acre,2019-20(1).pdf,38,previous_year
Muzaffargarh,Muzaffargarh,Sesamum,2018-19,Kharif,0.419099,4.24,maund/acre,2019-20(1).pdf,38,previous_year
Nankana Sahib,Nankana Sahib,Sesamum,2018-19,Kharif,0.348919,3.53,maund/acre,2019-20(1).pdf,38,previous_year
Narowal,Narowal,Sesamum,2018-19,Kharif,0.140358,1.42,maund/acre,2019-20(1).pdf,38,previous_year
Okara,Okara,Sesamum,2018-19,Kharif,0.643474,6.51,maund/acre,2019-20(1).pdf,38,previous_year
Pakpattan,Pakpattan,Sesamum,2018-19,Kharif,0.764064,7.73,maund/acre,2019-20(1).pdf,38,previous_year
Rahim Yar Khan,Rahim Yar Khan,Sesamum,2018-19,Kharif,0.54463,5.51,maund/acre,2019-20(1).pdf,38,previous_year
Rajanpur,Rajan Pur,Sesamum,2018-19,Kharif,0.195711,1.98,maund/acre,2019-20(1).pdf,38,previous_year
Rawalpindi,Rawalpindi,Sesamum,2018-19,Kharif,0.382526,3.87,maund/acre,2019-20(1).pdf,38,previous_year
Sahiwal,Sahiwal,Sesamum,2018-19,Kharif,0.876746,8.87,maund/acre,2019-20(1).pdf,38,previous_year
Sargodha,Sargodha,Sesamum,2018-19,Kharif,0.428983,4.34,maund/acre,2019-20(1).pdf,38,previous_year
Sheikhupura,Sheikhupura,Sesamum,2018-19,Kharif,0.391422,3.96,maund/acre,2019-20(1).pdf,38,previous_year
Sialkot,Sialkot,Sesamum,2018-19,Kharif,0.308393,3.12,maund/acre,2019-20(1).pdf,38,previous_year
Toba Tek Singh,T.T. Singh,Sesamum,2018-19,Kharif,0.742318,7.51,maund/acre,2019-20(1).pdf,38,previous_year
Vehari,Vehari,Sesamum,2018-19,Kharif,0.426018,4.31,maund/acre,2019-20(1).pdf,38,previous_year
Bahawalnagar,Bahawalnagar,Sugarcane,2018-19,Kharif,65.830104,666.0,maund/acre,2017-18-19.pdf,18,current
Bahawalpur,Bahawalpur,Sugarcane,2018-19,Kharif,66.324324,671.0,maund/acre,2017-18-19.pdf,18,current
Bhakkar,Bhakkar,Sugarcane,2018-19,Kharif,58.713336,594.0,maund/acre,2017-18-19.pdf,18,current
Chiniot,Chiniot,Sugarcane,2018-19,Kharif,67.411608,682.0,maund/acre,2017-18-19.pdf,18,current
Dera Ghazi Khan,D.G.Khan,Sugarcane,2018-19,Kharif,87.081564,881.0,maund/acre,2017-18-19.pdf,18,current
Faisalabad,Faisalabad,Sugarcane,2018-19,Kharif,68.103516,689.0,maund/acre,2017-18-19.pdf,18,current
Gujranwala,Gujranwala,Sugarcane,2018-19,Kharif,48.730092,493.0,maund/acre,2017-18-19.pdf,18,current
Gujrat,Gujrat,Sugarcane,2018-19,Kharif,47.247432,478.0,maund/acre,2017-18-19.pdf,18,current
Hafizabad,Hafizabad,Sugarcane,2018-19,Kharif,67.510452,683.0,maund/acre,2017-18-19.pdf,18,current
Jhang,Jhang,Sugarcane,2018-19,Kharif,64.841664,656.0,maund/acre,2017-18-19.pdf,18,current
Jhelum,Jhelum,Sugarcane,2018-19,Kharif,39.04338,395.0,maund/acre,2017-18-19.pdf,18,current
Kasur,Kasur,Sugarcane,2018-19,Kharif,60.29484,610.0,maund/acre,2017-18-19.pdf,18,current
Khanewal,Khanewal,Sugarcane,2018-19,Kharif,61.7775,625.0,maund/acre,2017-18-19.pdf,18,current
Khushab,Khushab,Sugarcane,2018-19,Kharif,45.46824,460.0,maund/acre,2017-18-19.pdf,18,current
Lahore,Lahore,Sugarcane,2018-19,Kharif,53.37576,540.0,maund/acre,2017-18-19.pdf,18,current
Layyah,Layyah,Sugarcane,2018-19,Kharif,72.749184,736.0,maund/acre,2017-18-19.pdf,18,current
Lodhran,Lodhran,Sugarcane,2018-19,Kharif,69.487332,703.0,maund/acre,2017-18-19.pdf,18,current
Mandi Bahauddin,M.B.Din,Sugarcane,2018-19,Kharif,58.416804,591.0,maund/acre,2017-18-19.pdf,18,current
Mianwali,Mianwali,Sugarcane,2018-19,Kharif,56.439924,571.0,maund/acre,2017-18-19.pdf,18,current
Multan,Multan,Sugarcane,2018-19,Kharif,59.701776,604.0,maund/acre,2017-18-19.pdf,18,current
Muzaffargarh,Muzaffargarh,Sugarcane,2018-19,Kharif,76.900632,778.0,maund/acre,2017-18-19.pdf,18,current
Nankana Sahib,Nankana sahib,Sugarcane,2018-19,Kharif,59.405244,601.0,maund/acre,2017-18-19.pdf,18,current
Narowal,Narowal,Sugarcane,2018-19,Kharif,40.52604,410.0,maund/acre,2017-18-19.pdf,18,current
Okara,Okara,Sugarcane,2018-19,Kharif,60.591372,613.0,maund/acre,2017-18-19.pdf,18,current
Pakpattan,Pakpattan,Sugarcane,2018-19,Kharif,61.28328,620.0,maund/acre,2017-18-19.pdf,18,current
Rajanpur,Rajanpur,Sugarcane,2018-19,Kharif,71.068836,719.0,maund/acre,2017-18-19.pdf,18,current
Sahiwal,Sahiwal,Sugarcane,2018-19,Kharif,63.457848,642.0,maund/acre,2017-18-19.pdf,18,current
Sargodha,Sargodha,Sugarcane,2018-19,Kharif,59.80062,605.0,maund/acre,2017-18-19.pdf,18,current
Sheikhupura,Sheikhupura,Sugarcane,2018-19,Kharif,74.62722,755.0,maund/acre,2017-18-19.pdf,18,current
Sialkot,Sialkot,Sugarcane,2018-19,Kharif,44.380956,449.0,maund/acre,2017-18-19.pdf,18,current
Toba Tek Singh,T.T.Singh,Sugarcane,2018-19,Kharif,65.533572,663.0,maund/acre,2017-18-19.pdf,18,current
Vehari,Vehari,Sugarcane,2018-19,Kharif,65.335884,661.0,maund/acre,2017-18-19.pdf,18,current
Attock,Attock,Wheat,2018-19,Rabi,2.031244,20.55,maund/acre,2017-18-19.pdf,3,current
Bahawalnagar,Bahawalnagar,Wheat,2018-19,Rabi,3.47832,35.19,maund/acre,2017-18-19.pdf,3,current
Bahawalpur,Bahawalpur,Wheat,2018-19,Rabi,3.232199,32.7,maund/acre,2017-18-19.pdf,3,current
Bhakkar,Bhakkar,Wheat,2018-19,Rabi,2.359406,23.87,maund/acre,2017-18-19.pdf,3,current
Chakwal,Chakwal,Wheat,2018-19,Rabi,1.43225,14.49,maund/acre,2017-18-19.pdf,3,current
Chiniot,Chiniot,Wheat,2018-19,Rabi,3.103702,31.4,maund/acre,2017-18-19.pdf,3,current
Dera Ghazi Khan,D.G. Khan,Wheat,2018-19,Rabi,3.069106,31.05,maund/acre,2017-18-19.pdf,3,current
Faisalabad,Faisalabad,Wheat,2018-19,Rabi,3.354765,33.94,maund/acre,2017-18-19.pdf,3,current
Gujranwala,Gujranwala,Wheat,2018-19,Rabi,2.836823,28.7,maund/acre,2017-18-19.pdf,3,current
Gujrat,Gujrat,Wheat,2018-19,Rabi,1.701105,17.21,maund/acre,2017-18-19.pdf,3,current
Hafizabad,Hafizabad,Wheat,2018-19,Rabi,3.204522,32.42,maund/acre,2017-18-19.pdf,3,current
Islamabad,Islamabad,Wheat,2018-19,Rabi,1.401608,14.18,maund/acre,2017-18-19.pdf,3,current
Jhang,Jhang,Wheat,2018-19,Rabi,3.360696,34.0,maund/acre,2017-18-19.pdf,3,current
Jhelum,Jhelum,Wheat,2018-19,Rabi,1.707036,17.27,maund/acre,2017-18-19.pdf,3,current
Kasur,Kasur,Wheat,2018-19,Rabi,3.093817,31.3,maund/acre,2017-18-19.pdf,3,current
Khanewal,Khanewal,Wheat,2018-19,Rabi,3.346858,33.86,maund/acre,2017-18-19.pdf,3,current
Khushab,Khushab,Wheat,2018-19,Rabi,1.894839,19.17,maund/acre,2017-18-19.pdf,3,current
Lahore,Lahore,Wheat,2018-19,Rabi,3.375523,34.15,maund/acre,2017-18-19.pdf,3,current
Layyah,Layyah,Wheat,2018-19,Rabi,2.811123,28.44,maund/acre,2017-18-19.pdf,3,current
Lodhran,Lodhran,Wheat,2018-19,Rabi,3.63054,36.73,maund/acre,2017-18-19.pdf,3,current
Mandi Bahauddin,M.B. Din,Wheat,2018-19,Rabi,2.784435,28.17,maund/acre,2017-18-19.pdf,3,current
Mianwali,Mianwali,Wheat,2018-19,Rabi,2.368302,23.96,maund/acre,2017-18-19.pdf,3,current
Multan,Multan,Wheat,2018-19,Rabi,3.342904,33.82,maund/acre,2017-18-19.pdf,3,current
Muzaffargarh,Muzaffargarh,Wheat,2018-19,Rabi,3.292494,33.31,maund/acre,2017-18-19.pdf,3,current
Nankana Sahib,Nankana Sahib,Wheat,2018-19,Rabi,3.416049,34.56,maund/acre,2017-18-19.pdf,3,current
Narowal,Narowal,Wheat,2018-19,Rabi,2.336672,23.64,maund/acre,2017-18-19.pdf,3,current
Okara,Okara,Wheat,2018-19,Rabi,3.530708,35.72,maund/acre,2017-18-19.pdf,3,current
Pakpattan,Pakpattan,Wheat,2018-19,Rabi,3.761014,38.05,maund/acre,2017-18-19.pdf,3,current
Rahim Yar Khan,Rahim Yar Khan,Wheat,2018-19,Rabi,3.411106,34.51,maund/acre,2017-18-19.pdf,3,current
Rajanpur,Rajan Pur,Wheat,2018-19,Rabi,3.251968,32.9,maund/acre,2017-18-19.pdf,3,current
Rawalpindi,Rawalpindi,Wheat,2018-19,Rabi,1.670464,16.9,maund/acre,2017-18-19.pdf,3,current
Sahiwal,Sahiwal,Wheat,2018-19,Rabi,3.496112,35.37,maund/acre,2017-18-19.pdf,3,current
Sargodha,Sargodha,Wheat,2018-19,Rabi,2.788389,28.21,maund/acre,2017-18-19.pdf,3,current
Sheikhupura,Sheikhupura,Wheat,2018-19,Rabi,3.235164,32.73,maund/acre,2017-18-19.pdf,3,current
Sialkot,Sialkot,Wheat,2018-19,Rabi,2.726118,27.58,maund/acre,2017-18-19.pdf,3,current
Toba Tek Singh,T.T. Singh,Wheat,2018-19,Rabi,3.607806,36.5,maund/acre,2017-18-19.pdf,3,current
Vehari,Vehari,Wheat,2018-19,Rabi,3.278655,33.17,maund/acre,2017-18-19.pdf,3,current
Attock,Attock,Bajra,2019-20,Kharif,0.422064,4.27,maund/acre,2020-21(1).pdf,128,previous_year
Bahawalnagar,Bahawalnagar,Bajra,2019-20,Kharif,1.196012,12.1,maund/acre,2020-21(1).pdf,128,previous_year
Bahawalpur,Bahawalpur,Bajra,2019-20,Kharif,1.284972,13.0,maund/acre,2020-21(1).pdf,128,previous_year
Bhakkar,Bhakkar,Bajra,2019-20,Kharif,1.735701,17.56,maund/acre,2020-21(1).pdf,128,previous_year
Chakwal,Chakwal,Bajra,2019-20,Kharif,0.369677,3.74,maund/acre,2020-21(1).pdf,128,previous_year
Chiniot,Chiniot,Bajra,2019-20,Kharif,1.150544,11.64,maund/acre,2020-21(1).pdf,128,previous_year
Dera Ghazi Khan,D.G. Khan,Bajra,2019-20,Kharif,0.721561,7.3,maund/acre,2020-21(1).pdf,128,previous_year
Faisalabad,Faisalabad,Bajra,2019-20,Kharif,1.111995,11.25,maund/acre,2020-21(1).pdf,128,previous_year
Gujranwala,Gujranwala,Bajra,2019-20,Kharif,0.573295,5.8,maund/acre,2020-21(1).pdf,128,previous_year
Gujrat,Gujrat,Bajra,2019-20,Kharif,0.414156,4.19,maund/acre,2020-21(1).pdf,128,previous_year
Hafizabad,Hafizabad,Bajra,2019-20,Kharif,0.717607,7.26,maund/acre,2020-21(1).pdf,128,previous_year
Islamabad,Islamabad,Bajra,2019-20,Kharif,0.308393,3.12,maund/acre,2020-21(1).pdf,128,previous_year
Jhang,Jhang,Bajra,2019-20,Kharif,0.923203,9.34,maund/acre,2020-21(1).pdf,128,previous_year
Jhelum,Jhelum,Bajra,2019-20,Kharif,0.402295,4.07,maund/acre,2020-21(1).pdf,128,previous_year
Kasur,Kasur,Bajra,2019-20,Kharif,1.037862,10.5,maund/acre,2020-21(1).pdf,128,previous_year
Khanewal,Khanewal,Bajra,2019-20,Kharif,1.186128,12.0,maund/acre,2020-21(1).pdf,128,previous_year
Khushab,Khushab,Bajra,2019-20,Kharif,0.842151,8.52,maund/acre,2020-21(1).pdf,128,previous_year
Lahore,Lahore,Bajra,2019-20,Kharif,1.334394,13.5,maund/acre,2020-21(1).pdf,128,previous_year
Layyah,Layyah,Bajra,2019-20,Kharif,0.840174,8.5,maund/acre,2020-21(1).pdf,128,previous_year
Lodhran,Lodhran,Bajra,2019-20,Kharif,1.202931,12.17,maund/acre,2020-21(1).pdf,128,previous_year
Mandi Bahauddin,M.B. Din,Bajra,2019-20,Kharif,0.834243,8.44,maund/acre,2020-21(1).pdf,128,previous_year
Mianwali,Mianwali,Bajra,2019-20,Kharif,0.888608,8.99,maund/acre,2020-21(1).pdf,128,previous_year
Multan,Multan,Bajra,2019-20,Kharif,0.553526,5.6,maund/acre,2020-21(1).pdf,128,previous_year
Muzaffargarh,Muzaffargarh,Bajra,2019-20,Kharif,0.86785,8.78,maund/acre,2020-21(1).pdf,128,previous_year
Nankana Sahib,Nankana Sahib,Bajra,2019-20,Kharif,0.859943,8.7,maund/acre,2020-21(1).pdf,128,previous_year
Narowal,Narowal,Bajra,2019-20,Kharif,0.892561,9.03,maund/acre,2020-21(1).pdf,128,previous_year
Okara,Okara,Bajra,2019-20,Kharif,1.990718,20.14,maund/acre,2020-21(1).pdf,128,previous_year
Pakpattan,Pakpattan,Bajra,2019-20,Kharif,2.031244,20.55,maund/acre,2020-21(1).pdf,128,previous_year
Rahim Yar Khan,Rahim Yar Khan,Bajra,2019-20,Kharif,1.027978,10.4,maund/acre,2020-21(1).pdf,128,previous_year
Rajanpur,Rajan Pur,Bajra,2019-20,Kharif,1.198978,12.13,maund/acre,2020-21(1).pdf,128,previous_year
Rawalpindi,Rawalpindi,Bajra,2019-20,Kharif,0.366711,3.71,maund/acre,2020-21(1).pdf,128,previous_year
Sahiwal,Sahiwal,Bajra,2019-20,Kharif,2.07177,20.96,maund/acre,2020-21(1).pdf,128,previous_year
Sargodha,Sargodha,Bajra,2019-20,Kharif,0.588122,5.95,maund/acre,2020-21(1).pdf,128,previous_year
Sheikhupura,Sheikhupura,Bajra,2019-20,Kharif,0.840174,8.5,maund/acre,2020-21(1).pdf,128,previous_year
Sialkot,Sialkot,Bajra,2019-20,Kharif,0.578237,5.85,maund/acre,2020-21(1).pdf,128,previous_year
Toba Tek Singh,T.T. Singh,Bajra,2019-20,Kharif,2.145903,21.71,maund/acre,2020-21(1).pdf,128,previous_year
Vehari,Vehari,Bajra,2019-20,Kharif,1.037862,10.5,maund/acre,2020-21(1).pdf,128,previous_year
Attock,Attock,Barley,2019-20,Rabi,0.896515,9.07,maund/acre,2019-20(1).pdf,84,current
Bahawalnagar,Bahawalnagar,Barley,2019-20,Rabi,0.834243,8.44,maund/acre,2019-20(1).pdf,84,current
Bahawalpur,Bahawalpur,Barley,2019-20,Rabi,1.337359,13.53,maund/acre,2019-20(1).pdf,84,current
Bhakkar,Bhakkar,Barley,2019-20,Rabi,1.112983,11.26,maund/acre,2019-20(1).pdf,84,current
Chakwal,Chakwal --,Barley,2019-20,Rabi,0.897504,9.08,maund/acre,2019-20(1).pdf,84,current
Faisalabad,Faisalabad,Barley,2019-20,Rabi,1.354163,13.7,maund/acre,2019-20(1).pdf,84,current
Gujrat,Gujrat,Barley,2019-20,Rabi,1.307706,13.23,maund/acre,2019-20(1).pdf,84,current
Jhang,Jhang,Barley,2019-20,Rabi,1.076411,10.89,maund/acre,2019-20(1).pdf,84,current
Khushab,Khushab,Barley,2019-20,Rabi,1.043793,10.56,maund/acre,2019-20(1).pdf,84,current
Layyah,Layyah,Barley,2019-20,Rabi,0.939018,9.5,maund/acre,2019-20(1).pdf,84,current
Mandi Bahauddin,M.B. Din,Barley,2019-20,Rabi,1.413469,14.3,maund/acre,2019-20(1).pdf,84,current
Mianwali,Mianwali,Barley,2019-20,Rabi,0.981521,9.93,maund/acre,2019-20(1).pdf,84,current
Muzaffargarh,Muzaffargarh,Barley,2019-20,Rabi,1.189093,12.03,maund/acre,2019-20(1).pdf,84,current
Narowal,Narowal,Barley,2019-20,Rabi,0.889596,9.0,maund/acre,2019-20(1).pdf,84,current
Pakpattan,Pakpattan,Barley,2019-20,Rabi,1.151533,11.65,maund/acre,2019-20(1).pdf,84,current
Sheikhupura,Sheikhupura,Barley,2019-20,Rabi,0.905411,9.16,maund/acre,2019-20(1).pdf,84,current
Toba Tek Singh,T.T. Singh,Barley,2019-20,Rabi,1.170313,11.84,maund/acre,2019-20(1).pdf,84,current
Vehari,Vehari,Barley,2019-20,Rabi,1.186128,12.0,maund/acre,2019-20(1).pdf,84,current
Bahawalnagar,Bahawalnagar,Bitter Gourd,2019-20,Kharif,10.388504,105.1,maund/acre,2020-21(1).pdf,68,previous_year
Bahawalpur,Bahawalpur,Bitter Gourd,2019-20,Kharif,11.781216,119.19,maund/acre,2020-21(1).pdf,68,previous_year
Chiniot,Chiniot,Bitter Gourd,2019-20,Kharif,16.558347,167.52,maund/acre,2020-21(1).pdf,68,previous_year
Faisalabad,Faisalabad,Bitter Gourd,2019-20,Kharif,13.878686,140.41,maund/acre,2020-21(1).pdf,68,previous_year
Gujranwala,Gujranwala,Bitter Gourd,2019-20,Kharif,8.176376,82.72,maund/acre,2020-21(1).pdf,68,previous_year
Gujrat,Gujrat,Bitter Gourd,2019-20,Kharif,10.719632,108.45,maund/acre,2020-21(1).pdf,68,previous_year
Jhang,Jhang,Bitter Gourd,2019-20,Kharif,14.800901,149.74,maund/acre,2020-21(1).pdf,68,previous_year
Kasur,Kasur,Bitter Gourd,2019-20,Kharif,13.047408,132.0,maund/acre,2020-21(1).pdf,68,previous_year
Khanewal,Khanewal,Bitter Gourd,2019-20,Kharif,11.380898,115.14,maund/acre,2020-21(1).pdf,68,previous_year
Lahore,Lahore,Bitter Gourd,2019-20,Kharif,12.563072,127.1,maund/acre,2020-21(1).pdf,68,previous_year
Lodhran,Lodhran,Bitter Gourd,2019-20,Kharif,11.702141,118.39,maund/acre,2020-21(1).pdf,68,previous_year
Mandi Bahauddin,M.B. Din,Bitter Gourd,2019-20,Kharif,8.168468,82.64,maund/acre,2020-21(1).pdf,68,previous_year
Multan,Multan,Bitter Gourd,2019-20,Kharif,11.362118,114.95,maund/acre,2020-21(1).pdf,68,previous_year
Muzaffargarh,Muzaffargarh,Bitter Gourd,2019-20,Kharif,13.002928,131.55,maund/acre,2020-21(1).pdf,68,previous_year
Nankana Sahib,Nankana Sahib,Bitter Gourd,2019-20,Kharif,12.879373,130.3,maund/acre,2020-21(1).pdf,68,previous_year
Narowal,Narowal,Bitter Gourd,2019-20,Kharif,8.158584,82.54,maund/acre,2020-21(1).pdf,68,previous_year
Okara,Okara,Bitter Gourd,2019-20,Kharif,13.83816,140.0,maund/acre,2020-21(1).pdf,68,previous_year
Pakpattan,Pakpattan,Bitter Gourd,2019-20,Kharif,11.273158,114.05,maund/acre,2020-21(1).pdf,68,previous_year
Rahim Yar Khan,Rahim Yar Khan,Bitter Gourd,2019-20,Kharif,13.64146,138.01,maund/acre,2020-21(1).pdf,68,previous_year
Sahiwal,Sahiwal,Bitter Gourd,2019-20,Kharif,17.100012,173.0,maund/acre,2020-21(1).pdf,68,previous_year
Sargodha,Sargodha,Bitter Gourd,2019-20,Kharif,9.986209,101.03,maund/acre,2020-21(1).pdf,68,previous_year
Sheikhupura,Sheikhupura,Bitter Gourd,2019-20,Kharif,13.373593,135.3,maund/acre,2020-21(1).pdf,68,previous_year
Sialkot,Sialkot,Bitter Gourd,2019-20,Kharif,7.614942,77.04,maund/acre,2020-21(1).pdf,68,previous_year
Toba Tek Singh,T.T. Singh,Bitter Gourd,2019-20,Kharif,16.075,162.63,maund/acre,2020-21(1).pdf,68,previous_year
Vehari,Vehari,Bitter Gourd,2019-20,Kharif,12.84972,130.0,maund/acre,2020-21(1).pdf,68,previous_year
Attock,Attock --,Canola,2019-20,Rabi,1.368989,13.85,maund/acre,2019-20(1).pdf,101,current
Bhakkar,Bhakkar,Canola,2019-20,Rabi,1.300787,13.16,maund/acre,2019-20(1).pdf,101,current
Chiniot,Chiniot,Canola,2019-20,Rabi,2.022348,20.46,maund/acre,2019-20(1).pdf,101,current
Dera Ghazi Khan,D.G. Khan,Canola,2019-20,Rabi,2.207187,22.33,maund/acre,2019-20(1).pdf,101,current
Faisalabad,Faisalabad,Canola,2019-20,Rabi,2.025314,20.49,maund/acre,2019-20(1).pdf,101,current
Gujrat,Gujrat --,Canola,2019-20,Rabi,1.226654,12.41,maund/acre,2019-20(1).pdf,101,current
Jhang,Jhang,Canola,2019-20,Rabi,1.9581,19.81,maund/acre,2019-20(1).pdf,101,current
Kasur,Kasur,Canola,2019-20,Rabi,1.578539,15.97,maund/acre,2019-20(1).pdf,101,current
Khanewal,Khanewal,Canola,2019-20,Rabi,1.915597,19.38,maund/acre,2019-20(1).pdf,101,current
Khushab,Khushab,Canola,2019-20,Rabi,1.586446,16.05,maund/acre,2019-20(1).pdf,101,current
Layyah,Layyah,Canola,2019-20,Rabi,2.056944,20.81,maund/acre,2019-20(1).pdf,101,current
Mianwali,Mianwali,Canola,2019-20,Rabi,1.833556,18.55,maund/acre,2019-20(1).pdf,101,current
Muzaffargarh,Muzaffargarh,Canola,2019-20,Rabi,2.054967,20.79,maund/acre,2019-20(1).pdf,101,current
Nankana Sahib,Nankana Sahib,Canola,2019-20,Rabi,2.171603,21.97,maund/acre,2019-20(1).pdf,101,current
Okara,Okara,Canola,2019-20,Rabi,1.650695,16.7,maund/acre,2019-20(1).pdf,101,current
Pakpattan,Pakpattan,Canola,2019-20,Rabi,1.864198,18.86,maund/acre,2019-20(1).pdf,101,current
Rahim Yar Khan,Rahim Yar Khan,Canola,2019-20,Rabi,1.477718,14.95,maund/acre,2019-20(1).pdf,101,current
Rajanpur,Rajan Pur,Canola,2019-20,Rabi,1.54592,15.64,maund/acre,2019-20(1).pdf,101,current
Rawalpindi,Rawalpindi --,Canola,2019-20,Rabi,0.506081,5.12,maund/acre,2019-20(1).pdf,101,current
Sahiwal,Sahiwal,Canola,2019-20,Rabi,1.520221,15.38,maund/acre,2019-20(1).pdf,101,current
Sargodha,Sargodha,Canola,2019-20,Rabi,1.352186,13.68,maund/acre,2019-20(1).pdf,101,current
Sheikhupura,Sheikhupura,Canola,2019-20,Rabi,1.827626,18.49,maund/acre,2019-20(1).pdf,101,current
Toba Tek Singh,T.T. Singh,Canola,2019-20,Rabi,1.864198,18.86,maund/acre,2019-20(1).pdf,101,current
Vehari,Vehari,Canola,2019-20,Rabi,1.975892,19.99,maund/acre,2019-20(1).pdf,101,current
Bahawalpur,Bahawalpur,Chilies (Red),2019-20,Kharif,1.910655,19.33,maund/acre,2020-21(1).pdf,75,previous_year
Dera Ghazi Khan,D.G. Khan,Chilies (Red),2019-20,Kharif,1.297822,13.13,maund/acre,2020-21(1).pdf,75,previous_year
Gujranwala,Gujranwala,Chilies (Red),2019-20,Kharif,1.779192,18.0,maund/acre,2020-21(1).pdf,75,previous_year
Kasur,Kasur,Chilies (Red),2019-20,Kharif,1.472776,14.9,maund/acre,2020-21(1).pdf,75,previous_year
Khanewal,Khanewal,Chilies (Red),2019-20,Kharif,1.682325,17.02,maund/acre,2020-21(1).pdf,75,previous_year
Lahore,Lahore,Chilies (Red),2019-20,Kharif,1.878036,19.0,maund/acre,2020-21(1).pdf,75,previous_year
Layyah,Layyah,Chilies (Red),2019-20,Kharif,1.881001,19.03,maund/acre,2020-21(1).pdf,75,previous_year
Lodhran,Lodhran,Chilies (Red),2019-20,Kharif,1.654649,16.74,maund/acre,2020-21(1).pdf,75,previous_year
Multan,Multan,Chilies (Red),2019-20,Kharif,1.878036,19.0,maund/acre,2020-21(1).pdf,75,previous_year
Muzaffargarh,Muzaffargarh,Chilies (Red),2019-20,Kharif,1.990718,20.14,maund/acre,2020-21(1).pdf,75,previous_year
Okara,Okara,Chilies (Red),2019-20,Kharif,2.180499,22.06,maund/acre,2020-21(1).pdf,75,previous_year
Pakpattan,Pakpattan,Chilies (Red),2019-20,Kharif,1.955134,19.78,maund/acre,2020-21(1).pdf,75,previous_year
Rahim Yar Khan,Rahim Yar Khan,Chilies (Red),2019-20,Kharif,1.832568,18.54,maund/acre,2020-21(1).pdf,75,previous_year
Rajanpur,Rajan Pur,Chilies (Red),2019-20,Kharif,2.966308,30.01,maund/acre,2020-21(1).pdf,75,previous_year
Sahiwal,Sahiwal,Chilies (Red),2019-20,Kharif,1.868152,18.9,maund/acre,2020-21(1).pdf,75,previous_year
Sargodha,Sargodha,Chilies (Red),2019-20,Kharif,1.575573,15.94,maund/acre,2020-21(1).pdf,75,previous_year
Toba Tek Singh,T.T. Singh,Chilies (Red),2019-20,Kharif,1.457949,14.75,maund/acre,2020-21(1).pdf,75,previous_year
Vehari,Vehari,Chilies (Red),2019-20,Kharif,1.800938,18.22,maund/acre,2020-21(1).pdf,75,previous_year
Attock,Attock,Citrus Fruits,2019-20,Other/Perennial,12.454344,126.0,maund/acre,2019-20(1).pdf,130,current
Bahawalnagar,Bahawalnagar,Citrus Fruits,2019-20,Other/Perennial,13.640472,138.0,maund/acre,2019-20(1).pdf,130,current
Bahawalpur,Bahawalpur,Citrus Fruits,2019-20,Other/Perennial,13.739316,139.0,maund/acre,2019-20(1).pdf,130,current
Bhakkar,Bhakkar,Citrus Fruits,2019-20,Other/Perennial,13.442784,136.0,maund/acre,2019-20(1).pdf,130,current
Chakwal,Chakwal,Citrus Fruits,2019-20,Other/Perennial,13.047408,132.0,maund/acre,2019-20(1).pdf,130,current
Chiniot,Chiniot,Citrus Fruits,2019-20,Other/Perennial,12.553188,127.0,maund/acre,2019-20(1).pdf,130,current
Dera Ghazi Khan,D.G. Khan,Citrus Fruits,2019-20,Other/Perennial,12.157812,123.0,maund/acre,2019-20(1).pdf,130,current
Faisalabad,Faisalabad,Citrus Fruits,2019-20,Other/Perennial,14.530068,147.0,maund/acre,2019-20(1).pdf,130,current
Gujranwala,Gujranwala,Citrus Fruits,2019-20,Other/Perennial,4.250292,43.0,maund/acre,2019-20(1).pdf,130,current
Gujrat,Gujrat,Citrus Fruits,2019-20,Other/Perennial,8.006364,81.0,maund/acre,2019-20(1).pdf,130,current
Hafizabad,Hafizabad,Citrus Fruits,2019-20,Other/Perennial,7.808676,79.0,maund/acre,2019-20(1).pdf,130,current
Jhang,Jhang,Citrus Fruits,2019-20,Other/Perennial,11.564748,117.0,maund/acre,2019-20(1).pdf,130,current
Jhelum,Jhelum,Citrus Fruits,2019-20,Other/Perennial,11.465904,116.0,maund/acre,2019-20(1).pdf,130,current
Kasur,Kasur,Citrus Fruits,2019-20,Other/Perennial,14.035848,142.0,maund/acre,2019-20(1).pdf,130,current
Khanewal,Khanewal,Citrus Fruits,2019-20,Other/Perennial,17.396544,176.0,maund/acre,2019-20(1).pdf,130,current
Khushab,Khushab,Citrus Fruits,2019-20,Other/Perennial,13.640472,138.0,maund/acre,2019-20(1).pdf,130,current
Lahore,Lahore,Citrus Fruits,2019-20,Other/Perennial,11.070528,112.0,maund/acre,2019-20(1).pdf,130,current
Layyah,Layyah,Citrus Fruits,2019-20,Other/Perennial,16.704636,169.0,maund/acre,2019-20(1).pdf,130,current
Lodhran,Lodhran,Citrus Fruits,2019-20,Other/Perennial,13.245096,134.0,maund/acre,2019-20(1).pdf,130,current
Mandi Bahauddin,M.B.Din,Citrus Fruits,2019-20,Other/Perennial,16.902324,171.0,maund/acre,2019-20(1).pdf,130,current
Mianwali,Mianwali,Citrus Fruits,2019-20,Other/Perennial,12.157812,123.0,maund/acre,2019-20(1).pdf,130,current
Multan,Multan,Citrus Fruits,2019-20,Other/Perennial,14.233536,144.0,maund/acre,2019-20(1).pdf,130,current
Muzaffargarh,Muzaffargarh,Citrus Fruits,2019-20,Other/Perennial,12.157812,123.0,maund/acre,2019-20(1).pdf,130,current
Nankana Sahib,Nankana Sahib,Citrus Fruits,2019-20,Other/Perennial,7.808676,79.0,maund/acre,2019-20(1).pdf,130,current
Narowal,Narowal,Citrus Fruits,2019-20,Other/Perennial,8.40174,85.0,maund/acre,2019-20(1).pdf,130,current
Okara,Okara,Citrus Fruits,2019-20,Other/Perennial,13.83816,140.0,maund/acre,2019-20(1).pdf,130,current
Pakpattan,Pakpattan,Citrus Fruits,2019-20,Other/Perennial,10.477464,106.0,maund/acre,2019-20(1).pdf,130,current
Rahim Yar Khan,R.Y. Khan,Citrus Fruits,2019-20,Other/Perennial,9.983244,101.0,maund/acre,2019-20(1).pdf,130,current
Rajanpur,Rajan Pur,Citrus Fruits,2019-20,Other/Perennial,10.773996,109.0,maund/acre,2019-20(1).pdf,130,current
Rawalpindi,Rawalpindi --,Citrus Fruits,2019-20,Other/Perennial,10.477464,106.0,maund/acre,2019-20(1).pdf,130,current
Sahiwal,Sahiwal,Citrus Fruits,2019-20,Other/Perennial,15.617352,158.0,maund/acre,2019-20(1).pdf,130,current
Sargodha,Sargodha,Citrus Fruits,2019-20,Other/Perennial,17.693076,179.0,maund/acre,2019-20(1).pdf,130,current
Sheikhupura,Sheikhupura,Citrus Fruits,2019-20,Other/Perennial,6.029484,61.0,maund/acre,2019-20(1).pdf,130,current
Sialkot,Sialkot,Citrus Fruits,2019-20,Other/Perennial,7.512144,76.0,maund/acre,2019-20(1).pdf,130,current
Toba Tek Singh,T.T.Singh,Citrus Fruits,2019-20,Other/Perennial,23.22834,235.0,maund/acre,2019-20(1).pdf,130,current
Vehari,Vehari,Citrus Fruits,2019-20,Other/Perennial,16.30926,165.0,maund/acre,2019-20(1).pdf,130,current
Bahawalnagar,Bahawalnagar,Cotton,2019-20,Kharif,0.866862,8.77,maund/acre,2019-20(1).pdf,4,current
Bahawalpur,Bahawalpur,Cotton,2019-20,Kharif,0.815463,8.25,maund/acre,2019-20(1).pdf,4,current
Bhakkar,Bhakkar,Cotton,2019-20,Kharif,0.691908,7.0,maund/acre,2019-20(1).pdf,4,current
Chiniot,Chiniot,Cotton,2019-20,Kharif,1.183163,11.97,maund/acre,2019-20(1).pdf,4,current
Dera Ghazi Khan,D.G. Khan,Cotton,2019-20,Kharif,1.617088,16.36,maund/acre,2019-20(1).pdf,4,current
Faisalabad,Faisalabad,Cotton,2019-20,Kharif,0.585156,5.92,maund/acre,2019-20(1).pdf,4,current
Jhang,Jhang,Cotton,2019-20,Kharif,1.439169,14.56,maund/acre,2019-20(1).pdf,4,current
Jhelum,Jehlum,Cotton,2019-20,Kharif,0.474451,4.8,maund/acre,2019-20(1).pdf,4,current
Kasur,Kasur,Cotton,2019-20,Kharif,0.692896,7.01,maund/acre,2019-20(1).pdf,4,current
Khanewal,Khanewal,Cotton,2019-20,Kharif,0.691908,7.0,maund/acre,2019-20(1).pdf,4,current
Layyah,Layyah,Cotton,2019-20,Kharif,0.790752,8.0,maund/acre,2019-20(1).pdf,4,current
Lodhran,Lodhran,Cotton,2019-20,Kharif,1.722851,17.43,maund/acre,2019-20(1).pdf,4,current
Mandi Bahauddin,M.B.Din,Cotton,2019-20,Kharif,0.419099,4.24,maund/acre,2019-20(1).pdf,4,current
Mianwali,Mianwali,Cotton,2019-20,Kharif,1.697151,17.17,maund/acre,2019-20(1).pdf,4,current
Multan,Multan,Cotton,2019-20,Kharif,1.813787,18.35,maund/acre,2019-20(1).pdf,4,current
Muzaffargarh,Muzzafargargh,Cotton,2019-20,Kharif,0.685977,6.94,maund/acre,2019-20(1).pdf,4,current
Okara,Okara,Cotton,2019-20,Kharif,1.753493,17.74,maund/acre,2019-20(1).pdf,4,current
Pakpattan,Pakpattan,Cotton,2019-20,Kharif,0.909365,9.2,maund/acre,2019-20(1).pdf,4,current
Rahim Yar Khan,R.Y. Khan,Cotton,2019-20,Kharif,0.78581,7.95,maund/acre,2019-20(1).pdf,4,current
Rajanpur,Rajan Pur,Cotton,2019-20,Kharif,0.691908,7.0,maund/acre,2019-20(1).pdf,4,current
Sahiwal,Sahiwal,Cotton,2019-20,Kharif,0.998324,10.1,maund/acre,2019-20(1).pdf,4,current
Sargodha,Sargodha,Cotton,2019-20,Kharif,0.819417,8.29,maund/acre,2019-20(1).pdf,4,current
Toba Tek Singh,T.T. Singh,Cotton,2019-20,Kharif,0.612833,6.2,maund/acre,2019-20(1).pdf,4,current
Vehari,Vehari,Cotton,2019-20,Kharif,0.879712,8.9,maund/acre,2019-20(1).pdf,4,current
Bahawalnagar,Bahawalnagar,Dates,2019-20,Kharif,6.951699,70.33,maund/acre,2020-21(1).pdf,79,previous_year
Bahawalpur,Bahawalpur,Dates,2019-20,Kharif,14.881953,150.56,maund/acre,2020-21(1).pdf,79,previous_year
Bhakkar,Bhakkar,Dates,2019-20,Kharif,6.198507,62.71,maund/acre,2020-21(1).pdf,79,previous_year
Chiniot,Chiniot,Dates,2019-20,Kharif,6.592895,66.7,maund/acre,2020-21(1).pdf,79,previous_year
Dera Ghazi Khan,D.G. Khan,Dates,2019-20,Kharif,7.180028,72.64,maund/acre,2020-21(1).pdf,79,previous_year
Faisalabad,Faisalabad,Dates,2019-20,Kharif,6.549403,66.26,maund/acre,2020-21(1).pdf,79,previous_year
Hafizabad,Hafizabad,Dates,2019-20,Kharif,12.105425,122.47,maund/acre,2020-21(1).pdf,79,previous_year
Jhang,Jhang,Dates,2019-20,Kharif,7.986595,80.8,maund/acre,2020-21(1).pdf,79,previous_year
Khanewal,Khanewal,Dates,2019-20,Kharif,5.337576,54.0,maund/acre,2020-21(1).pdf,79,previous_year
Khushab,Khushab,Dates,2019-20,Kharif,10.87284,110.0,maund/acre,2020-21(1).pdf,79,previous_year
Lahore,Lahore,Dates,2019-20,Kharif,5.958316,60.28,maund/acre,2020-21(1).pdf,79,previous_year
Layyah,Layyah,Dates,2019-20,Kharif,7.604069,76.93,maund/acre,2020-21(1).pdf,79,previous_year
Lodhran,Lodhran,Dates,2019-20,Kharif,8.016248,81.1,maund/acre,2020-21(1).pdf,79,previous_year
Mianwali,Mianwali,Dates,2019-20,Kharif,11.529164,116.64,maund/acre,2020-21(1).pdf,79,previous_year
Multan,Multan,Dates,2019-20,Kharif,7.662387,77.52,maund/acre,2020-21(1).pdf,79,previous_year
Muzaffargarh,Muzaffargarh,Dates,2019-20,Kharif,8.611289,87.12,maund/acre,2020-21(1).pdf,79,previous_year
Okara,Okara,Dates,2019-20,Kharif,6.917103,69.98,maund/acre,2020-21(1).pdf,79,previous_year
Rahim Yar Khan,Rahim Yar Khan,Dates,2019-20,Kharif,6.924022,70.05,maund/acre,2020-21(1).pdf,79,previous_year
Rajanpur,Rajan Pur,Dates,2019-20,Kharif,5.931628,60.01,maund/acre,2020-21(1).pdf,79,previous_year
Sahiwal,Sahiwal,Dates,2019-20,Kharif,6.918092,69.99,maund/acre,2020-21(1).pdf,79,previous_year
Sargodha,Sargodha,Dates,2019-20,Kharif,9.210284,93.18,maund/acre,2020-21(1).pdf,79,previous_year
Toba Tek Singh,T.T. Singh,Dates,2019-20,Kharif,5.457177,55.21,maund/acre,2020-21(1).pdf,79,previous_year
Vehari,Vehari,Dates,2019-20,Kharif,4.9422,50.0,maund/acre,2020-21(1).pdf,79,previous_year
Attock,Attock --,Gram,2019-20,Rabi,0.566376,5.73,maund/acre,2019-20(1).pdf,79,current
Bahawalnagar,Bahawalnagar,Gram,2019-20,Rabi,1.097168,11.1,maund/acre,2019-20(1).pdf,79,current
Bhakkar,Bhakkar,Gram,2019-20,Rabi,0.524862,5.31,maund/acre,2019-20(1).pdf,79,current
Chakwal,Chakwal --,Gram,2019-20,Rabi,0.556492,5.63,maund/acre,2019-20(1).pdf,79,current
Dera Ghazi Khan,D.G. Khan,Gram,2019-20,Rabi,1.000301,10.12,maund/acre,2019-20(1).pdf,79,current
Jhang,Jhang,Gram,2019-20,Rabi,0.548584,5.55,maund/acre,2019-20(1).pdf,79,current
Jhelum,Jhelum --,Gram,2019-20,Rabi,0.556492,5.63,maund/acre,2019-20(1).pdf,79,current
Khanewal,Khanewal,Gram,2019-20,Rabi,1.059608,10.72,maund/acre,2019-20(1).pdf,79,current
Khushab,Khushab,Gram,2019-20,Rabi,0.517943,5.24,maund/acre,2019-20(1).pdf,79,current
Layyah,Layyah,Gram,2019-20,Rabi,0.556492,5.63,maund/acre,2019-20(1).pdf,79,current
Mianwali,Mianwali,Gram,2019-20,Rabi,0.679058,6.87,maund/acre,2019-20(1).pdf,79,current
Muzaffargarh,Muzaffargarh,Gram,2019-20,Rabi,0.529804,5.36,maund/acre,2019-20(1).pdf,79,current
Sahiwal,Sahiwal,Gram,2019-20,Rabi,1.103099,11.16,maund/acre,2019-20(1).pdf,79,current
Toba Tek Singh,T.T. Singh,Gram,2019-20,Rabi,0.927157,9.38,maund/acre,2019-20(1).pdf,79,current
Attock,Attock,Guarseed,2019-20,Kharif,0.312347,3.16,maund/acre,2020-21(1).pdf,140,previous_year
Bahawalnagar,Bahawalnagar,Guarseed,2019-20,Kharif,0.822382,8.32,maund/acre,2020-21(1).pdf,140,previous_year
Bahawalpur,Bahawalpur,Guarseed,2019-20,Kharif,1.192059,12.06,maund/acre,2020-21(1).pdf,140,previous_year
Bhakkar,Bhakkar,Guarseed,2019-20,Kharif,0.503116,5.09,maund/acre,2020-21(1).pdf,140,previous_year
Chakwal,Chakwal,Guarseed,2019-20,Kharif,0.440844,4.46,maund/acre,2020-21(1).pdf,140,previous_year
Dera Ghazi Khan,D.G. Khan,Guarseed,2019-20,Kharif,0.487301,4.93,maund/acre,2020-21(1).pdf,140,previous_year
Faisalabad,Faisalabad,Guarseed,2019-20,Kharif,0.937041,9.48,maund/acre,2020-21(1).pdf,140,previous_year
Jhelum,Jhelum,Guarseed,2019-20,Kharif,0.993382,10.05,maund/acre,2020-21(1).pdf,140,previous_year
Khanewal,Khanewal,Guarseed,2019-20,Kharif,1.087284,11.0,maund/acre,2020-21(1).pdf,140,previous_year
Khushab,Khushab,Guarseed,2019-20,Kharif,0.414156,4.19,maund/acre,2020-21(1).pdf,140,previous_year
Layyah,Layyah,Guarseed,2019-20,Kharif,0.944949,9.56,maund/acre,2020-21(1).pdf,140,previous_year
Lodhran,Lodhran,Guarseed,2019-20,Kharif,1.132752,11.46,maund/acre,2020-21(1).pdf,140,previous_year
Mianwali,Mianwali,Guarseed,2019-20,Kharif,0.451717,4.57,maund/acre,2020-21(1).pdf,140,previous_year
Muzaffargarh,Muzaffargarh,Guarseed,2019-20,Kharif,0.878723,8.89,maund/acre,2020-21(1).pdf,140,previous_year
Okara,Okara,Guarseed,2019-20,Kharif,1.317591,13.33,maund/acre,2020-21(1).pdf,140,previous_year
Pakpattan,Pakpattan,Guarseed,2019-20,Kharif,1.335382,13.51,maund/acre,2020-21(1).pdf,140,previous_year
Rawalpindi,Rawalpindi,Guarseed,2019-20,Kharif,0.44381,4.49,maund/acre,2020-21(1).pdf,140,previous_year
Sahiwal,Sahiwal,Guarseed,2019-20,Kharif,1.412481,14.29,maund/acre,2020-21(1).pdf,140,previous_year
Toba Tek Singh,T.T. Singh,Guarseed,2019-20,Kharif,1.304741,13.2,maund/acre,2020-21(1).pdf,140,previous_year
Vehari,Vehari,Guarseed,2019-20,Kharif,1.00129,10.13,maund/acre,2020-21(1).pdf,140,previous_year
Attock,Attock,Guava,2019-20,Kharif,6.91908,70.0,maund/acre,2020-21(1).pdf,168,previous_year
Bahawalnagar,Bahawalnagar,Guava,2019-20,Kharif,12.3555,125.0,maund/acre,2020-21(1).pdf,168,previous_year
Bahawalpur,Bahawalpur,Guava,2019-20,Kharif,11.86128,120.0,maund/acre,2020-21(1).pdf,168,previous_year
Bhakkar,Bhakkar,Guava,2019-20,Kharif,8.40174,85.0,maund/acre,2020-21(1).pdf,168,previous_year
Chiniot,Chiniot,Guava,2019-20,Kharif,17.594232,178.0,maund/acre,2020-21(1).pdf,168,previous_year
Dera Ghazi Khan,D.G. Khan,Guava,2019-20,Kharif,9.983244,101.0,maund/acre,2020-21(1).pdf,168,previous_year
Faisalabad,Faisalabad,Guava,2019-20,Kharif,17.79192,180.0,maund/acre,2020-21(1).pdf,168,previous_year
Gujranwala,Gujranwala,Guava,2019-20,Kharif,10.87284,110.0,maund/acre,2020-21(1).pdf,168,previous_year
Gujrat,Gujrat,Guava,2019-20,Kharif,8.89596,90.0,maund/acre,2020-21(1).pdf,168,previous_year
Hafizabad,Hafizabad,Guava,2019-20,Kharif,15.81504,160.0,maund/acre,2020-21(1).pdf,168,previous_year
Jhang,Jhang,Guava,2019-20,Kharif,16.80348,170.0,maund/acre,2020-21(1).pdf,168,previous_year
Jhelum,Jhelum,Guava,2019-20,Kharif,8.89596,90.0,maund/acre,2020-21(1).pdf,168,previous_year
Kasur,Kasur,Guava,2019-20,Kharif,22.2399,225.0,maund/acre,2020-21(1).pdf,168,previous_year
Khanewal,Khanewal,Guava,2019-20,Kharif,11.663592,118.0,maund/acre,2020-21(1).pdf,168,previous_year
Khushab,Khushab,Guava,2019-20,Kharif,8.89596,90.0,maund/acre,2020-21(1).pdf,168,previous_year
Lahore,Lahore,Guava,2019-20,Kharif,17.79192,180.0,maund/acre,2020-21(1).pdf,168,previous_year
Layyah,Layyah,Guava,2019-20,Kharif,10.37862,105.0,maund/acre,2020-21(1).pdf,168,previous_year
Lodhran,Lodhran,Guava,2019-20,Kharif,12.3555,125.0,maund/acre,2020-21(1).pdf,168,previous_year
Mandi Bahauddin,M.B. Din,Guava,2019-20,Kharif,9.093648,92.0,maund/acre,2020-21(1).pdf,168,previous_year
Mianwali,Mianwali,Guava,2019-20,Kharif,7.90752,80.0,maund/acre,2020-21(1).pdf,168,previous_year
Multan,Multan,Guava,2019-20,Kharif,11.36706,115.0,maund/acre,2020-21(1).pdf,168,previous_year
Muzaffargarh,Muzaffargarh,Guava,2019-20,Kharif,9.8844,100.0,maund/acre,2020-21(1).pdf,168,previous_year
Nankana Sahib,Nankana Sahib,Guava,2019-20,Kharif,29.455512,298.0,maund/acre,2020-21(1).pdf,168,previous_year
Narowal,Narowal,Guava,2019-20,Kharif,9.587868,97.0,maund/acre,2020-21(1).pdf,168,previous_year
Okara,Okara,Guava,2019-20,Kharif,14.8266,150.0,maund/acre,2020-21(1).pdf,168,previous_year
Pakpattan,Pakpattan,Guava,2019-20,Kharif,15.617352,158.0,maund/acre,2020-21(1).pdf,168,previous_year
Rahim Yar Khan,Rahim Yar Khan,Guava,2019-20,Kharif,11.36706,115.0,maund/acre,2020-21(1).pdf,168,previous_year
Rajanpur,Rajan Pur,Guava,2019-20,Kharif,8.89596,90.0,maund/acre,2020-21(1).pdf,168,previous_year
Rawalpindi,Rawalpindi,Guava,2019-20,Kharif,7.90752,80.0,maund/acre,2020-21(1).pdf,168,previous_year
Sahiwal,Sahiwal,Guava,2019-20,Kharif,15.32082,155.0,maund/acre,2020-21(1).pdf,168,previous_year
Sargodha,Sargodha,Guava,2019-20,Kharif,9.39018,95.0,maund/acre,2020-21(1).pdf,168,previous_year
Sheikhupura,Sheikhupura,Guava,2019-20,Kharif,28.66476,290.0,maund/acre,2020-21(1).pdf,168,previous_year
Sialkot,Sialkot,Guava,2019-20,Kharif,9.39018,95.0,maund/acre,2020-21(1).pdf,168,previous_year
Toba Tek Singh,T.T. Singh,Guava,2019-20,Kharif,17.79192,180.0,maund/acre,2020-21(1).pdf,168,previous_year
Vehari,Vehari,Guava,2019-20,Kharif,14.33238,145.0,maund/acre,2020-21(1).pdf,168,previous_year
Attock,Attock,Jowar,2019-20,Kharif,0.360781,3.65,maund/acre,2020-21(1).pdf,145,previous_year
Bahawalnagar,Bahawalnagar,Jowar,2019-20,Kharif,0.879712,8.9,maund/acre,2020-21(1).pdf,145,previous_year
Bahawalpur,Bahawalpur,Jowar,2019-20,Kharif,0.889596,9.0,maund/acre,2020-21(1).pdf,145,previous_year
Bhakkar,Bhakkar,Jowar,2019-20,Kharif,0.456659,4.62,maund/acre,2020-21(1).pdf,145,previous_year
Chakwal,Chakwal,Jowar,2019-20,Kharif,0.389445,3.94,maund/acre,2020-21(1).pdf,145,previous_year
Chiniot,Chiniot,Jowar,2019-20,Kharif,1.002278,10.14,maund/acre,2020-21(1).pdf,145,previous_year
Dera Ghazi Khan,D.G. Khan,Jowar,2019-20,Kharif,0.698827,7.07,maund/acre,2020-21(1).pdf,145,previous_year
Faisalabad,Faisalabad,Jowar,2019-20,Kharif,1.470799,14.88,maund/acre,2020-21(1).pdf,145,previous_year
Gujranwala,Gujranwala,Jowar,2019-20,Kharif,0.52585,5.32,maund/acre,2020-21(1).pdf,145,previous_year
Gujrat,Gujrat,Jowar,2019-20,Kharif,0.960764,9.72,maund/acre,2020-21(1).pdf,145,previous_year
Hafizabad,Hafizabad,Jowar,2019-20,Kharif,0.578237,5.85,maund/acre,2020-21(1).pdf,145,previous_year
Islamabad,Islamabad,Jowar,2019-20,Kharif,0.318278,3.22,maund/acre,2020-21(1).pdf,145,previous_year
Jhang,Jhang,Jowar,2019-20,Kharif,0.983498,9.95,maund/acre,2020-21(1).pdf,145,previous_year
Jhelum,Jhelum,Jowar,2019-20,Kharif,0.506081,5.12,maund/acre,2020-21(1).pdf,145,previous_year
Kasur,Kasur,Jowar,2019-20,Kharif,0.523873,5.3,maund/acre,2020-21(1).pdf,145,previous_year
Khanewal,Khanewal,Jowar,2019-20,Kharif,0.98844,10.0,maund/acre,2020-21(1).pdf,145,previous_year
Khushab,Khushab,Jowar,2019-20,Kharif,0.552538,5.59,maund/acre,2020-21(1).pdf,145,previous_year
Lahore,Lahore,Jowar,2019-20,Kharif,0.889596,9.0,maund/acre,2020-21(1).pdf,145,previous_year
Layyah,Layyah,Jowar,2019-20,Kharif,0.770983,7.8,maund/acre,2020-21(1).pdf,145,previous_year
Lodhran,Lodhran,Jowar,2019-20,Kharif,1.253342,12.68,maund/acre,2020-21(1).pdf,145,previous_year
Mandi Bahauddin,M.B. Din,Jowar,2019-20,Kharif,0.672139,6.8,maund/acre,2020-21(1).pdf,145,previous_year
Mianwali,Mianwali,Jowar,2019-20,Kharif,0.339035,3.43,maund/acre,2020-21(1).pdf,145,previous_year
Multan,Multan,Jowar,2019-20,Kharif,0.780868,7.9,maund/acre,2020-21(1).pdf,145,previous_year
Muzaffargarh,Muzaffargarh,Jowar,2019-20,Kharif,0.759122,7.68,maund/acre,2020-21(1).pdf,145,previous_year
Nankana Sahib,Nankana Sahib,Jowar,2019-20,Kharif,0.869827,8.8,maund/acre,2020-21(1).pdf,145,previous_year
Narowal,Narowal,Jowar,2019-20,Kharif,0.792729,8.02,maund/acre,2020-21(1).pdf,145,previous_year
Okara,Okara,Jowar,2019-20,Kharif,2.525464,25.55,maund/acre,2020-21(1).pdf,145,previous_year
Pakpattan,Pakpattan,Jowar,2019-20,Kharif,2.573898,26.04,maund/acre,2020-21(1).pdf,145,previous_year
Rahim Yar Khan,Rahim Yar Khan,Jowar,2019-20,Kharif,0.939018,9.5,maund/acre,2020-21(1).pdf,145,previous_year
Rajanpur,Rajan Pur,Jowar,2019-20,Kharif,0.54463,5.51,maund/acre,2020-21(1).pdf,145,previous_year
Rawalpindi,Rawalpindi,Jowar,2019-20,Kharif,0.313335,3.17,maund/acre,2020-21(1).pdf,145,previous_year
Sahiwal,Sahiwal,Jowar,2019-20,Kharif,2.524476,25.54,maund/acre,2020-21(1).pdf,145,previous_year
Sargodha,Sargodha,Jowar,2019-20,Kharif,0.55155,5.58,maund/acre,2020-21(1).pdf,145,previous_year
Sheikhupura,Sheikhupura,Jowar,2019-20,Kharif,0.859943,8.7,maund/acre,2020-21(1).pdf,145,previous_year
Sialkot,Sialkot,Jowar,2019-20,Kharif,0.716619,7.25,maund/acre,2020-21(1).pdf,145,previous_year
Toba Tek Singh,T.T. Singh,Jowar,2019-20,Kharif,2.599597,26.3,maund/acre,2020-21(1).pdf,145,previous_year
Vehari,Vehari,Jowar,2019-20,Kharif,0.939018,9.5,maund/acre,2020-21(1).pdf,145,previous_year
Attock,Attock,Kharif Fodder,2019-20,Kharif,15.959352,161.46,maund/acre,2020-21(1).pdf,61,previous_year
Bahawalnagar,Bahawalnagar,Kharif Fodder,2019-20,Kharif,58.290284,589.72,maund/acre,2020-21(1).pdf,61,previous_year
Bahawalpur,Bahawalpur,Kharif Fodder,2019-20,Kharif,24.813798,251.04,maund/acre,2020-21(1).pdf,61,previous_year
Bhakkar,Bhakkar,Kharif Fodder,2019-20,Kharif,14.017068,141.81,maund/acre,2020-21(1).pdf,61,previous_year
Chakwal,Chakwal,Kharif Fodder,2019-20,Kharif,9.157897,92.65,maund/acre,2020-21(1).pdf,61,previous_year
Chiniot,Chiniot,Kharif Fodder,2019-20,Kharif,19.094684,193.18,maund/acre,2020-21(1).pdf,61,previous_year
Dera Ghazi Khan,D.G. Khan,Kharif Fodder,2019-20,Kharif,16.223266,164.13,maund/acre,2020-21(1).pdf,61,previous_year
Faisalabad,Faisalabad,Kharif Fodder,2019-20,Kharif,19.567158,197.96,maund/acre,2020-21(1).pdf,61,previous_year
Gujranwala,Gujranwala,Kharif Fodder,2019-20,Kharif,13.688906,138.49,maund/acre,2020-21(1).pdf,61,previous_year
Gujrat,Gujrat,Kharif Fodder,2019-20,Kharif,20.006026,202.4,maund/acre,2020-21(1).pdf,61,previous_year
Hafizabad,Hafizabad,Kharif Fodder,2019-20,Kharif,12.497835,126.44,maund/acre,2020-21(1).pdf,61,previous_year
Islamabad,Islamabad,Kharif Fodder,2019-20,Kharif,11.349268,114.82,maund/acre,2020-21(1).pdf,61,previous_year
Jhang,Jhang,Kharif Fodder,2019-20,Kharif,19.529598,197.58,maund/acre,2020-21(1).pdf,61,previous_year
Jhelum,Jhelum,Kharif Fodder,2019-20,Kharif,12.971298,131.23,maund/acre,2020-21(1).pdf,61,previous_year
Kasur,Kasur,Kharif Fodder,2019-20,Kharif,18.631106,188.49,maund/acre,2020-21(1).pdf,61,previous_year
Khanewal,Khanewal,Kharif Fodder,2019-20,Kharif,19.514771,197.43,maund/acre,2020-21(1).pdf,61,previous_year
Khushab,Khushab,Kharif Fodder,2019-20,Kharif,14.378837,145.47,maund/acre,2020-21(1).pdf,61,previous_year
Lahore,Lahore,Kharif Fodder,2019-20,Kharif,20.260055,204.97,maund/acre,2020-21(1).pdf,61,previous_year
Layyah,Layyah,Kharif Fodder,2019-20,Kharif,16.137271,163.26,maund/acre,2020-21(1).pdf,61,previous_year
Lodhran,Lodhran,Kharif Fodder,2019-20,Kharif,21.397749,216.48,maund/acre,2020-21(1).pdf,61,previous_year
Mandi Bahauddin,M.B. Din,Kharif Fodder,2019-20,Kharif,23.327184,236.0,maund/acre,2020-21(1).pdf,61,previous_year
Mianwali,Mianwali,Kharif Fodder,2019-20,Kharif,8.850492,89.54,maund/acre,2020-21(1).pdf,61,previous_year
Multan,Multan,Kharif Fodder,2019-20,Kharif,20.301569,205.39,maund/acre,2020-21(1).pdf,61,previous_year
Muzaffargarh,Muzaffargarh,Kharif Fodder,2019-20,Kharif,17.754359,179.62,maund/acre,2020-21(1).pdf,61,previous_year
Nankana Sahib,Nankana Sahib,Kharif Fodder,2019-20,Kharif,18.0074,182.18,maund/acre,2020-21(1).pdf,61,previous_year
Narowal,Narowal,Kharif Fodder,2019-20,Kharif,11.35421,114.87,maund/acre,2020-21(1).pdf,61,previous_year
Okara,Okara,Kharif Fodder,2019-20,Kharif,20.731541,209.74,maund/acre,2020-21(1).pdf,61,previous_year
Pakpattan,Pakpattan,Kharif Fodder,2019-20,Kharif,21.047841,212.94,maund/acre,2020-21(1).pdf,61,previous_year
Rahim Yar Khan,Rahim Yar Khan,Kharif Fodder,2019-20,Kharif,38.748825,392.02,maund/acre,2020-21(1).pdf,61,previous_year
Rajanpur,Rajan Pur,Kharif Fodder,2019-20,Kharif,14.213767,143.8,maund/acre,2020-21(1).pdf,61,previous_year
Rawalpindi,Rawalpindi,Kharif Fodder,2019-20,Kharif,11.274147,114.06,maund/acre,2020-21(1).pdf,61,previous_year
Sahiwal,Sahiwal,Kharif Fodder,2019-20,Kharif,20.758228,210.01,maund/acre,2020-21(1).pdf,61,previous_year
Sargodha,Sargodha,Kharif Fodder,2019-20,Kharif,20.35791,205.96,maund/acre,2020-21(1).pdf,61,previous_year
Sheikhupura,Sheikhupura,Kharif Fodder,2019-20,Kharif,18.572788,187.9,maund/acre,2020-21(1).pdf,61,previous_year
Sialkot,Sialkot,Kharif Fodder,2019-20,Kharif,12.466205,126.12,maund/acre,2020-21(1).pdf,61,previous_year
Toba Tek Singh,T.T. Singh,Kharif Fodder,2019-20,Kharif,20.645546,208.87,maund/acre,2020-21(1).pdf,61,previous_year
Vehari,Vehari,Kharif Fodder,2019-20,Kharif,21.289021,215.38,maund/acre,2020-21(1).pdf,61,previous_year
Attock,Attock,Ladyfinger,2019-20,Kharif,11.201991,113.33,maund/acre,2020-21(1).pdf,64,previous_year
Bahawalnagar,Bahawalnagar,Ladyfinger,2019-20,Kharif,9.673862,97.87,maund/acre,2020-21(1).pdf,64,previous_year
Bahawalpur,Bahawalpur,Ladyfinger,2019-20,Kharif,12.36835,125.13,maund/acre,2020-21(1).pdf,64,previous_year
Bhakkar,Bhakkar,Ladyfinger,2019-20,Kharif,12.119263,122.61,maund/acre,2020-21(1).pdf,64,previous_year
Chakwal,Chakwal,Ladyfinger,2019-20,Kharif,8.74374,88.46,maund/acre,2020-21(1).pdf,64,previous_year
Chiniot,Chiniot,Ladyfinger,2019-20,Kharif,15.590664,157.73,maund/acre,2020-21(1).pdf,64,previous_year
Dera Ghazi Khan,D.G. Khan,Ladyfinger,2019-20,Kharif,7.864029,79.56,maund/acre,2020-21(1).pdf,64,previous_year
Faisalabad,Faisalabad,Ladyfinger,2019-20,Kharif,15.497751,156.79,maund/acre,2020-21(1).pdf,64,previous_year
Gujranwala,Gujranwala,Ladyfinger,2019-20,Kharif,11.698187,118.35,maund/acre,2020-21(1).pdf,64,previous_year
Gujrat,Gujrat,Ladyfinger,2019-20,Kharif,12.870477,130.21,maund/acre,2020-21(1).pdf,64,previous_year
Hafizabad,Hafizabad,Ladyfinger,2019-20,Kharif,10.975638,111.04,maund/acre,2020-21(1).pdf,64,previous_year
Islamabad,Islamabad,Ladyfinger,2019-20,Kharif,9.638278,97.51,maund/acre,2020-21(1).pdf,64,previous_year
Jhang,Jhang,Ladyfinger,2019-20,Kharif,14.411455,145.8,maund/acre,2020-21(1).pdf,64,previous_year
Jhelum,Jhelum,Ladyfinger,2019-20,Kharif,8.044913,81.39,maund/acre,2020-21(1).pdf,64,previous_year
Kasur,Kasur,Ladyfinger,2019-20,Kharif,12.058968,122.0,maund/acre,2020-21(1).pdf,64,previous_year
Khanewal,Khanewal,Ladyfinger,2019-20,Kharif,14.831542,150.05,maund/acre,2020-21(1).pdf,64,previous_year
Khushab,Khushab,Ladyfinger,2019-20,Kharif,12.84972,130.0,maund/acre,2020-21(1).pdf,64,previous_year
Lahore,Lahore,Ladyfinger,2019-20,Kharif,14.025964,141.9,maund/acre,2020-21(1).pdf,64,previous_year
Layyah,Layyah,Ladyfinger,2019-20,Kharif,8.852469,89.56,maund/acre,2020-21(1).pdf,64,previous_year
Lodhran,Lodhran,Ladyfinger,2019-20,Kharif,11.389794,115.23,maund/acre,2020-21(1).pdf,64,previous_year
Mandi Bahauddin,M.B. Din,Ladyfinger,2019-20,Kharif,12.021407,121.62,maund/acre,2020-21(1).pdf,64,previous_year
Mianwali,Mianwali,Ladyfinger,2019-20,Kharif,7.817572,79.09,maund/acre,2020-21(1).pdf,64,previous_year
Multan,Multan,Ladyfinger,2019-20,Kharif,11.856338,119.95,maund/acre,2020-21(1).pdf,64,previous_year
Muzaffargarh,Muzaffargarh,Ladyfinger,2019-20,Kharif,9.274533,93.83,maund/acre,2020-21(1).pdf,64,previous_year
Nankana Sahib,Nankana Sahib,Ladyfinger,2019-20,Kharif,13.442784,136.0,maund/acre,2020-21(1).pdf,64,previous_year
Narowal,Narowal,Ladyfinger,2019-20,Kharif,11.090297,112.2,maund/acre,2020-21(1).pdf,64,previous_year
Okara,Okara,Ladyfinger,2019-20,Kharif,15.882254,160.68,maund/acre,2020-21(1).pdf,64,previous_year
Pakpattan,Pakpattan,Ladyfinger,2019-20,Kharif,15.958364,161.45,maund/acre,2020-21(1).pdf,64,previous_year
Rahim Yar Khan,Rahim Yar Khan,Ladyfinger,2019-20,Kharif,10.379608,105.01,maund/acre,2020-21(1).pdf,64,previous_year
Rajanpur,Rajan Pur,Ladyfinger,2019-20,Kharif,7.906532,79.99,maund/acre,2020-21(1).pdf,64,previous_year
Rawalpindi,Rawalpindi,Ladyfinger,2019-20,Kharif,9.56118,96.73,maund/acre,2020-21(1).pdf,64,previous_year
Sahiwal,Sahiwal,Ladyfinger,2019-20,Kharif,15.867427,160.53,maund/acre,2020-21(1).pdf,64,previous_year
Sargodha,Sargodha,Ladyfinger,2019-20,Kharif,11.841511,119.8,maund/acre,2020-21(1).pdf,64,previous_year
Sheikhupura,Sheikhupura,Ladyfinger,2019-20,Kharif,13.719547,138.8,maund/acre,2020-21(1).pdf,64,previous_year
Sialkot,Sialkot,Ladyfinger,2019-20,Kharif,10.94895,110.77,maund/acre,2020-21(1).pdf,64,previous_year
Toba Tek Singh,T.T. Singh,Ladyfinger,2019-20,Kharif,19.455465,196.83,maund/acre,2020-21(1).pdf,64,previous_year
Vehari,Vehari,Ladyfinger,2019-20,Kharif,12.157812,123.0,maund/acre,2020-21(1).pdf,64,previous_year
Chiniot,Chiniot,Litchi,2019-20,Kharif,3.873696,39.19,maund/acre,2020-21(1).pdf,91,previous_year
Gujranwala,Gujranwala,Litchi,2019-20,Kharif,3.596933,36.39,maund/acre,2020-21(1).pdf,91,previous_year
Jhang,Jhang,Litchi,2019-20,Kharif,1.198978,12.13,maund/acre,2020-21(1).pdf,91,previous_year
Kasur,Kasur,Litchi,2019-20,Kharif,4.937258,49.95,maund/acre,2020-21(1).pdf,91,previous_year
Khanewal,Khanewal,Litchi,2019-20,Kharif,8.761532,88.64,maund/acre,2020-21(1).pdf,91,previous_year
Lahore,Lahore,Litchi,2019-20,Kharif,7.430103,75.17,maund/acre,2020-21(1).pdf,91,previous_year
Mandi Bahauddin,M.B. Din,Litchi,2019-20,Kharif,3.043407,30.79,maund/acre,2020-21(1).pdf,91,previous_year
Multan,Multan,Litchi,2019-20,Kharif,6.375438,64.5,maund/acre,2020-21(1).pdf,91,previous_year
Nankana Sahib,Nankana Sahib,Litchi,2019-20,Kharif,8.904856,90.09,maund/acre,2020-21(1).pdf,91,previous_year
Narowal,Narowal,Litchi,2019-20,Kharif,3.261852,33.0,maund/acre,2020-21(1).pdf,91,previous_year
Okara,Okara,Litchi,2019-20,Kharif,9.684735,97.98,maund/acre,2020-21(1).pdf,91,previous_year
Pakpattan,Pakpattan,Litchi,2019-20,Kharif,8.829735,89.33,maund/acre,2020-21(1).pdf,91,previous_year
Sahiwal,Sahiwal,Litchi,2019-20,Kharif,8.444243,85.43,maund/acre,2020-21(1).pdf,91,previous_year
Sheikhupura,Sheikhupura,Litchi,2019-20,Kharif,7.415277,75.02,maund/acre,2020-21(1).pdf,91,previous_year
Sialkot,Sialkot,Litchi,2019-20,Kharif,3.805494,38.5,maund/acre,2020-21(1).pdf,91,previous_year
Vehari,Vehari,Litchi,2019-20,Kharif,8.761532,88.64,maund/acre,2020-21(1).pdf,91,previous_year
Attock,Attock,Maize (Autumn),2019-20,Kharif,2.954447,29.89,maund/acre,2020-21(1).pdf,20,previous_year
Bahawalnagar,Bahawalnagar,Maize (Autumn),2019-20,Kharif,7.798792,78.9,maund/acre,2020-21(1).pdf,20,previous_year
Bahawalpur,Bahawalpur,Maize (Autumn),2019-20,Kharif,7.498306,75.86,maund/acre,2020-21(1).pdf,20,previous_year
Bhakkar,Bhakkar,Maize (Autumn),2019-20,Kharif,2.966308,30.01,maund/acre,2020-21(1).pdf,20,previous_year
Chakwal,Chakwal,Maize (Autumn),2019-20,Kharif,1.572608,15.91,maund/acre,2020-21(1).pdf,20,previous_year
Chiniot,Chiniot,Maize (Autumn),2019-20,Kharif,7.271953,73.57,maund/acre,2020-21(1).pdf,20,previous_year
Dera Ghazi Khan,D.G. Khan,Maize (Autumn),2019-20,Kharif,4.935281,49.93,maund/acre,2020-21(1).pdf,20,previous_year
Faisalabad,Faisalabad,Maize (Autumn),2019-20,Kharif,6.337877,64.12,maund/acre,2020-21(1).pdf,20,previous_year
Gujranwala,Gujranwala,Maize (Autumn),2019-20,Kharif,5.198206,52.59,maund/acre,2020-21(1).pdf,20,previous_year
Gujrat,Gujrat,Maize (Autumn),2019-20,Kharif,4.413385,44.65,maund/acre,2020-21(1).pdf,20,previous_year
Hafizabad,Hafizabad,Maize (Autumn),2019-20,Kharif,4.951096,50.09,maund/acre,2020-21(1).pdf,20,previous_year
Islamabad,Islamabad,Maize (Autumn),2019-20,Kharif,1.231596,12.46,maund/acre,2020-21(1).pdf,20,previous_year
Jhang,Jhang,Maize (Autumn),2019-20,Kharif,7.062404,71.45,maund/acre,2020-21(1).pdf,20,previous_year
Jhelum,Jhelum,Maize (Autumn),2019-20,Kharif,3.820321,38.65,maund/acre,2020-21(1).pdf,20,previous_year
Kasur,Kasur,Maize (Autumn),2019-20,Kharif,8.103231,81.98,maund/acre,2020-21(1).pdf,20,previous_year
Khanewal,Khanewal,Maize (Autumn),2019-20,Kharif,6.451548,65.27,maund/acre,2020-21(1).pdf,20,previous_year
Khushab,Khushab,Maize (Autumn),2019-20,Kharif,5.03116,50.9,maund/acre,2020-21(1).pdf,20,previous_year
Lahore,Lahore,Maize (Autumn),2019-20,Kharif,6.26671,63.4,maund/acre,2020-21(1).pdf,20,previous_year
Layyah,Layyah,Maize (Autumn),2019-20,Kharif,3.442737,34.83,maund/acre,2020-21(1).pdf,20,previous_year
Lodhran,Lodhran,Maize (Autumn),2019-20,Kharif,5.674634,57.41,maund/acre,2020-21(1).pdf,20,previous_year
Mandi Bahauddin,M.B. Din,Maize (Autumn),2019-20,Kharif,3.97254,40.19,maund/acre,2020-21(1).pdf,20,previous_year
Mianwali,Mianwali,Maize (Autumn),2019-20,Kharif,4.502344,45.55,maund/acre,2020-21(1).pdf,20,previous_year
Multan,Multan,Maize (Autumn),2019-20,Kharif,5.811039,58.79,maund/acre,2020-21(1).pdf,20,previous_year
Muzaffargarh,Muzaffargarh,Maize (Autumn),2019-20,Kharif,3.563326,36.05,maund/acre,2020-21(1).pdf,20,previous_year
Nankana Sahib,Nankana Sahib,Maize (Autumn),2019-20,Kharif,6.144143,62.16,maund/acre,2020-21(1).pdf,20,previous_year
Narowal,Narowal,Maize (Autumn),2019-20,Kharif,3.707638,37.51,maund/acre,2020-21(1).pdf,20,previous_year
Okara,Okara,Maize (Autumn),2019-20,Kharif,7.900601,79.93,maund/acre,2020-21(1).pdf,20,previous_year
Pakpattan,Pakpattan,Maize (Autumn),2019-20,Kharif,7.291722,73.77,maund/acre,2020-21(1).pdf,20,previous_year
Rahim Yar Khan,Rahim Yar Khan,Maize (Autumn),2019-20,Kharif,4.468737,45.21,maund/acre,2020-21(1).pdf,20,previous_year
Rajanpur,Rajan Pur,Maize (Autumn),2019-20,Kharif,2.648031,26.79,maund/acre,2020-21(1).pdf,20,previous_year
Rawalpindi,Rawalpindi,Maize (Autumn),2019-20,Kharif,1.381839,13.98,maund/acre,2020-21(1).pdf,20,previous_year
Sahiwal,Sahiwal,Maize (Autumn),2019-20,Kharif,6.968502,70.5,maund/acre,2020-21(1).pdf,20,previous_year
Sargodha,Sargodha,Maize (Autumn),2019-20,Kharif,5.634108,57.0,maund/acre,2020-21(1).pdf,20,previous_year
Sheikhupura,Sheikhupura,Maize (Autumn),2019-20,Kharif,6.460444,65.36,maund/acre,2020-21(1).pdf,20,previous_year
Sialkot,Sialkot,Maize (Autumn),2019-20,Kharif,5.397871,54.61,maund/acre,2020-21(1).pdf,20,previous_year
Toba Tek Singh,T.T. Singh,Maize (Autumn),2019-20,Kharif,6.821224,69.01,maund/acre,2020-21(1).pdf,20,previous_year
Vehari,Vehari,Maize (Autumn),2019-20,Kharif,6.810352,68.9,maund/acre,2020-21(1).pdf,20,previous_year
Bahawalnagar,Bahawalnagar,Maize (Spring),2019-20,Kharif,6.958618,70.4,maund/acre,2020-21(1).pdf,121,previous_year
Bahawalpur,Bahawalpur,Maize (Spring),2019-20,Kharif,9.498908,96.1,maund/acre,2020-21(1).pdf,121,previous_year
Chiniot,Chiniot,Maize (Spring),2019-20,Kharif,9.304186,94.13,maund/acre,2020-21(1).pdf,121,previous_year
Faisalabad,Faisalabad,Maize (Spring),2019-20,Kharif,8.330572,84.28,maund/acre,2020-21(1).pdf,121,previous_year
Gujranwala,Gujranwala,Maize (Spring),2019-20,Kharif,11.172337,113.03,maund/acre,2020-21(1).pdf,121,previous_year
Jhang,Jhang,Maize (Spring),2019-20,Kharif,11.24054,113.72,maund/acre,2020-21(1).pdf,121,previous_year
Jhelum,Jhelum,Maize (Spring),2019-20,Kharif,10.934123,110.62,maund/acre,2020-21(1).pdf,121,previous_year
Kasur,Kasur,Maize (Spring),2019-20,Kharif,10.578285,107.02,maund/acre,2020-21(1).pdf,121,previous_year
Khanewal,Khanewal,Maize (Spring),2019-20,Kharif,10.310418,104.31,maund/acre,2020-21(1).pdf,121,previous_year
Lodhran,Lodhran,Maize (Spring),2019-20,Kharif,9.441579,95.52,maund/acre,2020-21(1).pdf,121,previous_year
Mandi Bahauddin,M.B. Din,Maize (Spring),2019-20,Kharif,10.593111,107.17,maund/acre,2020-21(1).pdf,121,previous_year
Mianwali,Mianwali,Maize (Spring),2019-20,Kharif,9.268602,93.77,maund/acre,2020-21(1).pdf,121,previous_year
Multan,Multan,Maize (Spring),2019-20,Kharif,7.751346,78.42,maund/acre,2020-21(1).pdf,121,previous_year
Nankana Sahib,Nankana Sahib,Maize (Spring),2019-20,Kharif,9.953591,100.7,maund/acre,2020-21(1).pdf,121,previous_year
Narowal,Narowal,Maize (Spring),2019-20,Kharif,13.770946,139.32,maund/acre,2020-21(1).pdf,121,previous_year
Okara,Okara,Maize (Spring),2019-20,Kharif,10.284718,104.05,maund/acre,2020-21(1).pdf,121,previous_year
Pakpattan,Pakpattan,Maize (Spring),2019-20,Kharif,10.231342,103.51,maund/acre,2020-21(1).pdf,121,previous_year
Rawalpindi,RAWALPINDI DV:,Maize (Spring),2019-20,Kharif,10.934123,110.62,maund/acre,2020-21(1).pdf,121,previous_year
Sahiwal,Sahiwal,Maize (Spring),2019-20,Kharif,10.281753,104.02,maund/acre,2020-21(1).pdf,121,previous_year
Sargodha,Sargodha,Maize (Spring),2019-20,Kharif,9.914053,100.3,maund/acre,2020-21(1).pdf,121,previous_year
Sheikhupura,Sheikhupura,Maize (Spring),2019-20,Kharif,7.945081,80.38,maund/acre,2020-21(1).pdf,121,previous_year
Sialkot,Sialkot,Maize (Spring),2019-20,Kharif,10.910401,110.38,maund/acre,2020-21(1).pdf,121,previous_year
Toba Tek Singh,T.T. Singh,Maize (Spring),2019-20,Kharif,8.311792,84.09,maund/acre,2020-21(1).pdf,121,previous_year
Vehari,Vehari,Maize (Spring),2019-20,Kharif,11.359152,114.92,maund/acre,2020-21(1).pdf,121,previous_year
Bahawalnagar,Bahawalnagar,Mango,2019-20,Kharif,9.885388,100.01,maund/acre,2020-21(1).pdf,83,previous_year
Bahawalpur,Bahawalpur,Mango,2019-20,Kharif,14.8266,150.0,maund/acre,2020-21(1).pdf,83,previous_year
Bhakkar,Bhakkar,Mango,2019-20,Kharif,10.082088,102.0,maund/acre,2020-21(1).pdf,83,previous_year
Chiniot,Chiniot,Mango,2019-20,Kharif,12.713315,128.62,maund/acre,2020-21(1).pdf,83,previous_year
Dera Ghazi Khan,D.G. Khan,Mango,2019-20,Kharif,9.651128,97.64,maund/acre,2020-21(1).pdf,83,previous_year
Faisalabad,Faisalabad,Mango,2019-20,Kharif,11.10117,112.31,maund/acre,2020-21(1).pdf,83,previous_year
Gujranwala,Gujranwala,Mango,2019-20,Kharif,7.116768,72.0,maund/acre,2020-21(1).pdf,83,previous_year
Gujrat,Gujrat,Mango,2019-20,Kharif,7.618896,77.08,maund/acre,2020-21(1).pdf,83,previous_year
Hafizabad,Hafizabad,Mango,2019-20,Kharif,8.583613,86.84,maund/acre,2020-21(1).pdf,83,previous_year
Jhang,Jhang,Mango,2019-20,Kharif,13.311321,134.67,maund/acre,2020-21(1).pdf,83,previous_year
Jhelum,Jhelum,Mango,2019-20,Kharif,4.44798,45.0,maund/acre,2020-21(1).pdf,83,previous_year
Kasur,Kasur,Mango,2019-20,Kharif,8.164514,82.6,maund/acre,2020-21(1).pdf,83,previous_year
Khanewal,Khanewal,Mango,2019-20,Kharif,13.345917,135.02,maund/acre,2020-21(1).pdf,83,previous_year
Khushab,Khushab,Mango,2019-20,Kharif,9.291336,94.0,maund/acre,2020-21(1).pdf,83,previous_year
Lahore,Lahore,Mango,2019-20,Kharif,10.892609,110.2,maund/acre,2020-21(1).pdf,83,previous_year
Layyah,Layyah,Mango,2019-20,Kharif,12.242818,123.86,maund/acre,2020-21(1).pdf,83,previous_year
Lodhran,Lodhran,Mango,2019-20,Kharif,13.859906,140.22,maund/acre,2020-21(1).pdf,83,previous_year
Mandi Bahauddin,M.B. Din,Mango,2019-20,Kharif,7.310502,73.96,maund/acre,2020-21(1).pdf,83,previous_year
Mianwali,Mianwali,Mango,2019-20,Kharif,6.543473,66.2,maund/acre,2020-21(1).pdf,83,previous_year
Multan,Multan,Mango,2019-20,Kharif,14.035848,142.0,maund/acre,2020-21(1).pdf,83,previous_year
Muzaffargarh,Muzaffargarh,Mango,2019-20,Kharif,15.56793,157.5,maund/acre,2020-21(1).pdf,83,previous_year
Nankana Sahib,Nankana Sahib,Mango,2019-20,Kharif,11.416482,115.5,maund/acre,2020-21(1).pdf,83,previous_year
Narowal,Narowal,Mango,2019-20,Kharif,5.396882,54.6,maund/acre,2020-21(1).pdf,83,previous_year
Okara,Okara,Mango,2019-20,Kharif,12.083679,122.25,maund/acre,2020-21(1).pdf,83,previous_year
Pakpattan,Pakpattan,Mango,2019-20,Kharif,12.791402,129.41,maund/acre,2020-21(1).pdf,83,previous_year
Rahim Yar Khan,Rahim Yar Khan,Mango,2019-20,Kharif,14.341276,145.09,maund/acre,2020-21(1).pdf,83,previous_year
Rajanpur,Rajan Pur,Mango,2019-20,Kharif,9.489024,96.0,maund/acre,2020-21(1).pdf,83,previous_year
Sahiwal,Sahiwal,Mango,2019-20,Kharif,13.047408,132.0,maund/acre,2020-21(1).pdf,83,previous_year
Sargodha,Sargodha,Mango,2019-20,Kharif,6.804421,68.84,maund/acre,2020-21(1).pdf,83,previous_year
Sheikhupura,Sheikhupura,Mango,2019-20,Kharif,12.370327,125.15,maund/acre,2020-21(1).pdf,83,previous_year
Sialkot,Sialkot,Mango,2019-20,Kharif,8.070613,81.65,maund/acre,2020-21(1).pdf,83,previous_year
Toba Tek Singh,T.T. Singh,Mango,2019-20,Kharif,8.080497,81.75,maund/acre,2020-21(1).pdf,83,previous_year
Vehari,Vehari,Mango,2019-20,Kharif,11.477765,116.12,maund/acre,2020-21(1).pdf,83,previous_year
Bhakkar,Bhakkar,Mash,2019-20,Kharif,0.712665,7.21,maund/acre,2020-21(1).pdf,39,previous_year
Chakwal,Chakwal,Mash,2019-20,Kharif,0.320255,3.24,maund/acre,2020-21(1).pdf,39,previous_year
Gujrat,Gujrat,Mash,2019-20,Kharif,0.389445,3.94,maund/acre,2020-21(1).pdf,39,previous_year
Jhelum,Jhelum,Mash,2019-20,Kharif,0.144312,1.46,maund/acre,2020-21(1).pdf,39,previous_year
Mianwali,Mianwali,Mash,2019-20,Kharif,0.574284,5.81,maund/acre,2020-21(1).pdf,39,previous_year
Narowal,Narowal,Mash,2019-20,Kharif,0.311359,3.15,maund/acre,2020-21(1).pdf,39,previous_year
Rawalpindi,Rawalpindi,Mash,2019-20,Kharif,0.467532,4.73,maund/acre,2020-21(1).pdf,39,previous_year
Sialkot,Sialkot,Mash,2019-20,Kharif,0.337058,3.41,maund/acre,2020-21(1).pdf,39,previous_year
Attock,Attock --,Masoor,2019-20,Rabi,0.25996,2.63,maund/acre,2019-20(1).pdf,91,current
Bahawalpur,Bahawalpur,Masoor,2019-20,Rabi,0.707723,7.16,maund/acre,2019-20(1).pdf,91,current
Bhakkar,Bhakkar,Masoor,2019-20,Rabi,0.560445,5.67,maund/acre,2019-20(1).pdf,91,current
Chakwal,Chakwal --,Masoor,2019-20,Rabi,0.480382,4.86,maund/acre,2019-20(1).pdf,91,current
Dera Ghazi Khan,D.G. KHAN,Masoor,2019-20,Rabi,0.629636,6.37,maund/acre,2019-20(1).pdf,91,current
Faisalabad,Faisalabad,Masoor,2019-20,Rabi,0.889596,9.0,maund/acre,2019-20(1).pdf,91,current
Gujranwala,Gujranwala,Masoor,2019-20,Rabi,0.453694,4.59,maund/acre,2019-20(1).pdf,91,current
Gujrat,Gujrat,Masoor,2019-20,Rabi,0.309382,3.13,maund/acre,2019-20(1).pdf,91,current
Jhang,Jhang,Masoor,2019-20,Rabi,0.389445,3.94,maund/acre,2019-20(1).pdf,91,current
Jhelum,Jhelum --,Masoor,2019-20,Rabi,0.308393,3.12,maund/acre,2019-20(1).pdf,91,current
Lodhran,Lodhran,Masoor,2019-20,Rabi,0.504104,5.1,maund/acre,2019-20(1).pdf,91,current
Mandi Bahauddin,M.B.Din,Masoor,2019-20,Rabi,0.305428,3.09,maund/acre,2019-20(1).pdf,91,current
Mianwali,Mianwali,Masoor,2019-20,Rabi,0.627659,6.35,maund/acre,2019-20(1).pdf,91,current
Multan,MULTAN,Masoor,2019-20,Rabi,0.48137,4.87,maund/acre,2019-20(1).pdf,91,current
Muzaffargarh,Muzaffargarh,Masoor,2019-20,Rabi,0.658301,6.66,maund/acre,2019-20(1).pdf,91,current
Narowal,Narowal,Masoor,2019-20,Rabi,0.320255,3.24,maund/acre,2019-20(1).pdf,91,current
Rajanpur,Rajan Pur,Masoor,2019-20,Rabi,0.529804,5.36,maund/acre,2019-20(1).pdf,91,current
Rawalpindi,Rawalpindi --,Masoor,2019-20,Rabi,0.266879,2.7,maund/acre,2019-20(1).pdf,91,current
Sargodha,Sargodha,Masoor,2019-20,Rabi,0.299497,3.03,maund/acre,2019-20(1).pdf,91,current
Toba Tek Singh,T.T.Singh,Masoor,2019-20,Rabi,0.978556,9.9,maund/acre,2019-20(1).pdf,91,current
Attock,Attock,Moong,2019-20,Kharif,0.286648,2.9,maund/acre,2019-20(1).pdf,27,current
Bahawalnagar,Bahawalnagar,Moong,2019-20,Kharif,0.414156,4.19,maund/acre,2019-20(1).pdf,27,current
Bahawalpur,Bahawalpur,Moong,2019-20,Kharif,0.708711,7.17,maund/acre,2019-20(1).pdf,27,current
Bhakkar,Bhakkar,Moong,2019-20,Kharif,0.745284,7.54,maund/acre,2019-20(1).pdf,27,current
Chakwal,Chakwal,Moong,2019-20,Kharif,0.286648,2.9,maund/acre,2019-20(1).pdf,27,current
Chiniot,Chiniot,Moong,2019-20,Kharif,0.610856,6.18,maund/acre,2019-20(1).pdf,27,current
Dera Ghazi Khan,D.G. Khan,Moong,2019-20,Kharif,0.745284,7.54,maund/acre,2019-20(1).pdf,27,current
Faisalabad,Faisalabad,Moong,2019-20,Kharif,0.76011,7.69,maund/acre,2019-20(1).pdf,27,current
Gujrat,Gujrat,Moong,2019-20,Kharif,0.119601,1.21,maund/acre,2019-20(1).pdf,27,current
Islamabad,Islamabad,Moong,2019-20,Kharif,0.281705,2.85,maund/acre,2019-20(1).pdf,27,current
Jhang,Jhang,Moong,2019-20,Kharif,0.451717,4.57,maund/acre,2019-20(1).pdf,27,current
Jhelum,Jhelum,Moong,2019-20,Kharif,0.295544,2.99,maund/acre,2019-20(1).pdf,27,current
Kasur,Kasur,Moong,2019-20,Kharif,0.573295,5.8,maund/acre,2019-20(1).pdf,27,current
Khanewal,Khanewal,Moong,2019-20,Kharif,0.944949,9.56,maund/acre,2019-20(1).pdf,27,current
Khushab,Khushab,Moong,2019-20,Kharif,0.389445,3.94,maund/acre,2019-20(1).pdf,27,current
Layyah,Layyah,Moong,2019-20,Kharif,0.971637,9.83,maund/acre,2019-20(1).pdf,27,current
Lodhran,Lodhran,Moong,2019-20,Kharif,0.549573,5.56,maund/acre,2019-20(1).pdf,27,current
Mandi Bahauddin,M.B. Din,Moong,2019-20,Kharif,0.100821,1.02,maund/acre,2019-20(1).pdf,27,current
Mianwali,Mianwali,Moong,2019-20,Kharif,0.793717,8.03,maund/acre,2019-20(1).pdf,27,current
Multan,Multan,Moong,2019-20,Kharif,0.444798,4.5,maund/acre,2019-20(1).pdf,27,current
Muzaffargarh,Muzaffargarh,Moong,2019-20,Kharif,1.407539,14.24,maund/acre,2019-20(1).pdf,27,current
Nankana Sahib,Nankana Sahib,Moong,2019-20,Kharif,0.484336,4.9,maund/acre,2019-20(1).pdf,27,current
Narowal,Narowal,Moong,2019-20,Kharif,0.231295,2.34,maund/acre,2019-20(1).pdf,27,current
Okara,Okara,Moong,2019-20,Kharif,1.221712,12.36,maund/acre,2019-20(1).pdf,27,current
Pakpattan,Pakpattan,Moong,2019-20,Kharif,0.947914,9.59,maund/acre,2019-20(1).pdf,27,current
Rahim Yar Khan,Rahim Yar Khan,Moong,2019-20,Kharif,0.736388,7.45,maund/acre,2019-20(1).pdf,27,current
Rajanpur,Rajan Pur,Moong,2019-20,Kharif,0.98844,10.0,maund/acre,2019-20(1).pdf,27,current
Rawalpindi,Rawalpindi,Moong,2019-20,Kharif,0.32322,3.27,maund/acre,2019-20(1).pdf,27,current
Sahiwal,Sahiwal,Moong,2019-20,Kharif,0.79866,8.08,maund/acre,2019-20(1).pdf,27,current
Sargodha,Sargodha,Moong,2019-20,Kharif,0.429971,4.35,maund/acre,2019-20(1).pdf,27,current
Sheikhupura,Sheikhupura,Moong,2019-20,Kharif,0.48137,4.87,maund/acre,2019-20(1).pdf,27,current
Sialkot,Sialkot,Moong,2019-20,Kharif,0.12059,1.22,maund/acre,2019-20(1).pdf,27,current
Toba Tek Singh,T.T. Singh,Moong,2019-20,Kharif,0.58318,5.9,maund/acre,2019-20(1).pdf,27,current
Vehari,Vehari,Moong,2019-20,Kharif,0.3677,3.72,maund/acre,2019-20(1).pdf,27,current
Bhakkar,Bhakkar,Other Kharif Pulses,2019-20,Kharif,0.675105,6.83,maund/acre,2020-21(1).pdf,44,previous_year
Jhang,Jhang,Other Kharif Pulses,2019-20,Kharif,0.641498,6.49,maund/acre,2020-21(1).pdf,44,previous_year
Jhelum,Jhelum,Other Kharif Pulses,2019-20,Kharif,0.150243,1.52,maund/acre,2020-21(1).pdf,44,previous_year
Lodhran,Lodhran,Other Kharif Pulses,2019-20,Kharif,0.822382,8.32,maund/acre,2020-21(1).pdf,44,previous_year
Muzaffargarh,Muzaffargarh,Other Kharif Pulses,2019-20,Kharif,0.710688,7.19,maund/acre,2020-21(1).pdf,44,previous_year
Narowal,Narowal,Other Kharif Pulses,2019-20,Kharif,0.554515,5.61,maund/acre,2020-21(1).pdf,44,previous_year
Rahim Yar Khan,Rahim Yar Khan,Other Kharif Pulses,2019-20,Kharif,0.773949,7.83,maund/acre,2020-21(1).pdf,44,previous_year
Sargodha,Sargodha,Other Kharif Pulses,2019-20,Kharif,0.891573,9.02,maund/acre,2020-21(1).pdf,44,previous_year
Bahawalnagar,Bahawalnagar,Phalsa,2019-20,Kharif,5.03116,50.9,maund/acre,2020-21(1).pdf,87,previous_year
Bahawalpur,Bahawalpur,Phalsa,2019-20,Kharif,6.951699,70.33,maund/acre,2020-21(1).pdf,87,previous_year
Bhakkar,Bhakkar,Phalsa,2019-20,Kharif,2.668788,27.0,maund/acre,2020-21(1).pdf,87,previous_year
Chiniot,Chiniot,Phalsa,2019-20,Kharif,5.475958,55.4,maund/acre,2020-21(1).pdf,87,previous_year
Dera Ghazi Khan,D.G. Khan,Phalsa,2019-20,Kharif,3.310286,33.49,maund/acre,2020-21(1).pdf,87,previous_year
Gujranwala,Gujranwala,Phalsa,2019-20,Kharif,2.389059,24.17,maund/acre,2020-21(1).pdf,87,previous_year
Hafizabad,Hafizabad,Phalsa,2019-20,Kharif,7.378705,74.65,maund/acre,2020-21(1).pdf,87,previous_year
Jhang,Jhang,Phalsa,2019-20,Kharif,2.880314,29.14,maund/acre,2020-21(1).pdf,87,previous_year
Kasur,Kasur,Phalsa,2019-20,Kharif,4.255234,43.05,maund/acre,2020-21(1).pdf,87,previous_year
Khanewal,Khanewal,Phalsa,2019-20,Kharif,4.649622,47.04,maund/acre,2020-21(1).pdf,87,previous_year
Lahore,Lahore,Phalsa,2019-20,Kharif,5.416651,54.8,maund/acre,2020-21(1).pdf,87,previous_year
Lodhran,Lodhran,Phalsa,2019-20,Kharif,4.299714,43.5,maund/acre,2020-21(1).pdf,87,previous_year
Mianwali,Mianwali,Phalsa,2019-20,Kharif,6.179727,62.52,maund/acre,2020-21(1).pdf,87,previous_year
Multan,Multan,Phalsa,2019-20,Kharif,5.337576,54.0,maund/acre,2020-21(1).pdf,87,previous_year
Muzaffargarh,Muzaffargarh,Phalsa,2019-20,Kharif,3.84602,38.91,maund/acre,2020-21(1).pdf,87,previous_year
Nankana Sahib,Nankana Sahib,Phalsa,2019-20,Kharif,4.502344,45.55,maund/acre,2020-21(1).pdf,87,previous_year
Okara,Okara,Phalsa,2019-20,Kharif,5.160645,52.21,maund/acre,2020-21(1).pdf,87,previous_year
Pakpattan,Pakpattan,Phalsa,2019-20,Kharif,5.792258,58.6,maund/acre,2020-21(1).pdf,87,previous_year
Rahim Yar Khan,Rahim Yar Khan,Phalsa,2019-20,Kharif,5.428512,54.92,maund/acre,2020-21(1).pdf,87,previous_year
Rajanpur,Rajan Pur,Phalsa,2019-20,Kharif,2.029267,20.53,maund/acre,2020-21(1).pdf,87,previous_year
Sahiwal,Sahiwal,Phalsa,2019-20,Kharif,6.118444,61.9,maund/acre,2020-21(1).pdf,87,previous_year
Sargodha,Sargodha,Phalsa,2019-20,Kharif,1.214793,12.29,maund/acre,2020-21(1).pdf,87,previous_year
Sheikhupura,Sheikhupura,Phalsa,2019-20,Kharif,4.436119,44.88,maund/acre,2020-21(1).pdf,87,previous_year
Vehari,Vehari,Phalsa,2019-20,Kharif,4.9422,50.0,maund/acre,2020-21(1).pdf,87,previous_year
Bahawalnagar,Bahawalnagar,Pomegranate,2019-20,Kharif,7.202762,72.87,maund/acre,2020-21(1).pdf,85,previous_year
Bahawalpur,Bahawalpur,Pomegranate,2019-20,Kharif,7.90752,80.0,maund/acre,2020-21(1).pdf,85,previous_year
Bhakkar,Bhakkar,Pomegranate,2019-20,Kharif,5.534276,55.99,maund/acre,2020-21(1).pdf,85,previous_year
Dera Ghazi Khan,D.G. Khan,Pomegranate,2019-20,Kharif,5.397871,54.61,maund/acre,2020-21(1).pdf,85,previous_year
Faisalabad,Faisalabad,Pomegranate,2019-20,Kharif,5.534276,55.99,maund/acre,2020-21(1).pdf,85,previous_year
Gujranwala,Gujranwala,Pomegranate,2019-20,Kharif,5.718125,57.85,maund/acre,2020-21(1).pdf,85,previous_year
Jhang,Jhang,Pomegranate,2019-20,Kharif,5.718125,57.85,maund/acre,2020-21(1).pdf,85,previous_year
Jhelum,Jhelum,Pomegranate,2019-20,Kharif,5.534276,55.99,maund/acre,2020-21(1).pdf,85,previous_year
Kasur,Kasur,Pomegranate,2019-20,Kharif,4.418327,44.7,maund/acre,2020-21(1).pdf,85,previous_year
Khanewal,Khanewal,Pomegranate,2019-20,Kharif,5.944478,60.14,maund/acre,2020-21(1).pdf,85,previous_year
Lodhran,Lodhran,Pomegranate,2019-20,Kharif,6.669993,67.48,maund/acre,2020-21(1).pdf,85,previous_year
Mianwali,Mianwali,Pomegranate,2019-20,Kharif,5.534276,55.99,maund/acre,2020-21(1).pdf,85,previous_year
Multan,Multan,Pomegranate,2019-20,Kharif,6.373461,64.48,maund/acre,2020-21(1).pdf,85,previous_year
Muzaffargarh,Muzaffargarh,Pomegranate,2019-20,Kharif,7.220554,73.05,maund/acre,2020-21(1).pdf,85,previous_year
Nankana Sahib,Nankana Sahib,Pomegranate,2019-20,Kharif,8.116081,82.11,maund/acre,2020-21(1).pdf,85,previous_year
Okara,Okara,Pomegranate,2019-20,Kharif,8.468954,85.68,maund/acre,2020-21(1).pdf,85,previous_year
Pakpattan,Pakpattan,Pomegranate,2019-20,Kharif,10.877782,110.05,maund/acre,2020-21(1).pdf,85,previous_year
Rahim Yar Khan,Rahim Yar Khan,Pomegranate,2019-20,Kharif,10.87284,110.0,maund/acre,2020-21(1).pdf,85,previous_year
Rajanpur,Rajan Pur,Pomegranate,2019-20,Kharif,5.03709,50.96,maund/acre,2020-21(1).pdf,85,previous_year
Sahiwal,Sahiwal,Pomegranate,2019-20,Kharif,6.90623,69.87,maund/acre,2020-21(1).pdf,85,previous_year
Sialkot,Sialkot,Pomegranate,2019-20,Kharif,5.718125,57.85,maund/acre,2020-21(1).pdf,85,previous_year
Toba Tek Singh,T.T. Singh,Pomegranate,2019-20,Kharif,4.260176,43.1,maund/acre,2020-21(1).pdf,85,previous_year
Vehari,Vehari,Pomegranate,2019-20,Kharif,6.916115,69.97,maund/acre,2020-21(1).pdf,85,previous_year
Attock,Attock -- --,Rabi Fodder,2019-20,Rabi,10.032666,101.5,maund/acre,2019-20(1).pdf,136,current
Bahawalnagar,Bahawalnagar,Rabi Fodder,2019-20,Rabi,65.029468,657.9,maund/acre,2019-20(1).pdf,136,current
Bahawalpur,Bahawalpur,Rabi Fodder,2019-20,Rabi,66.037676,668.1,maund/acre,2019-20(1).pdf,136,current
Bhakkar,Bhakkar,Rabi Fodder,2019-20,Rabi,53.879864,545.1,maund/acre,2019-20(1).pdf,136,current
Chakwal,Chakwal,Rabi Fodder,2019-20,Rabi,25.61048,259.1,maund/acre,2019-20(1).pdf,136,current
Chiniot,Chiniot,Rabi Fodder,2019-20,Rabi,58.644145,593.3,maund/acre,2019-20(1).pdf,136,current
Dera Ghazi Khan,D.G. Khan,Rabi Fodder,2019-20,Rabi,40.970838,414.5,maund/acre,2019-20(1).pdf,136,current
Faisalabad,Faisalabad,Rabi Fodder,2019-20,Rabi,53.187956,538.1,maund/acre,2019-20(1).pdf,136,current
Gujranwala,Gujranwala,Rabi Fodder,2019-20,Rabi,58.248769,589.3,maund/acre,2019-20(1).pdf,136,current
Gujrat,Gujrat,Rabi Fodder,2019-20,Rabi,51.329689,519.3,maund/acre,2019-20(1).pdf,136,current
Hafizabad,Hafizabad,Rabi Fodder,2019-20,Rabi,68.657042,694.6,maund/acre,2019-20(1).pdf,136,current
Islamabad,Islamabad -- --,Rabi Fodder,2019-20,Rabi,19.758916,199.9,maund/acre,2019-20(1).pdf,136,current
Jhang,Jhang,Rabi Fodder,2019-20,Rabi,67.292995,680.8,maund/acre,2019-20(1).pdf,136,current
Jhelum,Jhelum,Rabi Fodder,2019-20,Rabi,42.542458,430.4,maund/acre,2019-20(1).pdf,136,current
Kasur,Kasur,Rabi Fodder,2019-20,Rabi,54.472928,551.1,maund/acre,2019-20(1).pdf,136,current
Khanewal,Khanewal,Rabi Fodder,2019-20,Rabi,59.780851,604.8,maund/acre,2019-20(1).pdf,136,current
Khushab,Khushab,Rabi Fodder,2019-20,Rabi,46.239223,467.8,maund/acre,2019-20(1).pdf,136,current
Lahore,Lahore,Rabi Fodder,2019-20,Rabi,57.24056,579.1,maund/acre,2019-20(1).pdf,136,current
Layyah,Layyah,Rabi Fodder,2019-20,Rabi,28.378112,287.1,maund/acre,2019-20(1).pdf,136,current
Lodhran,Lodhran,Rabi Fodder,2019-20,Rabi,61.490852,622.1,maund/acre,2019-20(1).pdf,136,current
Mandi Bahauddin,M.B.Din,Rabi Fodder,2019-20,Rabi,72.06716,729.1,maund/acre,2019-20(1).pdf,136,current
Mianwali,Mianwali,Rabi Fodder,2019-20,Rabi,57.467902,581.4,maund/acre,2019-20(1).pdf,136,current
Multan,Multan,Rabi Fodder,2019-20,Rabi,62.657212,633.9,maund/acre,2019-20(1).pdf,136,current
Muzaffargarh,Muzzafargargh,Rabi Fodder,2019-20,Rabi,63.75438,645.0,maund/acre,2019-20(1).pdf,136,current
Nankana Sahib,Nankana Sahib,Rabi Fodder,2019-20,Rabi,60.067499,607.7,maund/acre,2019-20(1).pdf,136,current
Narowal,Narowal,Rabi Fodder,2019-20,Rabi,50.094139,506.8,maund/acre,2019-20(1).pdf,136,current
Okara,Okara,Rabi Fodder,2019-20,Rabi,60.621025,613.3,maund/acre,2019-20(1).pdf,136,current
Pakpattan,Pakpattan,Rabi Fodder,2019-20,Rabi,61.154783,618.7,maund/acre,2019-20(1).pdf,136,current
Rahim Yar Khan,Rahim Yar Khan,Rabi Fodder,2019-20,Rabi,72.966641,738.2,maund/acre,2020-21(1).pdf,105,previous_year
Rajanpur,Rajan Pur,Rabi Fodder,2019-20,Rabi,46.782865,473.3,maund/acre,2019-20(1).pdf,136,current
Rawalpindi,Rawalpindi,Rabi Fodder,2019-20,Rabi,20.856084,211.0,maund/acre,2019-20(1).pdf,136,current
Sahiwal,Sahiwal,Rabi Fodder,2019-20,Rabi,75.684851,765.7,maund/acre,2019-20(1).pdf,136,current
Sargodha,Sargodha,Rabi Fodder,2019-20,Rabi,58.367382,590.5,maund/acre,2019-20(1).pdf,136,current
Sheikhupura,Sheikhupura,Rabi Fodder,2019-20,Rabi,64.347444,651.0,maund/acre,2019-20(1).pdf,136,current
Sialkot,Sialkot,Rabi Fodder,2019-20,Rabi,52.357667,529.7,maund/acre,2019-20(1).pdf,136,current
Toba Tek Singh,T.T. Singh,Rabi Fodder,2019-20,Rabi,60.126805,608.3,maund/acre,2019-20(1).pdf,136,current
Vehari,Vehari,Rabi Fodder,2019-20,Rabi,79.608958,805.4,maund/acre,2019-20(1).pdf,136,current
Attock,Attock --,Rapeseed & Mustard,2019-20,Rabi,1.281018,12.96,maund/acre,2019-20(1).pdf,105,current
Bahawalnagar,Bahawalnagar,Rapeseed & Mustard,2019-20,Rabi,1.858267,18.8,maund/acre,2019-20(1).pdf,105,current
Bahawalpur,Bahawalpur,Rapeseed & Mustard,2019-20,Rabi,2.947528,29.82,maund/acre,2019-20(1).pdf,105,current
Bhakkar,Bhakkar,Rapeseed & Mustard,2019-20,Rabi,1.816753,18.38,maund/acre,2019-20(1).pdf,105,current
Chakwal,Chakwal,Rapeseed & Mustard,2019-20,Rabi,0.703769,7.12,maund/acre,2019-20(1).pdf,105,current
Chiniot,Chiniot,Rapeseed & Mustard,2019-20,Rabi,1.557781,15.76,maund/acre,2019-20(1).pdf,105,current
Dera Ghazi Khan,D.G. Khan,Rapeseed & Mustard,2019-20,Rabi,0.991405,10.03,maund/acre,2019-20(1).pdf,105,current
Faisalabad,Faisalabad,Rapeseed & Mustard,2019-20,Rabi,1.99566,20.19,maund/acre,2019-20(1).pdf,105,current
Gujrat,Gujrat,Rapeseed & Mustard,2019-20,Rabi,0.715631,7.24,maund/acre,2019-20(1).pdf,105,current
Jhang,Jhang,Rapeseed & Mustard,2019-20,Rabi,1.937342,19.6,maund/acre,2019-20(1).pdf,105,current
Jhelum,Jhelum,Rapeseed & Mustard,2019-20,Rabi,0.971637,9.83,maund/acre,2019-20(1).pdf,105,current
Khanewal,Khanewal,Rapeseed & Mustard,2019-20,Rabi,1.615111,16.34,maund/acre,2019-20(1).pdf,105,current
Khushab,Khushab,Rapeseed & Mustard,2019-20,Rabi,0.993382,10.05,maund/acre,2019-20(1).pdf,105,current
Layyah,Layyah,Rapeseed & Mustard,2019-20,Rabi,1.597319,16.16,maund/acre,2019-20(1).pdf,105,current
Lodhran,Lodhran,Rapeseed & Mustard,2019-20,Rabi,2.40784,24.36,maund/acre,2019-20(1).pdf,105,current
Mianwali,Mianwali,Rapeseed & Mustard,2019-20,Rabi,1.261249,12.76,maund/acre,2019-20(1).pdf,105,current
Muzaffargarh,Muzaffargarh,Rapeseed & Mustard,2019-20,Rabi,1.906701,19.29,maund/acre,2019-20(1).pdf,105,current
Okara,Okara,Rapeseed & Mustard,2019-20,Rabi,1.576562,15.95,maund/acre,2019-20(1).pdf,105,current
Pakpattan,Pakpattan,Rapeseed & Mustard,2019-20,Rabi,1.470799,14.88,maund/acre,2019-20(1).pdf,105,current
Rahim Yar Khan,Rahim Yar Khan,Rapeseed & Mustard,2019-20,Rabi,1.32451,13.4,maund/acre,2019-20(1).pdf,105,current
Rajanpur,Rajan Pur,Rapeseed & Mustard,2019-20,Rabi,1.3937,14.1,maund/acre,2019-20(1).pdf,105,current
Sahiwal,Sahiwal,Rapeseed & Mustard,2019-20,Rabi,1.532082,15.5,maund/acre,2019-20(1).pdf,105,current
Sargodha,Sargodha,Rapeseed & Mustard,2019-20,Rabi,0.834243,8.44,maund/acre,2019-20(1).pdf,105,current
Sheikhupura,Sheikhupura,Rapeseed & Mustard,2019-20,Rabi,1.3937,14.1,maund/acre,2019-20(1).pdf,105,current
Toba Tek Singh,T.T. Singh,Rapeseed & Mustard,2019-20,Rabi,1.826637,18.48,maund/acre,2019-20(1).pdf,105,current
Vehari,Vehari,Rapeseed & Mustard,2019-20,Rabi,2.648031,26.79,maund/acre,2019-20(1).pdf,105,current
Bahawalnagar,Bahawalnagar,Rice,2019-20,Kharif,2.335684,23.63,maund/acre,2019-20(1).pdf,8,current
Bahawalpur,Bahawalpur,Rice,2019-20,Kharif,1.950192,19.73,maund/acre,2019-20(1).pdf,8,current
Bhakkar,Bhakkar,Rice,2019-20,Kharif,2.06584,20.9,maund/acre,2019-20(1).pdf,8,current
Chiniot,Chiniot,Rice,2019-20,Kharif,2.372256,24.0,maund/acre,2019-20(1).pdf,8,current
Dera Ghazi Khan,D.G. Khan,Rice,2019-20,Kharif,2.468135,24.97,maund/acre,2019-20(1).pdf,8,current
Faisalabad,Faisalabad,Rice,2019-20,Kharif,2.183464,22.09,maund/acre,2019-20(1).pdf,8,current
Gujranwala,Gujranwala,Rice,2019-20,Kharif,2.326788,23.54,maund/acre,2019-20(1).pdf,8,current
Gujrat,Gujrat,Rice,2019-20,Kharif,2.016418,20.4,maund/acre,2019-20(1).pdf,8,current
Hafizabad,Hafizabad,Rice,2019-20,Kharif,2.31295,23.4,maund/acre,2019-20(1).pdf,8,current
Jhang,Jhang,Rice,2019-20,Kharif,2.176545,22.02,maund/acre,2019-20(1).pdf,8,current
Jhelum,Jehlum,Rice,2019-20,Kharif,2.056944,20.81,maund/acre,2019-20(1).pdf,8,current
Kasur,Kasur,Rice,2019-20,Kharif,2.381152,24.09,maund/acre,2019-20(1).pdf,8,current
Khanewal,Khanewal,Rice,2019-20,Kharif,1.946238,19.69,maund/acre,2019-20(1).pdf,8,current
Khushab,Khushab,Rice,2019-20,Kharif,1.819718,18.41,maund/acre,2019-20(1).pdf,8,current
Lahore,Lahore,Rice,2019-20,Kharif,2.302077,23.29,maund/acre,2019-20(1).pdf,8,current
Layyah,Layyah,Rice,2019-20,Kharif,1.85036,18.72,maund/acre,2019-20(1).pdf,8,current
Lodhran,Lodhran,Rice,2019-20,Kharif,1.594354,16.13,maund/acre,2019-20(1).pdf,8,current
Mandi Bahauddin,M.B.Din,Rice,2019-20,Kharif,2.11625,21.41,maund/acre,2019-20(1).pdf,8,current
Mianwali,Mianwali,Rice,2019-20,Kharif,1.803903,18.25,maund/acre,2019-20(1).pdf,8,current
Multan,Multan,Rice,2019-20,Kharif,2.013452,20.37,maund/acre,2019-20(1).pdf,8,current
Muzaffargarh,Muzzafargargh,Rice,2019-20,Kharif,1.902747,19.25,maund/acre,2019-20(1).pdf,8,current
Nankana Sahib,Nankana Sahib,Rice,2019-20,Kharif,2.38214,24.1,maund/acre,2019-20(1).pdf,8,current
Narowal,Narowal,Rice,2019-20,Kharif,1.925481,19.48,maund/acre,2019-20(1).pdf,8,current
Okara,Okara,Rice,2019-20,Kharif,2.317892,23.45,maund/acre,2019-20(1).pdf,8,current
Pakpattan,Pakpattan,Rice,2019-20,Kharif,2.220036,22.46,maund/acre,2019-20(1).pdf,8,current
Rahim Yar Khan,R.Y. Khan,Rice,2019-20,Kharif,2.1034,21.28,maund/acre,2019-20(1).pdf,8,current
Rajanpur,Rajan Pur,Rice,2019-20,Kharif,2.102412,21.27,maund/acre,2019-20(1).pdf,8,current
Sahiwal,Sahiwal,Rice,2019-20,Kharif,2.091539,21.16,maund/acre,2019-20(1).pdf,8,current
Sargodha,Sargodha,Rice,2019-20,Kharif,1.957111,19.8,maund/acre,2019-20(1).pdf,8,current
Sheikhupura,Sheikhupura,Rice,2019-20,Kharif,2.140961,21.66,maund/acre,2019-20(1).pdf,8,current
Sialkot,Sialkot,Rice,2019-20,Kharif,2.02729,20.51,maund/acre,2019-20(1).pdf,8,current
Toba Tek Singh,T.T. Singh,Rice,2019-20,Kharif,2.501742,25.31,maund/acre,2019-20(1).pdf,8,current
Vehari,Vehari,Rice,2019-20,Kharif,1.711978,17.32,maund/acre,2019-20(1).pdf,8,current
Attock,Attock,Sesamum,2019-20,Kharif,0.431948,4.37,maund/acre,2019-20(1).pdf,38,current
Bahawalnagar,Bahawalnagar,Sesamum,2019-20,Kharif,0.521896,5.28,maund/acre,2019-20(1).pdf,38,current
Bahawalpur,Bahawalpur,Sesamum,2019-20,Kharif,0.478405,4.84,maund/acre,2019-20(1).pdf,38,current
Bhakkar,Bhakkar,Sesamum,2019-20,Kharif,0.504104,5.1,maund/acre,2019-20(1).pdf,38,current
Chakwal,Chakwal,Sesamum,2019-20,Kharif,0.269844,2.73,maund/acre,2019-20(1).pdf,38,current
Chiniot,Chiniot,Sesamum,2019-20,Kharif,0.49422,5.0,maund/acre,2019-20(1).pdf,38,current
Dera Ghazi Khan,D.G. Khan,Sesamum,2019-20,Kharif,0.198676,2.01,maund/acre,2019-20(1).pdf,38,current
Faisalabad,Faisalabad,Sesamum,2019-20,Kharif,0.504104,5.1,maund/acre,2019-20(1).pdf,38,current
Gujranwala,Gujranwala,Sesamum,2019-20,Kharif,0.29752,3.01,maund/acre,2019-20(1).pdf,38,current
Gujrat,Gujrat,Sesamum,2019-20,Kharif,0.388457,3.93,maund/acre,2019-20(1).pdf,38,current
Hafizabad,Hafizabad,Sesamum,2019-20,Kharif,0.212515,2.15,maund/acre,2019-20(1).pdf,38,current
Jhang,Jhang,Sesamum,2019-20,Kharif,0.421075,4.26,maund/acre,2019-20(1).pdf,38,current
Jhelum,Jhelum,Sesamum,2019-20,Kharif,0.244145,2.47,maund/acre,2019-20(1).pdf,38,current
Kasur,Kasur,Sesamum,2019-20,Kharif,0.889596,9.0,maund/acre,2019-20(1).pdf,38,current
Khanewal,Khanewal,Sesamum,2019-20,Kharif,0.394388,3.99,maund/acre,2019-20(1).pdf,38,current
Khushab,Khushab,Sesamum,2019-20,Kharif,0.447763,4.53,maund/acre,2019-20(1).pdf,38,current
Lahore,Lahore,Sesamum,2019-20,Kharif,0.86785,8.78,maund/acre,2019-20(1).pdf,38,current
Layyah,Layyah,Sesamum,2019-20,Kharif,0.453694,4.59,maund/acre,2019-20(1).pdf,38,current
Lodhran,Lodhran,Sesamum,2019-20,Kharif,0.708711,7.17,maund/acre,2019-20(1).pdf,38,current
Mandi Bahauddin,M.B. Din,Sesamum,2019-20,Kharif,0.442821,4.48,maund/acre,2019-20(1).pdf,38,current
Mianwali,Mianwali,Sesamum,2019-20,Kharif,0.478405,4.84,maund/acre,2019-20(1).pdf,38,current
Multan,Multan,Sesamum,2019-20,Kharif,0.632602,6.4,maund/acre,2019-20(1).pdf,38,current
Muzaffargarh,Muzaffargarh,Sesamum,2019-20,Kharif,0.636555,6.44,maund/acre,2019-20(1).pdf,38,current
Nankana Sahib,Nankana Sahib,Sesamum,2019-20,Kharif,0.345954,3.5,maund/acre,2019-20(1).pdf,38,current
Narowal,Narowal,Sesamum,2019-20,Kharif,0.143324,1.45,maund/acre,2019-20(1).pdf,38,current
Okara,Okara,Sesamum,2019-20,Kharif,0.670162,6.78,maund/acre,2019-20(1).pdf,38,current
Pakpattan,Pakpattan,Sesamum,2019-20,Kharif,0.736388,7.45,maund/acre,2019-20(1).pdf,38,current
Rahim Yar Khan,Rahim Yar Khan,Sesamum,2019-20,Kharif,0.543642,5.5,maund/acre,2019-20(1).pdf,38,current
Rajanpur,Rajan Pur,Sesamum,2019-20,Kharif,0.22833,2.31,maund/acre,2019-20(1).pdf,38,current
Rawalpindi,Rawalpindi,Sesamum,2019-20,Kharif,0.402295,4.07,maund/acre,2019-20(1).pdf,38,current
Sahiwal,Sahiwal,Sesamum,2019-20,Kharif,0.872793,8.83,maund/acre,2019-20(1).pdf,38,current
Sargodha,Sargodha,Sesamum,2019-20,Kharif,0.419099,4.24,maund/acre,2019-20(1).pdf,38,current
Sheikhupura,Sheikhupura,Sesamum,2019-20,Kharif,0.375607,3.8,maund/acre,2019-20(1).pdf,38,current
Sialkot,Sialkot,Sesamum,2019-20,Kharif,0.252052,2.55,maund/acre,2019-20(1).pdf,38,current
Toba Tek Singh,T.T. Singh,Sesamum,2019-20,Kharif,0.505093,5.11,maund/acre,2019-20(1).pdf,38,current
Vehari,Vehari,Sesamum,2019-20,Kharif,0.422064,4.27,maund/acre,2019-20(1).pdf,38,current
Rahim Yar Khan,Rahim Yar Khan,Sugarcane,2019-20,Kharif,80.854392,818.0,maund/acre,2020-21(1).pdf,15,previous_year
Attock,Attock,Tinda,2019-20,Kharif,8.885087,89.89,maund/acre,2020-21(1).pdf,66,previous_year
Bahawalnagar,Bahawalnagar,Tinda,2019-20,Kharif,8.054798,81.49,maund/acre,2020-21(1).pdf,66,previous_year
Bahawalpur,Bahawalpur,Tinda,2019-20,Kharif,11.931459,120.71,maund/acre,2020-21(1).pdf,66,previous_year
Bhakkar,Bhakkar,Tinda,2019-20,Kharif,11.468869,116.03,maund/acre,2020-21(1).pdf,66,previous_year
Chakwal,Chakwal,Tinda,2019-20,Kharif,8.302896,84.0,maund/acre,2020-21(1).pdf,66,previous_year
Chiniot,Chiniot,Tinda,2019-20,Kharif,12.27939,124.23,maund/acre,2020-21(1).pdf,66,previous_year
Dera Ghazi Khan,D.G. Khan,Tinda,2019-20,Kharif,9.321978,94.31,maund/acre,2020-21(1).pdf,66,previous_year
Faisalabad,Faisalabad,Tinda,2019-20,Kharif,12.517604,126.64,maund/acre,2020-21(1).pdf,66,previous_year
Gujranwala,Gujranwala,Tinda,2019-20,Kharif,7.170144,72.54,maund/acre,2020-21(1).pdf,66,previous_year
Gujrat,Gujrat,Tinda,2019-20,Kharif,9.104521,92.11,maund/acre,2020-21(1).pdf,66,previous_year
Hafizabad,Hafizabad,Tinda,2019-20,Kharif,6.375438,64.5,maund/acre,2020-21(1).pdf,66,previous_year
Jhang,Jhang,Tinda,2019-20,Kharif,12.839836,129.9,maund/acre,2020-21(1).pdf,66,previous_year
Kasur,Kasur,Tinda,2019-20,Kharif,11.920586,120.6,maund/acre,2020-21(1).pdf,66,previous_year
Khanewal,Khanewal,Tinda,2019-20,Kharif,9.888354,100.04,maund/acre,2020-21(1).pdf,66,previous_year
Khushab,Khushab,Tinda,2019-20,Kharif,8.994804,91.0,maund/acre,2020-21(1).pdf,66,previous_year
Lahore,Lahore,Tinda,2019-20,Kharif,11.989777,121.3,maund/acre,2020-21(1).pdf,66,previous_year
Layyah,Layyah,Tinda,2019-20,Kharif,11.11995,112.5,maund/acre,2020-21(1).pdf,66,previous_year
Lodhran,Lodhran,Tinda,2019-20,Kharif,11.822731,119.61,maund/acre,2020-21(1).pdf,66,previous_year
Mandi Bahauddin,M.B. Din,Tinda,2019-20,Kharif,7.633722,77.23,maund/acre,2020-21(1).pdf,66,previous_year
Mianwali,Mianwali,Tinda,2019-20,Kharif,6.224207,62.97,maund/acre,2020-21(1).pdf,66,previous_year
Multan,Multan,Tinda,2019-20,Kharif,9.683747,97.97,maund/acre,2020-21(1).pdf,66,previous_year
Muzaffargarh,Muzaffargarh,Tinda,2019-20,Kharif,11.982858,121.23,maund/acre,2020-21(1).pdf,66,previous_year
Nankana Sahib,Nankana Sahib,Tinda,2019-20,Kharif,13.057292,132.1,maund/acre,2020-21(1).pdf,66,previous_year
Narowal,Narowal,Tinda,2019-20,Kharif,7.363878,74.5,maund/acre,2020-21(1).pdf,66,previous_year
Okara,Okara,Tinda,2019-20,Kharif,11.083378,112.13,maund/acre,2020-21(1).pdf,66,previous_year
Pakpattan,Pakpattan,Tinda,2019-20,Kharif,10.68899,108.14,maund/acre,2020-21(1).pdf,66,previous_year
Rahim Yar Khan,Rahim Yar Khan,Tinda,2019-20,Kharif,9.6877,98.01,maund/acre,2020-21(1).pdf,66,previous_year
Rajanpur,Rajan Pur,Tinda,2019-20,Kharif,9.489024,96.0,maund/acre,2020-21(1).pdf,66,previous_year
Sahiwal,Sahiwal,Tinda,2019-20,Kharif,10.71469,108.4,maund/acre,2020-21(1).pdf,66,previous_year
Sargodha,Sargodha,Tinda,2019-20,Kharif,6.41201,64.87,maund/acre,2020-21(1).pdf,66,previous_year
Sheikhupura,Sheikhupura,Tinda,2019-20,Kharif,13.660241,138.2,maund/acre,2020-21(1).pdf,66,previous_year
Sialkot,Sialkot,Tinda,2019-20,Kharif,7.107872,71.91,maund/acre,2020-21(1).pdf,66,previous_year
Toba Tek Singh,T.T. Singh,Tinda,2019-20,Kharif,8.380983,84.79,maund/acre,2020-21(1).pdf,66,previous_year
Vehari,Vehari,Tinda,2019-20,Kharif,9.8844,100.0,maund/acre,2020-21(1).pdf,66,previous_year
Bahawalnagar,Bahawalnagar,Tobacco,2019-20,Kharif,1.616099,16.35,maund/acre,2019-20(1).pdf,110,current
Bahawalpur,Bahawalpur,Tobacco,2019-20,Kharif,1.404573,14.21,maund/acre,2019-20(1).pdf,110,current
Chiniot,Chiniot,Tobacco,2019-20,Kharif,2.52151,25.51,maund/acre,2019-20(1).pdf,110,current
Dera Ghazi Khan,D.G. Khan,Tobacco,2019-20,Kharif,2.753794,27.86,maund/acre,2019-20(1).pdf,110,current
Faisalabad,Faisalabad,Tobacco,2019-20,Kharif,2.532383,25.62,maund/acre,2019-20(1).pdf,110,current
Gujranwala,Gujranwala,Tobacco,2019-20,Kharif,1.581504,16.0,maund/acre,2019-20(1).pdf,110,current
Gujrat,Gujrat,Tobacco,2019-20,Kharif,1.966007,19.89,maund/acre,2019-20(1).pdf,110,current
Hafizabad,Hafizabad,Tobacco,2019-20,Kharif,1.878036,19.0,maund/acre,2019-20(1).pdf,110,current
Jhang,Jhang,Tobacco,2019-20,Kharif,2.603551,26.34,maund/acre,2019-20(1).pdf,110,current
Jhelum,Jehlum,Tobacco,2019-20,Kharif,1.829602,18.51,maund/acre,2019-20(1).pdf,110,current
Kasur,Kasur,Tobacco,2019-20,Kharif,1.680348,17.0,maund/acre,2019-20(1).pdf,110,current
Khanewal,Khanewal,Tobacco,2019-20,Kharif,1.382828,13.99,maund/acre,2019-20(1).pdf,110,current
Lahore,Lahore,Tobacco,2019-20,Kharif,0.346942,3.51,maund/acre,2019-20(1).pdf,110,current
Lodhran,Lodhran,Tobacco,2019-20,Kharif,2.767632,28.0,maund/acre,2019-20(1).pdf,110,current
Mandi Bahauddin,M.B.Din,Tobacco,2019-20,Kharif,2.143926,21.69,maund/acre,2019-20(1).pdf,110,current
Muzaffargarh,Muzaffargarh,Tobacco,2019-20,Kharif,2.784435,28.17,maund/acre,2019-20(1).pdf,110,current
Nankana Sahib,Nankana Sahib,Tobacco,2019-20,Kharif,1.214793,12.29,maund/acre,2019-20(1).pdf,110,current
Narowal,Narowal,Tobacco,2019-20,Kharif,1.383816,14.0,maund/acre,2019-20(1).pdf,110,current
Okara,Okara,Tobacco,2019-20,Kharif,2.178522,22.04,maund/acre,2019-20(1).pdf,110,current
Pakpattan,Pakpattan,Tobacco,2019-20,Kharif,1.2484,12.63,maund/acre,2019-20(1).pdf,110,current
Rajanpur,Rajan Pur,Tobacco,2019-20,Kharif,3.163008,32.0,maund/acre,2019-20(1).pdf,110,current
Rawalpindi,RAWALPINDI DV:,Tobacco,2019-20,Kharif,1.829602,18.51,maund/acre,2020-21(1).pdf,116,previous_year
Sahiwal,Sahiwal,Tobacco,2019-20,Kharif,1.678371,16.98,maund/acre,2019-20(1).pdf,110,current
Sargodha,Sargodha,Tobacco,2019-20,Kharif,2.434528,24.63,maund/acre,2019-20(1).pdf,110,current
Sheikhupura,Sheikhupura,Tobacco,2019-20,Kharif,1.779192,18.0,maund/acre,2019-20(1).pdf,110,current
Sialkot,Sialkot,Tobacco,2019-20,Kharif,1.48266,15.0,maund/acre,2019-20(1).pdf,110,current
Toba Tek Singh,T.T.Singh,Tobacco,2019-20,Kharif,2.650008,26.81,maund/acre,2019-20(1).pdf,110,current
Vehari,Vehari,Tobacco,2019-20,Kharif,3.207488,32.45,maund/acre,2019-20(1).pdf,110,current
Kasur,Kasur,Turmeric,2019-20,Kharif,14.964982,151.4,maund/acre,2020-21(1).pdf,73,previous_year
Narowal,Narowal,Turmeric,2019-20,Kharif,10.875805,110.03,maund/acre,2020-21(1).pdf,73,previous_year
Okara,Okara,Turmeric,2019-20,Kharif,11.972974,121.13,maund/acre,2020-21(1).pdf,73,previous_year
Attock,Attock,Wheat,2019-20,Rabi,1.762389,17.83,maund/acre,2019-20(1).pdf,74,current
Bahawalnagar,Bahawalnagar,Wheat,2019-20,Rabi,3.978471,40.25,maund/acre,2019-20(1).pdf,74,current
Bahawalpur,Bahawalpur,Wheat,2019-20,Rabi,3.549488,35.91,maund/acre,2019-20(1).pdf,74,current
Bhakkar,Bhakkar,Wheat,2019-20,Rabi,2.569944,26.0,maund/acre,2019-20(1).pdf,74,current
Chakwal,Chakwal,Wheat,2019-20,Rabi,1.841464,18.63,maund/acre,2019-20(1).pdf,74,current
Chiniot,Chiniot,Wheat,2019-20,Rabi,3.377499,34.17,maund/acre,2019-20(1).pdf,74,current
Dera Ghazi Khan,D.G. Khan,Wheat,2019-20,Rabi,3.330054,33.69,maund/acre,2019-20(1).pdf,74,current
Faisalabad,Faisalabad,Wheat,2019-20,Rabi,3.68787,37.31,maund/acre,2019-20(1).pdf,74,current
Gujranwala,Gujranwala,Wheat,2019-20,Rabi,3.375523,34.15,maund/acre,2019-20(1).pdf,74,current
Gujrat,Gujrat,Wheat,2019-20,Rabi,2.046071,20.7,maund/acre,2019-20(1).pdf,74,current
Hafizabad,Hafizabad,Wheat,2019-20,Rabi,3.064164,31.0,maund/acre,2019-20(1).pdf,74,current
Islamabad,Islamabad --,Wheat,2019-20,Rabi,1.707036,17.27,maund/acre,2019-20(1).pdf,74,current
Jhang,Jhang,Wheat,2019-20,Rabi,3.206499,32.44,maund/acre,2019-20(1).pdf,74,current
Jhelum,Jhelum,Wheat,2019-20,Rabi,1.604238,16.23,maund/acre,2019-20(1).pdf,74,current
Kasur,Kasur,Wheat,2019-20,Rabi,3.89643,39.42,maund/acre,2019-20(1).pdf,74,current
Khanewal,Khanewal,Wheat,2019-20,Rabi,3.525765,35.67,maund/acre,2019-20(1).pdf,74,current
Khushab,Khushab,Wheat,2019-20,Rabi,2.019383,20.43,maund/acre,2019-20(1).pdf,74,current
Lahore,Lahore,Wheat,2019-20,Rabi,3.867766,39.13,maund/acre,2019-20(1).pdf,74,current
Layyah,Layyah,Wheat,2019-20,Rabi,3.032534,30.68,maund/acre,2019-20(1).pdf,74,current
Lodhran,Lodhran,Wheat,2019-20,Rabi,3.607806,36.5,maund/acre,2019-20(1).pdf,74,current
Mandi Bahauddin,M.B. Din,Wheat,2019-20,Rabi,3.008811,30.44,maund/acre,2019-20(1).pdf,74,current
Mianwali,Mianwali,Wheat,2019-20,Rabi,2.402898,24.31,maund/acre,2019-20(1).pdf,74,current
Multan,Multan,Wheat,2019-20,Rabi,3.64339,36.86,maund/acre,2019-20(1).pdf,74,current
Muzaffargarh,Muzaffargarh,Wheat,2019-20,Rabi,3.365638,34.05,maund/acre,2019-20(1).pdf,74,current
Nankana Sahib,Nankana Sahib,Wheat,2019-20,Rabi,3.591991,36.34,maund/acre,2019-20(1).pdf,74,current
Narowal,Narowal,Wheat,2019-20,Rabi,2.302077,23.29,maund/acre,2019-20(1).pdf,74,current
Okara,Okara,Wheat,2019-20,Rabi,3.907303,39.53,maund/acre,2019-20(1).pdf,74,current
Pakpattan,Pakpattan,Wheat,2019-20,Rabi,4.018009,40.65,maund/acre,2019-20(1).pdf,74,current
Rahim Yar Khan,Rahim Yar Khan,Wheat,2019-20,Rabi,3.73828,37.82,maund/acre,2019-20(1).pdf,74,current
Rajanpur,Rajan Pur,Wheat,2019-20,Rabi,3.70665,37.5,maund/acre,2019-20(1).pdf,74,current
Rawalpindi,Rawalpindi,Wheat,2019-20,Rabi,1.628949,16.48,maund/acre,2019-20(1).pdf,74,current
Sahiwal,Sahiwal,Wheat,2019-20,Rabi,3.796598,38.41,maund/acre,2019-20(1).pdf,74,current
Sargodha,Sargodha,Wheat,2019-20,Rabi,2.88921,29.23,maund/acre,2019-20(1).pdf,74,current
Sheikhupura,Sheikhupura,Wheat,2019-20,Rabi,3.465471,35.06,maund/acre,2019-20(1).pdf,74,current
Sialkot,Sialkot,Wheat,2019-20,Rabi,2.441447,24.7,maund/acre,2019-20(1).pdf,74,current
Toba Tek Singh,T.T. Singh,Wheat,2019-20,Rabi,3.758049,38.02,maund/acre,2019-20(1).pdf,74,current
Vehari,Vehari,Wheat,2019-20,Rabi,3.72543,37.69,maund/acre,2019-20(1).pdf,74,current
Attock,Attock,Bajra,2020-21,Kharif,0.477417,4.83,maund/acre,2020-21(1).pdf,128,current
Bahawalnagar,Bahawalnagar,Bajra,2020-21,Kharif,1.176244,11.9,maund/acre,2020-21(1).pdf,128,current
Bahawalpur,Bahawalpur,Bajra,2020-21,Kharif,1.018093,10.3,maund/acre,2020-21(1).pdf,128,current
Bhakkar,Bhakkar,Bajra,2020-21,Kharif,1.546909,15.65,maund/acre,2020-21(1).pdf,128,current
Chakwal,Chakwal,Bajra,2020-21,Kharif,0.764064,7.73,maund/acre,2020-21(1).pdf,128,current
Chiniot,Chiniot,Bajra,2020-21,Kharif,1.21677,12.31,maund/acre,2020-21(1).pdf,128,current
Dera Ghazi Khan,D.G. Khan,Bajra,2020-21,Kharif,0.910353,9.21,maund/acre,2020-21(1).pdf,128,current
Faisalabad,Faisalabad,Bajra,2020-21,Kharif,1.258284,12.73,maund/acre,2020-21(1).pdf,128,current
Gujranwala,Gujranwala,Bajra,2020-21,Kharif,0.605914,6.13,maund/acre,2020-21(1).pdf,128,current
Gujrat,Gujrat,Bajra,2020-21,Kharif,0.388457,3.93,maund/acre,2020-21(1).pdf,128,current
Hafizabad,Hafizabad,Bajra,2020-21,Kharif,0.69685,7.05,maund/acre,2020-21(1).pdf,128,current
Islamabad,Islamabad,Bajra,2020-21,Kharif,0.504104,5.1,maund/acre,2020-21(1).pdf,128,current
Jhang,Jhang,Bajra,2020-21,Kharif,1.015128,10.27,maund/acre,2020-21(1).pdf,128,current
Jhelum,Jhelum,Bajra,2020-21,Kharif,0.423052,4.28,maund/acre,2020-21(1).pdf,128,current
Kasur,Kasur,Bajra,2020-21,Kharif,1.479695,14.97,maund/acre,2020-21(1).pdf,128,current
Khanewal,Khanewal,Bajra,2020-21,Kharif,1.23555,12.5,maund/acre,2020-21(1).pdf,128,current
Khushab,Khushab,Bajra,2020-21,Kharif,0.819417,8.29,maund/acre,2020-21(1).pdf,128,current
Lahore,Lahore,Bajra,2020-21,Kharif,1.113972,11.27,maund/acre,2020-21(1).pdf,128,current
Layyah,Layyah,Bajra,2020-21,Kharif,0.896515,9.07,maund/acre,2020-21(1).pdf,128,current
Lodhran,Lodhran,Bajra,2020-21,Kharif,1.120891,11.34,maund/acre,2020-21(1).pdf,128,current
Mandi Bahauddin,M.B. Din,Bajra,2020-21,Kharif,0.7097,7.18,maund/acre,2020-21(1).pdf,128,current
Mianwali,Mianwali,Bajra,2020-21,Kharif,0.873781,8.84,maund/acre,2020-21(1).pdf,128,current
Multan,Multan,Bajra,2020-21,Kharif,0.714642,7.23,maund/acre,2020-21(1).pdf,128,current
Muzaffargarh,Muzaffargarh,Bajra,2020-21,Kharif,0.907388,9.18,maund/acre,2020-21(1).pdf,128,current
Nankana Sahib,Nankana Sahib,Bajra,2020-21,Kharif,0.902446,9.13,maund/acre,2020-21(1).pdf,128,current
Narowal,Narowal,Bajra,2020-21,Kharif,0.871804,8.82,maund/acre,2020-21(1).pdf,128,current
Okara,Okara,Bajra,2020-21,Kharif,1.905712,19.28,maund/acre,2020-21(1).pdf,128,current
Pakpattan,Pakpattan,Bajra,2020-21,Kharif,1.927458,19.5,maund/acre,2020-21(1).pdf,128,current
Rahim Yar Khan,Rahim Yar Khan,Bajra,2020-21,Kharif,1.118914,11.32,maund/acre,2020-21(1).pdf,128,current
Rajanpur,Rajan Pur,Bajra,2020-21,Kharif,1.239504,12.54,maund/acre,2020-21(1).pdf,128,current
Rawalpindi,Rawalpindi,Bajra,2020-21,Kharif,0.649405,6.57,maund/acre,2020-21(1).pdf,128,current
Sahiwal,Sahiwal,Bajra,2020-21,Kharif,2.088574,21.13,maund/acre,2020-21(1).pdf,128,current
Sargodha,Sargodha,Bajra,2020-21,Kharif,0.667197,6.75,maund/acre,2020-21(1).pdf,128,current
Sheikhupura,Sheikhupura,Bajra,2020-21,Kharif,0.959775,9.71,maund/acre,2020-21(1).pdf,128,current
Sialkot,Sialkot,Bajra,2020-21,Kharif,0.65237,6.6,maund/acre,2020-21(1).pdf,128,current
Toba Tek Singh,T.T. Singh,Bajra,2020-21,Kharif,2.05299,20.77,maund/acre,2020-21(1).pdf,128,current
Vehari,Vehari,Bajra,2020-21,Kharif,1.110018,11.23,maund/acre,2020-21(1).pdf,128,current
Attock,Attock,Barley,2020-21,Rabi,0.578237,5.85,maund/acre,2020-21(1).pdf,133,current
Bahawalpur,Bahawalpur,Barley,2020-21,Rabi,0.832266,8.42,maund/acre,2020-21(1).pdf,133,current
Bhakkar,Bhakkar,Barley,2020-21,Rabi,1.097168,11.1,maund/acre,2020-21(1).pdf,133,current
Chakwal,Chakwal,Barley,2020-21,Rabi,0.5387,5.45,maund/acre,2020-21(1).pdf,133,current
Chiniot,Chiniot,Barley,2020-21,Rabi,0.815463,8.25,maund/acre,2020-21(1).pdf,133,current
Faisalabad,Faisalabad,Barley,2020-21,Rabi,1.354163,13.7,maund/acre,2020-21(1).pdf,133,current
Gujrat,Gujrat,Barley,2020-21,Rabi,1.307706,13.23,maund/acre,2020-21(1).pdf,133,current
Jhang,Jhang,Barley,2020-21,Rabi,0.939018,9.5,maund/acre,2020-21(1).pdf,133,current
Khushab,Khushab,Barley,2020-21,Rabi,0.489278,4.95,maund/acre,2020-21(1).pdf,133,current
Layyah,Layyah,Barley,2020-21,Rabi,1.002278,10.14,maund/acre,2020-21(1).pdf,133,current
Mandi Bahauddin,M.B. Din,Barley,2020-21,Rabi,1.044781,10.57,maund/acre,2020-21(1).pdf,133,current
Mianwali,Mianwali,Barley,2020-21,Rabi,0.765053,7.74,maund/acre,2020-21(1).pdf,133,current
Muzaffargarh,Muzaffargarh,Barley,2020-21,Rabi,1.016116,10.28,maund/acre,2020-21(1).pdf,133,current
Pakpattan,Pakpattan,Barley,2020-21,Rabi,1.151533,11.65,maund/acre,2020-21(1).pdf,133,current
Sahiwal,Sahiwal,Barley,2020-21,Rabi,0.897504,9.08,maund/acre,2020-21(1).pdf,133,current
Sialkot,Sialkot,Barley,2020-21,Rabi,0.723538,7.32,maund/acre,2020-21(1).pdf,133,current
Toba Tek Singh,T.T. Singh,Barley,2020-21,Rabi,1.170313,11.84,maund/acre,2020-21(1).pdf,133,current
Vehari,Vehari,Barley,2020-21,Rabi,1.186128,12.0,maund/acre,2020-21(1).pdf,133,current
Bahawalnagar,Bahawalnagar,Bitter Gourd,2020-21,Kharif,13.373593,135.3,maund/acre,2020-21(1).pdf,68,current
Bahawalpur,Bahawalpur,Bitter Gourd,2020-21,Kharif,13.650356,138.1,maund/acre,2020-21(1).pdf,68,current
Bhakkar,Bhakkar,Bitter Gourd,2020-21,Kharif,10.634,10634.0,kg/ha,2020-21(1).pdf,69,current
Chakwal,Chakwal,Bitter Gourd,2020-21,Kharif,6.768,6768.0,kg/ha,2020-21(1).pdf,69,current
Chiniot,Chiniot,Bitter Gourd,2020-21,Kharif,15.494785,156.76,maund/acre,2020-21(1).pdf,68,current
Dera Ghazi Khan,D.G. Khan,Bitter Gourd,2020-21,Kharif,8.772,8772.0,kg/ha,2020-21(1).pdf,69,current
Faisalabad,Faisalabad,Bitter Gourd,2020-21,Kharif,16.074011,162.62,maund/acre,2020-21(1).pdf,68,current
Gujranwala,Gujranwala,Bitter Gourd,2020-21,Kharif,13.281668,134.37,maund/acre,2020-21(1).pdf,68,current
Gujrat,Gujrat,Bitter Gourd,2020-21,Kharif,10.719632,108.45,maund/acre,2020-21(1).pdf,68,current
Hafizabad,Hafizabad,Bitter Gourd,2020-21,Kharif,6.8,6800.0,kg/ha,2020-21(1).pdf,69,current
Islamabad,Islamabad,Bitter Gourd,2020-21,Kharif,9.887,9887.0,kg/ha,2020-21(1).pdf,69,current
Jhang,Jhang,Bitter Gourd,2020-21,Kharif,14.295808,144.63,maund/acre,2020-21(1).pdf,68,current
Jhelum,Jhelum,Bitter Gourd,2020-21,Kharif,8.752,8752.0,kg/ha,2020-21(1).pdf,69,current
Kasur,Kasur,Bitter Gourd,2020-21,Kharif,15.679624,158.63,maund/acre,2020-21(1).pdf,68,current
Khanewal,Khanewal,Bitter Gourd,2020-21,Kharif,12.543304,126.9,maund/acre,2020-21(1).pdf,68,current
Khushab,Khushab,Bitter Gourd,2020-21,Kharif,5.257,5257.0,kg/ha,2020-21(1).pdf,69,current
Lahore,Lahore,Bitter Gourd,2020-21,Kharif,15.177496,153.55,maund/acre,2020-21(1).pdf,68,current
Lodhran,Lodhran,Bitter Gourd,2020-21,Kharif,12.451379,125.97,maund/acre,2020-21(1).pdf,68,current
Mandi Bahauddin,M.B. Din,Bitter Gourd,2020-21,Kharif,14.111958,142.77,maund/acre,2020-21(1).pdf,68,current
Mianwali,Mianwali,Bitter Gourd,2020-21,Kharif,5.872,5872.0,kg/ha,2020-21(1).pdf,69,current
Multan,Multan,Bitter Gourd,2020-21,Kharif,11.805927,119.44,maund/acre,2020-21(1).pdf,68,current
Muzaffargarh,Muzaffargarh,Bitter Gourd,2020-21,Kharif,14.295808,144.63,maund/acre,2020-21(1).pdf,68,current
Nankana Sahib,Nankana Sahib,Bitter Gourd,2020-21,Kharif,14.295808,144.63,maund/acre,2020-21(1).pdf,68,current
Narowal,Narowal,Bitter Gourd,2020-21,Kharif,15.402861,155.83,maund/acre,2020-21(1).pdf,68,current
Okara,Okara,Bitter Gourd,2020-21,Kharif,14.757409,149.3,maund/acre,2020-21(1).pdf,68,current
Pakpattan,Pakpattan,Bitter Gourd,2020-21,Kharif,13.465518,136.23,maund/acre,2020-21(1).pdf,68,current
Rahim Yar Khan,Rahim Yar Khan,Bitter Gourd,2020-21,Kharif,14.572571,147.43,maund/acre,2020-21(1).pdf,68,current
Rawalpindi,Rawalpindi,Bitter Gourd,2020-21,Kharif,9.362,9362.0,kg/ha,2020-21(1).pdf,69,current
Sahiwal,Sahiwal,Bitter Gourd,2020-21,Kharif,18.313816,185.28,maund/acre,2020-21(1).pdf,68,current
Sargodha,Sargodha,Bitter Gourd,2020-21,Kharif,9.77666,98.91,maund/acre,2020-21(1).pdf,68,current
Sheikhupura,Sheikhupura,Bitter Gourd,2020-21,Kharif,14.941259,151.16,maund/acre,2020-21(1).pdf,68,current
Sialkot,Sialkot,Bitter Gourd,2020-21,Kharif,14.572571,147.43,maund/acre,2020-21(1).pdf,68,current
Toba Tek Singh,T.T. Singh,Bitter Gourd,2020-21,Kharif,17.155365,173.56,maund/acre,2020-21(1).pdf,68,current
Vehari,Vehari,Bitter Gourd,2020-21,Kharif,13.92712,140.9,maund/acre,2020-21(1).pdf,68,current
Attock,Attock,Canola,2020-21,Rabi,1.484637,15.02,maund/acre,2020-21(1).pdf,100,current
Bhakkar,Bhakkar,Canola,2020-21,Rabi,1.528128,15.46,maund/acre,2020-21(1).pdf,100,current
Chiniot,Chiniot,Canola,2020-21,Rabi,1.457949,14.75,maund/acre,2020-21(1).pdf,100,current
Dera Ghazi Khan,D.G. Khan,Canola,2020-21,Rabi,1.980834,20.04,maund/acre,2020-21(1).pdf,100,current
Faisalabad,Faisalabad,Canola,2020-21,Rabi,1.636857,16.56,maund/acre,2020-21(1).pdf,100,current
Jhang,Jhang,Canola,2020-21,Rabi,2.410805,24.39,maund/acre,2020-21(1).pdf,100,current
Kasur,Kasur,Canola,2020-21,Rabi,1.764365,17.85,maund/acre,2020-21(1).pdf,100,current
Khanewal,Khanewal,Canola,2020-21,Rabi,1.812799,18.34,maund/acre,2020-21(1).pdf,100,current
Khushab,Khushab,Canola,2020-21,Rabi,1.659591,16.79,maund/acre,2020-21(1).pdf,100,current
Layyah,Layyah,Canola,2020-21,Rabi,2.037175,20.61,maund/acre,2020-21(1).pdf,100,current
Mianwali,Mianwali,Canola,2020-21,Rabi,1.746573,17.67,maund/acre,2020-21(1).pdf,100,current
Muzaffargarh,Muzaffargarh,Canola,2020-21,Rabi,2.120204,21.45,maund/acre,2020-21(1).pdf,100,current
Nankana Sahib,Nankana Sahib,Canola,2020-21,Rabi,2.171603,21.97,maund/acre,2020-21(1).pdf,100,current
Okara,Okara,Canola,2020-21,Rabi,2.060897,20.85,maund/acre,2020-21(1).pdf,100,current
Pakpattan,Pakpattan,Canola,2020-21,Rabi,1.60325,16.22,maund/acre,2020-21(1).pdf,100,current
Rahim Yar Khan,Rahim Yar Khan,Canola,2020-21,Rabi,1.487602,15.05,maund/acre,2020-21(1).pdf,100,current
Rajanpur,Rajan Pur,Canola,2020-21,Rabi,1.778204,17.99,maund/acre,2020-21(1).pdf,100,current
Rawalpindi,RAWALPINDI DV:,Canola,2020-21,Rabi,1.385,1385.0,kg/ha,2020-21(1).pdf,102,current
Sahiwal,Sahiwal,Canola,2020-21,Rabi,1.629938,16.49,maund/acre,2020-21(1).pdf,100,current
Sargodha,Sargodha,Canola,2020-21,Rabi,1.684302,17.04,maund/acre,2020-21(1).pdf,100,current
Sheikhupura,Sheikhupura,Canola,2020-21,Rabi,1.833556,18.55,maund/acre,2020-21(1).pdf,100,current
Toba Tek Singh,T.T. Singh,Canola,2020-21,Rabi,2.306031,23.33,maund/acre,2020-21(1).pdf,100,current
Vehari,Vehari,Canola,2020-21,Rabi,1.550862,15.69,maund/acre,2020-21(1).pdf,100,current
Bahawalpur,Bahawalpur,Chilies (Red),2020-21,Kharif,2.273412,23.0,maund/acre,2020-21(1).pdf,75,current
Dera Ghazi Khan,D.G. Khan,Chilies (Red),2020-21,Kharif,2.273412,23.0,maund/acre,2020-21(1).pdf,75,current
Gujranwala,Gujranwala,Chilies (Red),2020-21,Kharif,2.026302,20.5,maund/acre,2020-21(1).pdf,75,current
Kasur,Kasur,Chilies (Red),2020-21,Kharif,1.969961,19.93,maund/acre,2020-21(1).pdf,75,current
Khanewal,Khanewal,Chilies (Red),2020-21,Kharif,2.372256,24.0,maund/acre,2020-21(1).pdf,75,current
Lahore,Lahore,Chilies (Red),2020-21,Kharif,1.779192,18.0,maund/acre,2020-21(1).pdf,75,current
Layyah,Layyah,Chilies (Red),2020-21,Kharif,2.304054,23.31,maund/acre,2020-21(1).pdf,75,current
Lodhran,Lodhran,Chilies (Red),2020-21,Kharif,2.4711,25.0,maund/acre,2020-21(1).pdf,75,current
Multan,Multan,Chilies (Red),2020-21,Kharif,2.669776,27.01,maund/acre,2020-21(1).pdf,75,current
Muzaffargarh,Muzaffargarh,Chilies (Red),2020-21,Kharif,2.098458,21.23,maund/acre,2020-21(1).pdf,75,current
Okara,Okara,Chilies (Red),2020-21,Kharif,1.969961,19.93,maund/acre,2020-21(1).pdf,75,current
Pakpattan,Pakpattan,Chilies (Red),2020-21,Kharif,0.917272,9.28,maund/acre,2020-21(1).pdf,75,current
Rahim Yar Khan,Rahim Yar Khan,Chilies (Red),2020-21,Kharif,2.204221,22.3,maund/acre,2020-21(1).pdf,75,current
Rajanpur,Rajan Pur,Chilies (Red),2020-21,Kharif,2.253643,22.8,maund/acre,2020-21(1).pdf,75,current
Sahiwal,Sahiwal,Chilies (Red),2020-21,Kharif,2.001591,20.25,maund/acre,2020-21(1).pdf,75,current
Sargodha,Sargodha,Chilies (Red),2020-21,Kharif,1.570631,15.89,maund/acre,2020-21(1).pdf,75,current
Toba Tek Singh,T.T. Singh,Chilies (Red),2020-21,Kharif,1.496498,15.14,maund/acre,2020-21(1).pdf,75,current
Vehari,Vehari,Chilies (Red),2020-21,Kharif,2.456273,24.85,maund/acre,2020-21(1).pdf,75,current
Bahawalnagar,Bahawalnagar,Cotton,2020-21,Kharif,0.937041,9.48,maund/acre,2020-21(1).pdf,5,current
Bahawalpur,Bahawalpur,Cotton,2020-21,Kharif,0.761099,7.7,maund/acre,2020-21(1).pdf,5,current
Bhakkar,Bhakkar,Cotton,2020-21,Kharif,1.537024,15.55,maund/acre,2020-21(1).pdf,5,current
Dera Ghazi Khan,D.G. Khan,Cotton,2020-21,Kharif,1.270145,12.85,maund/acre,2020-21(1).pdf,5,current
Faisalabad,Faisalabad,Cotton,2020-21,Kharif,0.558469,5.65,maund/acre,2020-21(1).pdf,5,current
Jhang,Jhang,Cotton,2020-21,Kharif,1.415446,14.32,maund/acre,2020-21(1).pdf,5,current
Kasur,Kasur,Cotton,2020-21,Kharif,0.664232,6.72,maund/acre,2020-21(1).pdf,5,current
Khanewal,Khanewal,Cotton,2020-21,Kharif,1.379862,13.96,maund/acre,2020-21(1).pdf,5,current
Layyah,Layyah,Cotton,2020-21,Kharif,0.74133,7.5,maund/acre,2020-21(1).pdf,5,current
Lodhran,Lodhran,Cotton,2020-21,Kharif,1.569643,15.88,maund/acre,2020-21(1).pdf,5,current
Mandi Bahauddin,M.B. Din,Cotton,2020-21,Kharif,0.46259,4.68,maund/acre,2020-21(1).pdf,5,current
Mianwali,Mianwali,Cotton,2020-21,Kharif,1.966007,19.89,maund/acre,2020-21(1).pdf,5,current
Multan,Multan,Cotton,2020-21,Kharif,1.352186,13.68,maund/acre,2020-21(1).pdf,5,current
Muzaffargarh,Muzaffargarh,Cotton,2020-21,Kharif,0.96966,9.81,maund/acre,2020-21(1).pdf,5,current
Okara,Okara,Cotton,2020-21,Kharif,2.047059,20.71,maund/acre,2020-21(1).pdf,5,current
Pakpattan,Pakpattan,Cotton,2020-21,Kharif,1.831579,18.53,maund/acre,2020-21(1).pdf,5,current
Rahim Yar Khan,Rahim Yar Khan,Cotton,2020-21,Kharif,0.622717,6.3,maund/acre,2020-21(1).pdf,5,current
Rajanpur,Rajan Pur,Cotton,2020-21,Kharif,0.593064,6.0,maund/acre,2020-21(1).pdf,5,current
Sahiwal,Sahiwal,Cotton,2020-21,Kharif,2.267481,22.94,maund/acre,2020-21(1).pdf,5,current
Sargodha,Sargodha,Cotton,2020-21,Kharif,0.77296,7.82,maund/acre,2020-21(1).pdf,5,current
Toba Tek Singh,T.T. Singh,Cotton,2020-21,Kharif,0.57033,5.77,maund/acre,2020-21(1).pdf,5,current
Vehari,Vehari,Cotton,2020-21,Kharif,1.560747,15.79,maund/acre,2020-21(1).pdf,5,current
Bahawalnagar,Bahawalnagar,Dates,2020-21,Kharif,8.826769,89.3,maund/acre,2020-21(1).pdf,79,current
Bahawalpur,Bahawalpur,Dates,2020-21,Kharif,13.835195,139.97,maund/acre,2020-21(1).pdf,79,current
Bhakkar,Bhakkar,Dates,2020-21,Kharif,6.363577,64.38,maund/acre,2020-21(1).pdf,79,current
Chiniot,Chiniot,Dates,2020-21,Kharif,5.534276,55.99,maund/acre,2020-21(1).pdf,79,current
Dera Ghazi Khan,D.G. Khan,Dates,2020-21,Kharif,6.754011,68.33,maund/acre,2020-21(1).pdf,79,current
Faisalabad,Faisalabad,Dates,2020-21,Kharif,6.179727,62.52,maund/acre,2020-21(1).pdf,79,current
Hafizabad,Hafizabad,Dates,2020-21,Kharif,12.105425,122.47,maund/acre,2020-21(1).pdf,79,current
Jhang,Jhang,Dates,2020-21,Kharif,7.378705,74.65,maund/acre,2020-21(1).pdf,79,current
Khanewal,Khanewal,Dates,2020-21,Kharif,4.887836,49.45,maund/acre,2020-21(1).pdf,79,current
Khushab,Khushab,Dates,2020-21,Kharif,14.019045,141.83,maund/acre,2020-21(1).pdf,79,current
Lahore,Lahore,Dates,2020-21,Kharif,6.917103,69.98,maund/acre,2020-21(1).pdf,79,current
Layyah,Layyah,Dates,2020-21,Kharif,7.138514,72.22,maund/acre,2020-21(1).pdf,79,current
Lodhran,Lodhran,Dates,2020-21,Kharif,7.47063,75.58,maund/acre,2020-21(1).pdf,79,current
Mianwali,Mianwali,Dates,2020-21,Kharif,11.529164,116.64,maund/acre,2020-21(1).pdf,79,current
Multan,Multan,Dates,2020-21,Kharif,8.698272,88.0,maund/acre,2020-21(1).pdf,79,current
Muzaffargarh,Muzaffargarh,Dates,2020-21,Kharif,8.036017,81.3,maund/acre,2020-21(1).pdf,79,current
Okara,Okara,Dates,2020-21,Kharif,6.917103,69.98,maund/acre,2020-21(1).pdf,79,current
Rahim Yar Khan,Rahim Yar Khan,Dates,2020-21,Kharif,12.256656,124.0,maund/acre,2020-21(1).pdf,79,current
Rajanpur,Rajan Pur,Dates,2020-21,Kharif,5.534276,55.99,maund/acre,2020-21(1).pdf,79,current
Sahiwal,Sahiwal,Dates,2020-21,Kharif,7.378705,74.65,maund/acre,2020-21(1).pdf,79,current
Sargodha,Sargodha,Dates,2020-21,Kharif,8.594486,86.95,maund/acre,2020-21(1).pdf,79,current
Toba Tek Singh,T.T. Singh,Dates,2020-21,Kharif,5.164599,52.25,maund/acre,2020-21(1).pdf,79,current
Vehari,Vehari,Dates,2020-21,Kharif,4.887836,49.45,maund/acre,2020-21(1).pdf,79,current
Attock,Attock,Guarseed,2020-21,Kharif,0.387468,3.92,maund/acre,2020-21(1).pdf,140,current
Bahawalnagar,Bahawalnagar,Guarseed,2020-21,Kharif,0.906399,9.17,maund/acre,2020-21(1).pdf,140,current
Bahawalpur,Bahawalpur,Guarseed,2020-21,Kharif,1.192059,12.06,maund/acre,2020-21(1).pdf,140,current
Bhakkar,Bhakkar,Guarseed,2020-21,Kharif,0.537711,5.44,maund/acre,2020-21(1).pdf,140,current
Chakwal,Chakwal,Guarseed,2020-21,Kharif,0.607891,6.15,maund/acre,2020-21(1).pdf,140,current
Dera Ghazi Khan,D.G. Khan,Guarseed,2020-21,Kharif,0.586145,5.93,maund/acre,2020-21(1).pdf,140,current
Faisalabad,Faisalabad,Guarseed,2020-21,Kharif,0.881688,8.92,maund/acre,2020-21(1).pdf,140,current
Jhelum,Jhelum,Guarseed,2020-21,Kharif,1.582492,16.01,maund/acre,2020-21(1).pdf,140,current
Khanewal,Khanewal,Guarseed,2020-21,Kharif,1.142637,11.56,maund/acre,2020-21(1).pdf,140,current
Khushab,Khushab,Guarseed,2020-21,Kharif,0.319266,3.23,maund/acre,2020-21(1).pdf,140,current
Layyah,Layyah,Guarseed,2020-21,Kharif,1.002278,10.14,maund/acre,2020-21(1).pdf,140,current
Lodhran,Lodhran,Guarseed,2020-21,Kharif,1.029954,10.42,maund/acre,2020-21(1).pdf,140,current
Mianwali,Mianwali,Guarseed,2020-21,Kharif,0.602948,6.1,maund/acre,2020-21(1).pdf,140,current
Muzaffargarh,Muzaffargarh,Guarseed,2020-21,Kharif,0.890584,9.01,maund/acre,2020-21(1).pdf,140,current
Okara,Okara,Guarseed,2020-21,Kharif,1.436203,14.53,maund/acre,2020-21(1).pdf,140,current
Pakpattan,Pakpattan,Guarseed,2020-21,Kharif,1.316602,13.32,maund/acre,2020-21(1).pdf,140,current
Rawalpindi,Rawalpindi,Guarseed,2020-21,Kharif,0.427006,4.32,maund/acre,2020-21(1).pdf,140,current
Sahiwal,Sahiwal,Guarseed,2020-21,Kharif,1.412481,14.29,maund/acre,2020-21(1).pdf,140,current
Toba Tek Singh,T.T. Singh,Guarseed,2020-21,Kharif,1.304741,13.2,maund/acre,2020-21(1).pdf,140,current
Vehari,Vehari,Guarseed,2020-21,Kharif,1.00129,10.13,maund/acre,2020-21(1).pdf,140,current
Attock,Attock,Guava,2020-21,Kharif,6.42486,65.0,maund/acre,2020-21(1).pdf,168,current
Bahawalnagar,Bahawalnagar,Guava,2020-21,Kharif,7.528947,76.17,maund/acre,2020-21(1).pdf,168,current
Bahawalpur,Bahawalpur,Guava,2020-21,Kharif,10.758181,108.84,maund/acre,2020-21(1).pdf,168,current
Bhakkar,Bhakkar,Guava,2020-21,Kharif,20.26302,205.0,maund/acre,2020-21(1).pdf,168,current
Chakwal,Chakwal,Guava,2020-21,Kharif,6.144,6144.0,kg/ha,2020-21(1).pdf,78,current
Chiniot,Chiniot,Guava,2020-21,Kharif,7.977699,80.71,maund/acre,2020-21(1).pdf,168,current
Dera Ghazi Khan,D.G. Khan,Guava,2020-21,Kharif,11.86128,120.0,maund/acre,2020-21(1).pdf,168,current
Faisalabad,Faisalabad,Guava,2020-21,Kharif,23.877745,241.57,maund/acre,2020-21(1).pdf,168,current
Gujranwala,Gujranwala,Guava,2020-21,Kharif,13.601923,137.61,maund/acre,2020-21(1).pdf,168,current
Gujrat,Gujrat,Guava,2020-21,Kharif,8.246555,83.43,maund/acre,2020-21(1).pdf,168,current
Hafizabad,Hafizabad,Guava,2020-21,Kharif,30.858108,312.19,maund/acre,2020-21(1).pdf,168,current
Islamabad,Islamabad,Guava,2020-21,Kharif,7.635,7635.0,kg/ha,2020-21(1).pdf,78,current
Jhang,Jhang,Guava,2020-21,Kharif,17.2977,175.0,maund/acre,2020-21(1).pdf,168,current
Jhelum,Jhelum,Guava,2020-21,Kharif,2.260562,22.87,maund/acre,2020-21(1).pdf,168,current
Kasur,Kasur,Guava,2020-21,Kharif,19.367493,195.94,maund/acre,2020-21(1).pdf,168,current
Khanewal,Khanewal,Guava,2020-21,Kharif,11.86128,120.0,maund/acre,2020-21(1).pdf,168,current
Khushab,Khushab,Guava,2020-21,Kharif,18.78036,190.0,maund/acre,2020-21(1).pdf,168,current
Lahore,Lahore,Guava,2020-21,Kharif,24.711,250.0,maund/acre,2020-21(1).pdf,168,current
Layyah,Layyah,Guava,2020-21,Kharif,10.87284,110.0,maund/acre,2020-21(1).pdf,168,current
Lodhran,Lodhran,Guava,2020-21,Kharif,12.553188,127.0,maund/acre,2020-21(1).pdf,168,current
Mandi Bahauddin,M.B. Din,Guava,2020-21,Kharif,9.587868,97.0,maund/acre,2020-21(1).pdf,168,current
Mianwali,Mianwali,Guava,2020-21,Kharif,17.79192,180.0,maund/acre,2020-21(1).pdf,168,current
Multan,Multan,Guava,2020-21,Kharif,11.564748,117.0,maund/acre,2020-21(1).pdf,168,current
Muzaffargarh,Muzaffargarh,Guava,2020-21,Kharif,11.36706,115.0,maund/acre,2020-21(1).pdf,168,current
Nankana Sahib,Nankana Sahib,Guava,2020-21,Kharif,33.089017,334.76,maund/acre,2020-21(1).pdf,168,current
Narowal,Narowal,Guava,2020-21,Kharif,4.006147,40.53,maund/acre,2020-21(1).pdf,168,current
Okara,Okara,Guava,2020-21,Kharif,38.383102,388.32,maund/acre,2020-21(1).pdf,168,current
Pakpattan,Pakpattan,Guava,2020-21,Kharif,16.870694,170.68,maund/acre,2020-21(1).pdf,168,current
Rahim Yar Khan,Rahim Yar Khan,Guava,2020-21,Kharif,12.358465,125.03,maund/acre,2020-21(1).pdf,168,current
Rajanpur,Rajan Pur,Guava,2020-21,Kharif,10.37862,105.0,maund/acre,2020-21(1).pdf,168,current
Rawalpindi,Rawalpindi,Guava,2020-21,Kharif,7.314456,74.0,maund/acre,2020-21(1).pdf,168,current
Sahiwal,Sahiwal,Guava,2020-21,Kharif,13.076073,132.29,maund/acre,2020-21(1).pdf,168,current
Sargodha,Sargodha,Guava,2020-21,Kharif,22.541374,228.05,maund/acre,2020-21(1).pdf,168,current
Sheikhupura,Sheikhupura,Guava,2020-21,Kharif,31.589554,319.59,maund/acre,2020-21(1).pdf,168,current
Sialkot,Sialkot,Guava,2020-21,Kharif,7.016936,70.99,maund/acre,2020-21(1).pdf,168,current
Toba Tek Singh,T.T. Singh,Guava,2020-21,Kharif,22.047154,223.05,maund/acre,2020-21(1).pdf,168,current
Vehari,Vehari,Guava,2020-21,Kharif,14.8266,150.0,maund/acre,2020-21(1).pdf,168,current
Attock,Attock,Jowar,2020-21,Kharif,0.382526,3.87,maund/acre,2020-21(1).pdf,145,current
Bahawalnagar,Bahawalnagar,Jowar,2020-21,Kharif,0.815463,8.25,maund/acre,2020-21(1).pdf,145,current
Bahawalpur,Bahawalpur,Jowar,2020-21,Kharif,1.008209,10.2,maund/acre,2020-21(1).pdf,145,current
Bhakkar,Bhakkar,Jowar,2020-21,Kharif,0.555503,5.62,maund/acre,2020-21(1).pdf,145,current
Chakwal,Chakwal,Jowar,2020-21,Kharif,0.407237,4.12,maund/acre,2020-21(1).pdf,145,current
Chiniot,Chiniot,Jowar,2020-21,Kharif,1.10903,11.22,maund/acre,2020-21(1).pdf,145,current
Dera Ghazi Khan,D.G. Khan,Jowar,2020-21,Kharif,0.653359,6.61,maund/acre,2020-21(1).pdf,145,current
Faisalabad,Faisalabad,Jowar,2020-21,Kharif,1.40655,14.23,maund/acre,2020-21(1).pdf,145,current
Gujranwala,Gujranwala,Jowar,2020-21,Kharif,0.590099,5.97,maund/acre,2020-21(1).pdf,145,current
Gujrat,Gujrat,Jowar,2020-21,Kharif,0.900469,9.11,maund/acre,2020-21(1).pdf,145,current
Hafizabad,Hafizabad,Jowar,2020-21,Kharif,0.556492,5.63,maund/acre,2020-21(1).pdf,145,current
Islamabad,Islamabad,Jowar,2020-21,Kharif,0.315312,3.19,maund/acre,2020-21(1).pdf,145,current
Jhang,Jhang,Jowar,2020-21,Kharif,1.082342,10.95,maund/acre,2020-21(1).pdf,145,current
Jhelum,Jhelum,Jowar,2020-21,Kharif,0.479393,4.85,maund/acre,2020-21(1).pdf,145,current
Kasur,Kasur,Jowar,2020-21,Kharif,1.210839,12.25,maund/acre,2020-21(1).pdf,145,current
Khanewal,Khanewal,Jowar,2020-21,Kharif,1.137694,11.51,maund/acre,2020-21(1).pdf,145,current
Khushab,Khushab,Jowar,2020-21,Kharif,0.582191,5.89,maund/acre,2020-21(1).pdf,145,current
Lahore,Lahore,Jowar,2020-21,Kharif,0.840174,8.5,maund/acre,2020-21(1).pdf,145,current
Layyah,Layyah,Jowar,2020-21,Kharif,0.829301,8.39,maund/acre,2020-21(1).pdf,145,current
Lodhran,Lodhran,Jowar,2020-21,Kharif,1.113972,11.27,maund/acre,2020-21(1).pdf,145,current
Mandi Bahauddin,M.B. Din,Jowar,2020-21,Kharif,0.721561,7.3,maund/acre,2020-21(1).pdf,145,current
Mianwali,Mianwali,Jowar,2020-21,Kharif,0.325197,3.29,maund/acre,2020-21(1).pdf,145,current
Multan,Multan,Jowar,2020-21,Kharif,0.920238,9.31,maund/acre,2020-21(1).pdf,145,current
Muzaffargarh,Muzaffargarh,Jowar,2020-21,Kharif,0.763076,7.72,maund/acre,2020-21(1).pdf,145,current
Nankana Sahib,Nankana Sahib,Jowar,2020-21,Kharif,0.870816,8.81,maund/acre,2020-21(1).pdf,145,current
Narowal,Narowal,Jowar,2020-21,Kharif,0.782844,7.92,maund/acre,2020-21(1).pdf,145,current
Okara,Okara,Jowar,2020-21,Kharif,2.372256,24.0,maund/acre,2020-21(1).pdf,145,current
Pakpattan,Pakpattan,Jowar,2020-21,Kharif,2.474065,25.03,maund/acre,2020-21(1).pdf,145,current
Rahim Yar Khan,Rahim Yar Khan,Jowar,2020-21,Kharif,1.116937,11.3,maund/acre,2020-21(1).pdf,145,current
Rajanpur,Rajan Pur,Jowar,2020-21,Kharif,0.526839,5.33,maund/acre,2020-21(1).pdf,145,current
Rawalpindi,Rawalpindi,Jowar,2020-21,Kharif,0.428983,4.34,maund/acre,2020-21(1).pdf,145,current
Sahiwal,Sahiwal,Jowar,2020-21,Kharif,2.364348,23.92,maund/acre,2020-21(1).pdf,145,current
Sargodha,Sargodha,Jowar,2020-21,Kharif,0.564399,5.71,maund/acre,2020-21(1).pdf,145,current
Sheikhupura,Sheikhupura,Jowar,2020-21,Kharif,0.941983,9.53,maund/acre,2020-21(1).pdf,145,current
Sialkot,Sialkot,Jowar,2020-21,Kharif,0.703769,7.12,maund/acre,2020-21(1).pdf,145,current
Toba Tek Singh,T.T. Singh,Jowar,2020-21,Kharif,2.128111,21.53,maund/acre,2020-21(1).pdf,145,current
Vehari,Vehari,Jowar,2020-21,Kharif,1.037862,10.5,maund/acre,2020-21(1).pdf,145,current
Attock,Attock,Kharif Fodder,2020-21,Kharif,22.530501,227.94,maund/acre,2020-21(1).pdf,61,current
Bahawalnagar,Bahawalnagar,Kharif Fodder,2020-21,Kharif,46.606923,471.52,maund/acre,2020-21(1).pdf,61,current
Bahawalpur,Bahawalpur,Kharif Fodder,2020-21,Kharif,36.422037,368.48,maund/acre,2020-21(1).pdf,61,current
Bhakkar,Bhakkar,Kharif Fodder,2020-21,Kharif,33.913376,343.1,maund/acre,2020-21(1).pdf,61,current
Chakwal,Chakwal,Kharif Fodder,2020-21,Kharif,17.761278,179.69,maund/acre,2020-21(1).pdf,61,current
Chiniot,Chiniot,Kharif Fodder,2020-21,Kharif,33.828371,342.24,maund/acre,2020-21(1).pdf,61,current
Dera Ghazi Khan,D.G. Khan,Kharif Fodder,2020-21,Kharif,26.303377,266.11,maund/acre,2020-21(1).pdf,61,current
Faisalabad,Faisalabad,Kharif Fodder,2020-21,Kharif,38.104362,385.5,maund/acre,2020-21(1).pdf,61,current
Gujranwala,Gujranwala,Kharif Fodder,2020-21,Kharif,35.48895,359.04,maund/acre,2020-21(1).pdf,61,current
Gujrat,Gujrat,Kharif Fodder,2020-21,Kharif,32.777659,331.61,maund/acre,2020-21(1).pdf,61,current
Hafizabad,Hafizabad,Kharif Fodder,2020-21,Kharif,42.0087,425.0,maund/acre,2020-21(1).pdf,61,current
Islamabad,Islamabad,Kharif Fodder,2020-21,Kharif,18.121071,183.33,maund/acre,2020-21(1).pdf,61,current
Jhang,Jhang,Kharif Fodder,2020-21,Kharif,41.720076,422.08,maund/acre,2020-21(1).pdf,61,current
Jhelum,Jhelum,Kharif Fodder,2020-21,Kharif,33.712723,341.07,maund/acre,2020-21(1).pdf,61,current
Kasur,Kasur,Kharif Fodder,2020-21,Kharif,42.828117,433.29,maund/acre,2020-21(1).pdf,61,current
Khanewal,Khanewal,Kharif Fodder,2020-21,Kharif,34.942342,353.51,maund/acre,2020-21(1).pdf,61,current
Khushab,Khushab,Kharif Fodder,2020-21,Kharif,20.548679,207.89,maund/acre,2020-21(1).pdf,61,current
Lahore,Lahore,Kharif Fodder,2020-21,Kharif,35.540349,359.56,maund/acre,2020-21(1).pdf,61,current
Layyah,Layyah,Kharif Fodder,2020-21,Kharif,18.592556,188.1,maund/acre,2020-21(1).pdf,61,current
Lodhran,Lodhran,Kharif Fodder,2020-21,Kharif,39.04338,395.0,maund/acre,2020-21(1).pdf,61,current
Mandi Bahauddin,M.B. Din,Kharif Fodder,2020-21,Kharif,36.826309,372.57,maund/acre,2020-21(1).pdf,61,current
Mianwali,Mianwali,Kharif Fodder,2020-21,Kharif,22.336767,225.98,maund/acre,2020-21(1).pdf,61,current
Multan,Multan,Kharif Fodder,2020-21,Kharif,39.3666,398.27,maund/acre,2020-21(1).pdf,61,current
Muzaffargarh,Muzaffargarh,Kharif Fodder,2020-21,Kharif,34.003324,344.01,maund/acre,2020-21(1).pdf,61,current
Nankana Sahib,Nankana Sahib,Kharif Fodder,2020-21,Kharif,41.37511,418.59,maund/acre,2020-21(1).pdf,61,current
Narowal,Narowal,Kharif Fodder,2020-21,Kharif,24.066537,243.48,maund/acre,2020-21(1).pdf,61,current
Okara,Okara,Kharif Fodder,2020-21,Kharif,43.559562,440.69,maund/acre,2020-21(1).pdf,61,current
Pakpattan,Pakpattan,Kharif Fodder,2020-21,Kharif,44.6765,451.99,maund/acre,2020-21(1).pdf,61,current
Rahim Yar Khan,Rahim Yar Khan,Kharif Fodder,2020-21,Kharif,56.916352,575.82,maund/acre,2020-21(1).pdf,61,current
Rajanpur,Rajan Pur,Kharif Fodder,2020-21,Kharif,28.475968,288.09,maund/acre,2020-21(1).pdf,61,current
Rawalpindi,Rawalpindi,Kharif Fodder,2020-21,Kharif,19.063054,192.86,maund/acre,2020-21(1).pdf,61,current
Sahiwal,Sahiwal,Kharif Fodder,2020-21,Kharif,43.837314,443.5,maund/acre,2020-21(1).pdf,61,current
Sargodha,Sargodha,Kharif Fodder,2020-21,Kharif,33.192804,335.81,maund/acre,2020-21(1).pdf,61,current
Sheikhupura,Sheikhupura,Kharif Fodder,2020-21,Kharif,42.233076,427.27,maund/acre,2020-21(1).pdf,61,current
Sialkot,Sialkot,Kharif Fodder,2020-21,Kharif,35.122239,355.33,maund/acre,2020-21(1).pdf,61,current
Toba Tek Singh,T.T. Singh,Kharif Fodder,2020-21,Kharif,43.819522,443.32,maund/acre,2020-21(1).pdf,61,current
Vehari,Vehari,Kharif Fodder,2020-21,Kharif,45.58883,461.22,maund/acre,2020-21(1).pdf,61,current
Attock,Attock,Ladyfinger,2020-21,Kharif,14.295808,144.63,maund/acre,2020-21(1).pdf,64,current
Bahawalnagar,Bahawalnagar,Ladyfinger,2020-21,Kharif,14.757409,149.3,maund/acre,2020-21(1).pdf,64,current
Bahawalpur,Bahawalpur,Ladyfinger,2020-21,Kharif,9.965452,100.82,maund/acre,2020-21(1).pdf,64,current
Bhakkar,Bhakkar,Ladyfinger,2020-21,Kharif,9.587868,97.0,maund/acre,2020-21(1).pdf,64,current
Chakwal,Chakwal,Ladyfinger,2020-21,Kharif,15.221976,154.0,maund/acre,2020-21(1).pdf,64,current
Chiniot,Chiniot,Ladyfinger,2020-21,Kharif,14.295808,144.63,maund/acre,2020-21(1).pdf,64,current
Dera Ghazi Khan,D.G. Khan,Ladyfinger,2020-21,Kharif,9.499897,96.11,maund/acre,2020-21(1).pdf,64,current
Faisalabad,Faisalabad,Ladyfinger,2020-21,Kharif,14.689207,148.61,maund/acre,2020-21(1).pdf,64,current
Gujranwala,Gujranwala,Ladyfinger,2020-21,Kharif,9.730203,98.44,maund/acre,2020-21(1).pdf,64,current
Gujrat,Gujrat,Ladyfinger,2020-21,Kharif,9.591822,97.04,maund/acre,2020-21(1).pdf,64,current
Hafizabad,Hafizabad,Ladyfinger,2020-21,Kharif,8.89596,90.0,maund/acre,2020-21(1).pdf,64,current
Islamabad,Islamabad,Ladyfinger,2020-21,Kharif,13.739316,139.0,maund/acre,2020-21(1).pdf,64,current
Jhang,Jhang,Ladyfinger,2020-21,Kharif,11.040875,111.7,maund/acre,2020-21(1).pdf,64,current
Jhelum,Jhelum,Ladyfinger,2020-21,Kharif,13.070142,132.23,maund/acre,2020-21(1).pdf,64,current
Kasur,Kasur,Ladyfinger,2020-21,Kharif,14.480646,146.5,maund/acre,2020-21(1).pdf,64,current
Khanewal,Khanewal,Ladyfinger,2020-21,Kharif,14.757409,149.3,maund/acre,2020-21(1).pdf,64,current
Khushab,Khushab,Ladyfinger,2020-21,Kharif,18.310851,185.25,maund/acre,2020-21(1).pdf,64,current
Lahore,Lahore,Ladyfinger,2020-21,Kharif,6.786629,68.66,maund/acre,2020-21(1).pdf,64,current
Layyah,Layyah,Ladyfinger,2020-21,Kharif,8.467965,85.67,maund/acre,2020-21(1).pdf,64,current
Lodhran,Lodhran,Ladyfinger,2020-21,Kharif,8.548029,86.48,maund/acre,2020-21(1).pdf,64,current
Mandi Bahauddin,M.B. Din,Ladyfinger,2020-21,Kharif,9.684735,97.98,maund/acre,2020-21(1).pdf,64,current
Mianwali,Mianwali,Ladyfinger,2020-21,Kharif,10.62573,107.5,maund/acre,2020-21(1).pdf,64,current
Multan,Multan,Ladyfinger,2020-21,Kharif,25.271445,255.67,maund/acre,2020-21(1).pdf,64,current
Muzaffargarh,Muzaffargarh,Ladyfinger,2020-21,Kharif,9.663978,97.77,maund/acre,2020-21(1).pdf,64,current
Nankana Sahib,Nankana Sahib,Ladyfinger,2020-21,Kharif,17.396544,176.0,maund/acre,2020-21(1).pdf,64,current
Narowal,Narowal,Ladyfinger,2020-21,Kharif,10.381585,105.03,maund/acre,2020-21(1).pdf,64,current
Okara,Okara,Ladyfinger,2020-21,Kharif,12.451379,125.97,maund/acre,2020-21(1).pdf,64,current
Pakpattan,Pakpattan,Ladyfinger,2020-21,Kharif,10.970696,110.99,maund/acre,2020-21(1).pdf,64,current
Rahim Yar Khan,Rahim Yar Khan,Ladyfinger,2020-21,Kharif,12.359454,125.04,maund/acre,2020-21(1).pdf,64,current
Rajanpur,Rajan Pur,Ladyfinger,2020-21,Kharif,9.591822,97.04,maund/acre,2020-21(1).pdf,64,current
Rawalpindi,Rawalpindi,Ladyfinger,2020-21,Kharif,14.035848,142.0,maund/acre,2020-21(1).pdf,64,current
Sahiwal,Sahiwal,Ladyfinger,2020-21,Kharif,13.701755,138.62,maund/acre,2020-21(1).pdf,64,current
Sargodha,Sargodha,Ladyfinger,2020-21,Kharif,13.188755,133.43,maund/acre,2020-21(1).pdf,64,current
Sheikhupura,Sheikhupura,Ladyfinger,2020-21,Kharif,12.909026,130.6,maund/acre,2020-21(1).pdf,64,current
Sialkot,Sialkot,Ladyfinger,2020-21,Kharif,9.315059,94.24,maund/acre,2020-21(1).pdf,64,current
Toba Tek Singh,T.T. Singh,Ladyfinger,2020-21,Kharif,14.897768,150.72,maund/acre,2020-21(1).pdf,64,current
Vehari,Vehari,Ladyfinger,2020-21,Kharif,10.850106,109.77,maund/acre,2020-21(1).pdf,64,current
Chiniot,Chiniot,Litchi,2020-21,Kharif,3.873696,39.19,maund/acre,2020-21(1).pdf,91,current
Gujranwala,Gujranwala,Litchi,2020-21,Kharif,3.596933,36.39,maund/acre,2020-21(1).pdf,91,current
Jhang,Jhang,Litchi,2020-21,Kharif,1.198978,12.13,maund/acre,2020-21(1).pdf,91,current
Kasur,Kasur,Litchi,2020-21,Kharif,4.612061,46.66,maund/acre,2020-21(1).pdf,91,current
Khanewal,Khanewal,Litchi,2020-21,Kharif,8.761532,88.64,maund/acre,2020-21(1).pdf,91,current
Lahore,Lahore,Litchi,2020-21,Kharif,2.951482,29.86,maund/acre,2020-21(1).pdf,91,current
Mandi Bahauddin,M.B. Din,Litchi,2020-21,Kharif,3.043407,30.79,maund/acre,2020-21(1).pdf,91,current
Multan,Multan,Litchi,2020-21,Kharif,8.761532,88.64,maund/acre,2020-21(1).pdf,91,current
Nankana Sahib,Nankana Sahib,Litchi,2020-21,Kharif,8.300919,83.98,maund/acre,2020-21(1).pdf,91,current
Narowal,Narowal,Litchi,2020-21,Kharif,3.043407,30.79,maund/acre,2020-21(1).pdf,91,current
Okara,Okara,Litchi,2020-21,Kharif,9.684735,97.98,maund/acre,2020-21(1).pdf,91,current
Pakpattan,Pakpattan,Litchi,2020-21,Kharif,8.761532,88.64,maund/acre,2020-21(1).pdf,91,current
Sahiwal,Sahiwal,Litchi,2020-21,Kharif,32.1243,325.0,maund/acre,2020-21(1).pdf,91,current
Sheikhupura,Sheikhupura,Litchi,2020-21,Kharif,2.859557,28.93,maund/acre,2020-21(1).pdf,91,current
Sialkot,Sialkot,Litchi,2020-21,Kharif,3.043407,30.79,maund/acre,2020-21(1).pdf,91,current
Toba Tek Singh,T.T. Singh,Litchi,2020-21,Kharif,1.244,1244.0,kg/ha,2020-21(1).pdf,92,current
Vehari,Vehari,Litchi,2020-21,Kharif,8.761532,88.64,maund/acre,2020-21(1).pdf,91,current
Attock,Attock,Maize (Autumn),2020-21,Kharif,4.976795,50.35,maund/acre,2020-21(1).pdf,20,current
Bahawalnagar,Bahawalnagar,Maize (Autumn),2020-21,Kharif,7.377716,74.64,maund/acre,2020-21(1).pdf,20,current
Bahawalpur,Bahawalpur,Maize (Autumn),2020-21,Kharif,6.282525,63.56,maund/acre,2020-21(1).pdf,20,current
Bhakkar,Bhakkar,Maize (Autumn),2020-21,Kharif,4.9422,50.0,maund/acre,2020-21(1).pdf,20,current
Chakwal,Chakwal,Maize (Autumn),2020-21,Kharif,3.294471,33.33,maund/acre,2020-21(1).pdf,20,current
Chiniot,Chiniot,Maize (Autumn),2020-21,Kharif,7.006063,70.88,maund/acre,2020-21(1).pdf,20,current
Dera Ghazi Khan,D.G. Khan,Maize (Autumn),2020-21,Kharif,4.9422,50.0,maund/acre,2020-21(1).pdf,20,current
Faisalabad,Faisalabad,Maize (Autumn),2020-21,Kharif,7.737508,78.28,maund/acre,2020-21(1).pdf,20,current
Gujranwala,Gujranwala,Maize (Autumn),2020-21,Kharif,5.198206,52.59,maund/acre,2020-21(1).pdf,20,current
Gujrat,Gujrat,Maize (Autumn),2020-21,Kharif,4.413385,44.65,maund/acre,2020-21(1).pdf,20,current
Hafizabad,Hafizabad,Maize (Autumn),2020-21,Kharif,4.951096,50.09,maund/acre,2020-21(1).pdf,20,current
Islamabad,Islamabad,Maize (Autumn),2020-21,Kharif,3.604841,36.47,maund/acre,2020-21(1).pdf,20,current
Jhang,Jhang,Maize (Autumn),2020-21,Kharif,7.062404,71.45,maund/acre,2020-21(1).pdf,20,current
Jhelum,Jhelum,Maize (Autumn),2020-21,Kharif,7.282826,73.68,maund/acre,2020-21(1).pdf,20,current
Kasur,Kasur,Maize (Autumn),2020-21,Kharif,7.241311,73.26,maund/acre,2020-21(1).pdf,20,current
Khanewal,Khanewal,Maize (Autumn),2020-21,Kharif,7.626803,77.16,maund/acre,2020-21(1).pdf,20,current
Khushab,Khushab,Maize (Autumn),2020-21,Kharif,4.9422,50.0,maund/acre,2020-21(1).pdf,20,current
Lahore,Lahore,Maize (Autumn),2020-21,Kharif,6.26671,63.4,maund/acre,2020-21(1).pdf,20,current
Layyah,Layyah,Maize (Autumn),2020-21,Kharif,3.442737,34.83,maund/acre,2020-21(1).pdf,20,current
Lodhran,Lodhran,Maize (Autumn),2020-21,Kharif,8.368133,84.66,maund/acre,2020-21(1).pdf,20,current
Mandi Bahauddin,M.B. Din,Maize (Autumn),2020-21,Kharif,3.97254,40.19,maund/acre,2020-21(1).pdf,20,current
Mianwali,Mianwali,Maize (Autumn),2020-21,Kharif,4.69509,47.5,maund/acre,2020-21(1).pdf,20,current
Multan,Multan,Maize (Autumn),2020-21,Kharif,6.629467,67.07,maund/acre,2020-21(1).pdf,20,current
Muzaffargarh,Muzaffargarh,Maize (Autumn),2020-21,Kharif,6.589929,66.67,maund/acre,2020-21(1).pdf,20,current
Nankana Sahib,Nankana Sahib,Maize (Autumn),2020-21,Kharif,6.354681,64.29,maund/acre,2020-21(1).pdf,20,current
Narowal,Narowal,Maize (Autumn),2020-21,Kharif,3.707638,37.51,maund/acre,2020-21(1).pdf,20,current
Okara,Okara,Maize (Autumn),2020-21,Kharif,7.27393,73.59,maund/acre,2020-21(1).pdf,20,current
Pakpattan,Pakpattan,Maize (Autumn),2020-21,Kharif,7.566508,76.55,maund/acre,2020-21(1).pdf,20,current
Rahim Yar Khan,Rahim Yar Khan,Maize (Autumn),2020-21,Kharif,5.765571,58.33,maund/acre,2020-21(1).pdf,20,current
Rajanpur,Rajan Pur,Maize (Autumn),2020-21,Kharif,2.648031,26.79,maund/acre,2020-21(1).pdf,20,current
Rawalpindi,Rawalpindi,Maize (Autumn),2020-21,Kharif,2.773563,28.06,maund/acre,2020-21(1).pdf,20,current
Sahiwal,Sahiwal,Maize (Autumn),2020-21,Kharif,7.100953,71.84,maund/acre,2020-21(1).pdf,20,current
Sargodha,Sargodha,Maize (Autumn),2020-21,Kharif,7.167178,72.51,maund/acre,2020-21(1).pdf,20,current
Sheikhupura,Sheikhupura,Maize (Autumn),2020-21,Kharif,6.460444,65.36,maund/acre,2020-21(1).pdf,20,current
Sialkot,Sialkot,Maize (Autumn),2020-21,Kharif,5.397871,54.61,maund/acre,2020-21(1).pdf,20,current
Toba Tek Singh,T.T. Singh,Maize (Autumn),2020-21,Kharif,6.706565,67.85,maund/acre,2020-21(1).pdf,20,current
Vehari,Vehari,Maize (Autumn),2020-21,Kharif,7.721693,78.12,maund/acre,2020-21(1).pdf,20,current
Bahawalnagar,Bahawalnagar,Maize (Spring),2020-21,Kharif,7.347075,74.33,maund/acre,2020-21(1).pdf,121,current
Bahawalpur,Bahawalpur,Maize (Spring),2020-21,Kharif,8.177364,82.73,maund/acre,2020-21(1).pdf,121,current
Chiniot,Chiniot,Maize (Spring),2020-21,Kharif,9.426752,95.37,maund/acre,2020-21(1).pdf,121,current
Faisalabad,Faisalabad,Maize (Spring),2020-21,Kharif,8.605359,87.06,maund/acre,2020-21(1).pdf,121,current
Gujranwala,Gujranwala,Maize (Spring),2020-21,Kharif,9.881435,99.97,maund/acre,2020-21(1).pdf,121,current
Hafizabad,Hafizabad,Maize (Spring),2020-21,Kharif,8.634023,87.35,maund/acre,2020-21(1).pdf,121,current
Jhang,Jhang,Maize (Spring),2020-21,Kharif,10.982557,111.11,maund/acre,2020-21(1).pdf,121,current
Jhelum,Jhelum,Maize (Spring),2020-21,Kharif,11.281066,114.13,maund/acre,2020-21(1).pdf,121,current
Kasur,Kasur,Maize (Spring),2020-21,Kharif,10.433973,105.56,maund/acre,2020-21(1).pdf,121,current
Khanewal,Khanewal,Maize (Spring),2020-21,Kharif,10.107787,102.26,maund/acre,2020-21(1).pdf,121,current
Lahore,Lahore,Maize (Spring),2020-21,Kharif,8.813919,89.17,maund/acre,2020-21(1).pdf,121,current
Lodhran,Lodhran,Maize (Spring),2020-21,Kharif,9.445533,95.56,maund/acre,2020-21(1).pdf,121,current
Mandi Bahauddin,M.B. Din,Maize (Spring),2020-21,Kharif,8.550006,86.5,maund/acre,2020-21(1).pdf,121,current
Mianwali,Mianwali,Maize (Spring),2020-21,Kharif,9.268602,93.77,maund/acre,2020-21(1).pdf,121,current
Multan,Multan,Maize (Spring),2020-21,Kharif,7.911474,80.04,maund/acre,2020-21(1).pdf,121,current
Nankana Sahib,Nankana Sahib,Maize (Spring),2020-21,Kharif,10.524909,106.48,maund/acre,2020-21(1).pdf,121,current
Narowal,Narowal,Maize (Spring),2020-21,Kharif,13.770946,139.32,maund/acre,2020-21(1).pdf,121,current
Okara,Okara,Maize (Spring),2020-21,Kharif,10.645499,107.7,maund/acre,2020-21(1).pdf,121,current
Pakpattan,Pakpattan,Maize (Spring),2020-21,Kharif,9.872539,99.88,maund/acre,2020-21(1).pdf,121,current
Rahim Yar Khan,Rahim Yar Khan,Maize (Spring),2020-21,Kharif,7.130606,72.14,maund/acre,2020-21(1).pdf,121,current
Rawalpindi,RAWALPINDI DV:,Maize (Spring),2020-21,Kharif,11.281066,114.13,maund/acre,2020-21(1).pdf,121,current
Sahiwal,Sahiwal,Maize (Spring),2020-21,Kharif,8.934509,90.39,maund/acre,2020-21(1).pdf,121,current
Sargodha,Sargodha,Maize (Spring),2020-21,Kharif,7.418242,75.05,maund/acre,2020-21(1).pdf,121,current
Sheikhupura,Sheikhupura,Maize (Spring),2020-21,Kharif,9.405007,95.15,maund/acre,2020-21(1).pdf,121,current
Sialkot,Sialkot,Maize (Spring),2020-21,Kharif,12.635229,127.83,maund/acre,2020-21(1).pdf,121,current
Toba Tek Singh,T.T. Singh,Maize (Spring),2020-21,Kharif,8.278185,83.75,maund/acre,2020-21(1).pdf,121,current
Vehari,Vehari,Maize (Spring),2020-21,Kharif,9.190515,92.98,maund/acre,2020-21(1).pdf,121,current
Bahawalnagar,Bahawalnagar,Mango,2020-21,Kharif,9.834978,99.5,maund/acre,2020-21(1).pdf,83,current
Bahawalpur,Bahawalpur,Mango,2020-21,Kharif,8.97207,90.77,maund/acre,2020-21(1).pdf,83,current
Bhakkar,Bhakkar,Mango,2020-21,Kharif,9.39018,95.0,maund/acre,2020-21(1).pdf,83,current
Chiniot,Chiniot,Mango,2020-21,Kharif,12.84972,130.0,maund/acre,2020-21(1).pdf,83,current
Dera Ghazi Khan,D.G. Khan,Mango,2020-21,Kharif,11.564748,117.0,maund/acre,2020-21(1).pdf,83,current
Faisalabad,Faisalabad,Mango,2020-21,Kharif,12.3555,125.0,maund/acre,2020-21(1).pdf,83,current
Gujranwala,Gujranwala,Mango,2020-21,Kharif,4.9422,50.0,maund/acre,2020-21(1).pdf,83,current
Gujrat,Gujrat,Mango,2020-21,Kharif,6.128328,62.0,maund/acre,2020-21(1).pdf,83,current
Hafizabad,Hafizabad,Mango,2020-21,Kharif,10.127556,102.46,maund/acre,2020-21(1).pdf,83,current
Jhang,Jhang,Mango,2020-21,Kharif,13.107703,132.61,maund/acre,2020-21(1).pdf,83,current
Jhelum,Jhelum,Mango,2020-21,Kharif,4.44798,45.0,maund/acre,2020-21(1).pdf,83,current
Kasur,Kasur,Mango,2020-21,Kharif,7.116768,72.0,maund/acre,2020-21(1).pdf,83,current
Khanewal,Khanewal,Mango,2020-21,Kharif,13.34394,135.0,maund/acre,2020-21(1).pdf,83,current
Khushab,Khushab,Mango,2020-21,Kharif,7.610988,77.0,maund/acre,2020-21(1).pdf,83,current
Lahore,Lahore,Mango,2020-21,Kharif,6.622548,67.0,maund/acre,2020-21(1).pdf,83,current
Layyah,Layyah,Mango,2020-21,Kharif,12.750876,129.0,maund/acre,2020-21(1).pdf,83,current
Lodhran,Lodhran,Mango,2020-21,Kharif,13.492206,136.5,maund/acre,2020-21(1).pdf,83,current
Mandi Bahauddin,M.B. Din,Mango,2020-21,Kharif,8.960209,90.65,maund/acre,2020-21(1).pdf,83,current
Mianwali,Mianwali,Mango,2020-21,Kharif,12.3555,125.0,maund/acre,2020-21(1).pdf,83,current
Multan,Multan,Mango,2020-21,Kharif,14.406513,145.75,maund/acre,2020-21(1).pdf,83,current
Muzaffargarh,Muzaffargarh,Mango,2020-21,Kharif,15.56793,157.5,maund/acre,2020-21(1).pdf,83,current
Nankana Sahib,Nankana Sahib,Mango,2020-21,Kharif,5.93064,60.0,maund/acre,2020-21(1).pdf,83,current
Narowal,Narowal,Mango,2020-21,Kharif,7.90752,80.0,maund/acre,2020-21(1).pdf,83,current
Okara,Okara,Mango,2020-21,Kharif,11.86128,120.0,maund/acre,2020-21(1).pdf,83,current
Pakpattan,Pakpattan,Mango,2020-21,Kharif,11.86128,120.0,maund/acre,2020-21(1).pdf,83,current
Rahim Yar Khan,Rahim Yar Khan,Mango,2020-21,Kharif,9.58688,96.99,maund/acre,2020-21(1).pdf,83,current
Rajanpur,Rajan Pur,Mango,2020-21,Kharif,11.510384,116.45,maund/acre,2020-21(1).pdf,83,current
Sahiwal,Sahiwal,Mango,2020-21,Kharif,12.3555,125.0,maund/acre,2020-21(1).pdf,83,current
Sargodha,Sargodha,Mango,2020-21,Kharif,6.97641,70.58,maund/acre,2020-21(1).pdf,83,current
Sheikhupura,Sheikhupura,Mango,2020-21,Kharif,6.326016,64.0,maund/acre,2020-21(1).pdf,83,current
Sialkot,Sialkot,Mango,2020-21,Kharif,8.40174,85.0,maund/acre,2020-21(1).pdf,83,current
Toba Tek Singh,T.T. Singh,Mango,2020-21,Kharif,8.40174,85.0,maund/acre,2020-21(1).pdf,83,current
Vehari,Vehari,Mango,2020-21,Kharif,14.53501,147.05,maund/acre,2020-21(1).pdf,83,current
Bhakkar,Bhakkar,Mash,2020-21,Kharif,0.688943,6.97,maund/acre,2020-21(1).pdf,39,current
Chakwal,Chakwal,Mash,2020-21,Kharif,0.32322,3.27,maund/acre,2020-21(1).pdf,39,current
Gujrat,Gujrat,Mash,2020-21,Kharif,0.364734,3.69,maund/acre,2020-21(1).pdf,39,current
Jhelum,Jhelum,Mash,2020-21,Kharif,0.940995,9.52,maund/acre,2020-21(1).pdf,39,current
Mianwali,Mianwali,Mash,2020-21,Kharif,0.558469,5.65,maund/acre,2020-21(1).pdf,39,current
Narowal,Narowal,Mash,2020-21,Kharif,0.286648,2.9,maund/acre,2020-21(1).pdf,39,current
Rawalpindi,Rawalpindi,Mash,2020-21,Kharif,0.466544,4.72,maund/acre,2020-21(1).pdf,39,current
Sialkot,Sialkot,Mash,2020-21,Kharif,0.342,3.46,maund/acre,2020-21(1).pdf,39,current
Bahawalnagar,Bahawalnagar,Moong,2020-21,Kharif,0.54463,5.51,maund/acre,2020-21(1).pdf,34,current
Bahawalpur,Bahawalpur,Moong,2020-21,Kharif,0.654347,6.62,maund/acre,2020-21(1).pdf,34,current
Bhakkar,Bhakkar,Moong,2020-21,Kharif,0.838197,8.48,maund/acre,2020-21(1).pdf,34,current
Chiniot,Chiniot,Moong,2020-21,Kharif,0.879712,8.9,maund/acre,2020-21(1).pdf,34,current
Dera Ghazi Khan,D.G. Khan,Moong,2020-21,Kharif,0.803602,8.13,maund/acre,2020-21(1).pdf,34,current
Faisalabad,Faisalabad,Moong,2020-21,Kharif,0.569341,5.76,maund/acre,2020-21(1).pdf,34,current
Jhang,Jhang,Moong,2020-21,Kharif,0.489278,4.95,maund/acre,2020-21(1).pdf,34,current
Kasur,Kasur,Moong,2020-21,Kharif,0.504104,5.1,maund/acre,2020-21(1).pdf,34,current
Khanewal,Khanewal,Moong,2020-21,Kharif,0.878723,8.89,maund/acre,2020-21(1).pdf,34,current
Khushab,Khushab,Moong,2020-21,Kharif,0.542654,5.49,maund/acre,2020-21(1).pdf,34,current
Layyah,Layyah,Moong,2020-21,Kharif,1.024024,10.36,maund/acre,2020-21(1).pdf,34,current
Lodhran,Lodhran,Moong,2020-21,Kharif,0.554515,5.61,maund/acre,2020-21(1).pdf,34,current
Mianwali,Mianwali,Moong,2020-21,Kharif,0.940995,9.52,maund/acre,2020-21(1).pdf,34,current
Multan,Multan,Moong,2020-21,Kharif,0.585156,5.92,maund/acre,2020-21(1).pdf,34,current
Muzaffargarh,Muzaffargarh,Moong,2020-21,Kharif,0.761099,7.7,maund/acre,2020-21(1).pdf,34,current
Nankana Sahib,Nankana Sahib,Moong,2020-21,Kharif,0.415145,4.2,maund/acre,2020-21(1).pdf,34,current
Okara,Okara,Moong,2020-21,Kharif,1.104087,11.17,maund/acre,2020-21(1).pdf,34,current
Pakpattan,Pakpattan,Moong,2020-21,Kharif,0.545619,5.52,maund/acre,2020-21(1).pdf,34,current
Rahim Yar Khan,Rahim Yar Khan,Moong,2020-21,Kharif,1.205897,12.2,maund/acre,2020-21(1).pdf,34,current
Rajanpur,Rajan Pur,Moong,2020-21,Kharif,1.392712,14.09,maund/acre,2020-21(1).pdf,34,current
Sahiwal,Sahiwal,Moong,2020-21,Kharif,1.082342,10.95,maund/acre,2020-21(1).pdf,34,current
Sargodha,Sargodha,Moong,2020-21,Kharif,0.60196,6.09,maund/acre,2020-21(1).pdf,34,current
Sheikhupura,Sheikhupura,Moong,2020-21,Kharif,0.885642,8.96,maund/acre,2020-21(1).pdf,34,current
Sialkot,Sialkot,Moong,2020-21,Kharif,0.72848,7.37,maund/acre,2020-21(1).pdf,34,current
Toba Tek Singh,T.T. Singh,Moong,2020-21,Kharif,0.86785,8.78,maund/acre,2020-21(1).pdf,34,current
Vehari,Vehari,Moong,2020-21,Kharif,1.009197,10.21,maund/acre,2020-21(1).pdf,34,current
Bhakkar,Bhakkar,Other Kharif Pulses,2020-21,Kharif,0.629636,6.37,maund/acre,2020-21(1).pdf,44,current
Jhang,Jhang,Other Kharif Pulses,2020-21,Kharif,0.598995,6.06,maund/acre,2020-21(1).pdf,44,current
Jhelum,Jhelum,Other Kharif Pulses,2020-21,Kharif,0.140358,1.42,maund/acre,2020-21(1).pdf,44,current
Layyah,Layyah,Other Kharif Pulses,2020-21,Kharif,0.877735,8.88,maund/acre,2020-21(1).pdf,44,current
Lodhran,Lodhran,Other Kharif Pulses,2020-21,Kharif,0.767029,7.76,maund/acre,2020-21(1).pdf,44,current
Muzaffargarh,Muzaffargarh,Other Kharif Pulses,2020-21,Kharif,0.615798,6.23,maund/acre,2020-21(1).pdf,44,current
Narowal,Narowal,Other Kharif Pulses,2020-21,Kharif,0.516954,5.23,maund/acre,2020-21(1).pdf,44,current
Rahim Yar Khan,Rahim Yar Khan,Other Kharif Pulses,2020-21,Kharif,0.72255,7.31,maund/acre,2020-21(1).pdf,44,current
Sargodha,Sargodha,Other Kharif Pulses,2020-21,Kharif,0.832266,8.42,maund/acre,2020-21(1).pdf,44,current
Bahawalnagar,Bahawalnagar,Phalsa,2020-21,Kharif,2.997939,30.33,maund/acre,2020-21(1).pdf,87,current
Bahawalpur,Bahawalpur,Phalsa,2020-21,Kharif,9.082775,91.89,maund/acre,2020-21(1).pdf,87,current
Bhakkar,Bhakkar,Phalsa,2020-21,Kharif,2.582794,26.13,maund/acre,2020-21(1).pdf,87,current
Chiniot,Chiniot,Phalsa,2020-21,Kharif,2.766644,27.99,maund/acre,2020-21(1).pdf,87,current
Dera Ghazi Khan,D.G. Khan,Phalsa,2020-21,Kharif,3.32017,33.59,maund/acre,2020-21(1).pdf,87,current
Faisalabad,Faisalabad,Phalsa,2020-21,Kharif,4.151,4151.0,kg/ha,2020-21(1).pdf,88,current
Gujranwala,Gujranwala,Phalsa,2020-21,Kharif,2.389059,24.17,maund/acre,2020-21(1).pdf,87,current
Hafizabad,Hafizabad,Phalsa,2020-21,Kharif,7.378705,74.65,maund/acre,2020-21(1).pdf,87,current
Jhang,Jhang,Phalsa,2020-21,Kharif,2.766644,27.99,maund/acre,2020-21(1).pdf,87,current
Kasur,Kasur,Phalsa,2020-21,Kharif,3.965621,40.12,maund/acre,2020-21(1).pdf,87,current
Khanewal,Khanewal,Phalsa,2020-21,Kharif,2.121192,21.46,maund/acre,2020-21(1).pdf,87,current
Lahore,Lahore,Phalsa,2020-21,Kharif,1.937342,19.6,maund/acre,2020-21(1).pdf,87,current
Lodhran,Lodhran,Phalsa,2020-21,Kharif,3.873696,39.19,maund/acre,2020-21(1).pdf,87,current
Mianwali,Mianwali,Phalsa,2020-21,Kharif,6.179727,62.52,maund/acre,2020-21(1).pdf,87,current
Multan,Multan,Phalsa,2020-21,Kharif,1.855302,18.77,maund/acre,2020-21(1).pdf,87,current
Muzaffargarh,Muzaffargarh,Phalsa,2020-21,Kharif,3.515881,35.57,maund/acre,2020-21(1).pdf,87,current
Nankana Sahib,Nankana Sahib,Phalsa,2020-21,Kharif,4.147494,41.96,maund/acre,2020-21(1).pdf,87,current
Narowal,Narowal,Phalsa,2020-21,Kharif,3.861,3861.0,kg/ha,2020-21(1).pdf,88,current
Okara,Okara,Phalsa,2020-21,Kharif,4.645668,47.0,maund/acre,2020-21(1).pdf,87,current
Pakpattan,Pakpattan,Phalsa,2020-21,Kharif,5.811039,58.79,maund/acre,2020-21(1).pdf,87,current
Rahim Yar Khan,Rahim Yar Khan,Phalsa,2020-21,Kharif,4.482575,45.35,maund/acre,2020-21(1).pdf,87,current
Rajanpur,Rajan Pur,Phalsa,2020-21,Kharif,2.029267,20.53,maund/acre,2020-21(1).pdf,87,current
Sahiwal,Sahiwal,Phalsa,2020-21,Kharif,4.980749,50.39,maund/acre,2020-21(1).pdf,87,current
Sargodha,Sargodha,Phalsa,2020-21,Kharif,1.133741,11.47,maund/acre,2020-21(1).pdf,87,current
Sheikhupura,Sheikhupura,Phalsa,2020-21,Kharif,1.567666,15.86,maund/acre,2020-21(1).pdf,87,current
Toba Tek Singh,T.T. Singh,Phalsa,2020-21,Kharif,2.901,2901.0,kg/ha,2020-21(1).pdf,88,current
Vehari,Vehari,Phalsa,2020-21,Kharif,5.102327,51.62,maund/acre,2020-21(1).pdf,87,current
Bahawalnagar,Bahawalnagar,Pomegranate,2020-21,Kharif,6.843959,69.24,maund/acre,2020-21(1).pdf,85,current
Bahawalpur,Bahawalpur,Pomegranate,2020-21,Kharif,7.378705,74.65,maund/acre,2020-21(1).pdf,85,current
Bhakkar,Bhakkar,Pomegranate,2020-21,Kharif,5.534276,55.99,maund/acre,2020-21(1).pdf,85,current
Chakwal,Chakwal,Pomegranate,2020-21,Kharif,4.944,4944.0,kg/ha,2020-21(1).pdf,86,current
Dera Ghazi Khan,D.G. Khan,Pomegranate,2020-21,Kharif,5.03709,50.96,maund/acre,2020-21(1).pdf,85,current
Faisalabad,Faisalabad,Pomegranate,2020-21,Kharif,5.534276,55.99,maund/acre,2020-21(1).pdf,85,current
Gujranwala,Gujranwala,Pomegranate,2020-21,Kharif,5.718125,57.85,maund/acre,2020-21(1).pdf,85,current
Jhang,Jhang,Pomegranate,2020-21,Kharif,5.718125,57.85,maund/acre,2020-21(1).pdf,85,current
Jhelum,Jhelum,Pomegranate,2020-21,Kharif,5.534276,55.99,maund/acre,2020-21(1).pdf,85,current
Kasur,Kasur,Pomegranate,2020-21,Kharif,8.116081,82.11,maund/acre,2020-21(1).pdf,85,current
Khanewal,Khanewal,Pomegranate,2020-21,Kharif,8.300919,83.98,maund/acre,2020-21(1).pdf,85,current
Khushab,Khushab *,Pomegranate,2020-21,Kharif,7.84,7840.0,kg/ha,2020-21(1).pdf,86,current
Lahore,Lahore,Pomegranate,2020-21,Kharif,5.903,5903.0,kg/ha,2020-21(1).pdf,86,current
Lodhran,Lodhran,Pomegranate,2020-21,Kharif,6.041345,61.12,maund/acre,2020-21(1).pdf,85,current
Mianwali,Mianwali,Pomegranate,2020-21,Kharif,5.534276,55.99,maund/acre,2020-21(1).pdf,85,current
Multan,Multan,Pomegranate,2020-21,Kharif,8.577682,86.78,maund/acre,2020-21(1).pdf,85,current
Muzaffargarh,Muzaffargarh,Pomegranate,2020-21,Kharif,6.737207,68.16,maund/acre,2020-21(1).pdf,85,current
Nankana Sahib,Nankana Sahib,Pomegranate,2020-21,Kharif,8.116081,82.11,maund/acre,2020-21(1).pdf,85,current
Okara,Okara,Pomegranate,2020-21,Kharif,8.116081,82.11,maund/acre,2020-21(1).pdf,85,current
Pakpattan,Pakpattan,Pomegranate,2020-21,Kharif,11.160476,112.91,maund/acre,2020-21(1).pdf,85,current
Rahim Yar Khan,Rahim Yar Khan,Pomegranate,2020-21,Kharif,9.103532,92.1,maund/acre,2020-21(1).pdf,85,current
Rajanpur,Rajan Pur,Pomegranate,2020-21,Kharif,5.03709,50.96,maund/acre,2020-21(1).pdf,85,current
Sahiwal,Sahiwal,Pomegranate,2020-21,Kharif,13.835195,139.97,maund/acre,2020-21(1).pdf,85,current
Sargodha,Sargodha,Pomegranate,2020-21,Kharif,3.481,3481.0,kg/ha,2020-21(1).pdf,86,current
Sialkot,Sialkot,Pomegranate,2020-21,Kharif,5.718125,57.85,maund/acre,2020-21(1).pdf,85,current
Toba Tek Singh,T.T. Singh,Pomegranate,2020-21,Kharif,4.15046,41.99,maund/acre,2020-21(1).pdf,85,current
Vehari,Vehari,Pomegranate,2020-21,Kharif,6.737207,68.16,maund/acre,2020-21(1).pdf,85,current
Attock,Attock,Rabi Fodder,2020-21,Rabi,20.361864,206.0,maund/acre,2020-21(1).pdf,105,current
Bahawalnagar,Bahawalnagar,Rabi Fodder,2020-21,Rabi,59.009868,597.0,maund/acre,2020-21(1).pdf,105,current
Bahawalpur,Bahawalpur,Rabi Fodder,2020-21,Rabi,56.637612,573.0,maund/acre,2020-21(1).pdf,105,current
Bhakkar,Bhakkar,Rabi Fodder,2020-21,Rabi,56.538768,572.0,maund/acre,2020-21(1).pdf,105,current
Chakwal,Chakwal,Rabi Fodder,2020-21,Rabi,25.897128,262.0,maund/acre,2020-21(1).pdf,105,current
Chiniot,Chiniot,Rabi Fodder,2020-21,Rabi,63.062472,638.0,maund/acre,2020-21(1).pdf,105,current
Dera Ghazi Khan,D.G. Khan,Rabi Fodder,2020-21,Rabi,44.4798,450.0,maund/acre,2020-21(1).pdf,105,current
Faisalabad,Faisalabad,Rabi Fodder,2020-21,Rabi,58.120272,588.0,maund/acre,2020-21(1).pdf,105,current
Gujranwala,Gujranwala,Rabi Fodder,2020-21,Rabi,63.161316,639.0,maund/acre,2020-21(1).pdf,105,current
Gujrat,Gujrat,Rabi Fodder,2020-21,Rabi,54.957264,556.0,maund/acre,2020-21(1).pdf,105,current
Hafizabad,Hafizabad,Rabi Fodder,2020-21,Rabi,66.522012,673.0,maund/acre,2020-21(1).pdf,105,current
Islamabad,Islamabad,Rabi Fodder,2020-21,Rabi,19.7688,200.0,maund/acre,2020-21(1).pdf,105,current
Jhang,Jhang,Rabi Fodder,2020-21,Rabi,67.510452,683.0,maund/acre,2020-21(1).pdf,105,current
Jhelum,Jhelum,Rabi Fodder,2020-21,Rabi,39.5376,400.0,maund/acre,2020-21(1).pdf,105,current
Kasur,Kasur,Rabi Fodder,2020-21,Rabi,54.85842,555.0,maund/acre,2020-21(1).pdf,105,current
Khanewal,Khanewal,Rabi Fodder,2020-21,Rabi,62.864784,636.0,maund/acre,2020-21(1).pdf,105,current
Khushab,Khushab,Rabi Fodder,2020-21,Rabi,53.573448,542.0,maund/acre,2020-21(1).pdf,105,current
Lahore,Lahore,Rabi Fodder,2020-21,Rabi,61.382124,621.0,maund/acre,2020-21(1).pdf,105,current
Layyah,Layyah,Rabi Fodder,2020-21,Rabi,43.98558,445.0,maund/acre,2020-21(1).pdf,105,current
Lodhran,Lodhran,Rabi Fodder,2020-21,Rabi,53.86998,545.0,maund/acre,2020-21(1).pdf,105,current
Mandi Bahauddin,M.B. Din,Rabi Fodder,2020-21,Rabi,50.509284,511.0,maund/acre,2020-21(1).pdf,105,current
Mianwali,Mianwali,Rabi Fodder,2020-21,Rabi,61.480968,622.0,maund/acre,2020-21(1).pdf,105,current
Multan,Multan,Rabi Fodder,2020-21,Rabi,68.69658,695.0,maund/acre,2020-21(1).pdf,105,current
Muzaffargarh,Muzaffargarh,Rabi Fodder,2020-21,Rabi,66.7197,675.0,maund/acre,2020-21(1).pdf,105,current
Nankana Sahib,Nankana Sahib,Rabi Fodder,2020-21,Rabi,60.393684,611.0,maund/acre,2020-21(1).pdf,105,current
Narowal,Narowal,Rabi Fodder,2020-21,Rabi,57.922584,586.0,maund/acre,2020-21(1).pdf,105,current
Okara,Okara,Rabi Fodder,2020-21,Rabi,65.830104,666.0,maund/acre,2020-21(1).pdf,105,current
Pakpattan,Pakpattan,Rabi Fodder,2020-21,Rabi,62.074032,628.0,maund/acre,2020-21(1).pdf,105,current
Rahim Yar Khan,Rahim Yar Khan,Rabi Fodder,2020-21,Rabi,69.1908,700.0,maund/acre,2020-21(1).pdf,105,current
Rajanpur,Rajan Pur,Rabi Fodder,2020-21,Rabi,49.125468,497.0,maund/acre,2020-21(1).pdf,105,current
Rawalpindi,Rawalpindi,Rabi Fodder,2020-21,Rabi,28.862448,292.0,maund/acre,2020-21(1).pdf,105,current
Sahiwal,Sahiwal,Rabi Fodder,2020-21,Rabi,75.61566,765.0,maund/acre,2020-21(1).pdf,105,current
Sargodha,Sargodha,Rabi Fodder,2020-21,Rabi,61.7775,625.0,maund/acre,2020-21(1).pdf,105,current
Sheikhupura,Sheikhupura,Rabi Fodder,2020-21,Rabi,70.17924,710.0,maund/acre,2020-21(1).pdf,105,current
Sialkot,Sialkot,Rabi Fodder,2020-21,Rabi,57.922584,586.0,maund/acre,2020-21(1).pdf,105,current
Toba Tek Singh,T.T. Singh,Rabi Fodder,2020-21,Rabi,67.70814,685.0,maund/acre,2020-21(1).pdf,105,current
Vehari,Vehari,Rabi Fodder,2020-21,Rabi,77.296008,782.0,maund/acre,2020-21(1).pdf,105,current
Bahawalnagar,Bahawalnagar,Rice,2020-21,Kharif,2.474065,25.03,maund/acre,2020-21(1).pdf,10,current
Bahawalpur,Bahawalpur,Rice,2020-21,Kharif,1.91955,19.42,maund/acre,2020-21(1).pdf,10,current
Bhakkar,Bhakkar,Rice,2020-21,Kharif,1.97688,20.0,maund/acre,2020-21(1).pdf,10,current
Chiniot,Chiniot,Rice,2020-21,Kharif,2.328765,23.56,maund/acre,2020-21(1).pdf,10,current
Dera Ghazi Khan,D.G. Khan,Rice,2020-21,Kharif,2.308007,23.35,maund/acre,2020-21(1).pdf,10,current
Faisalabad,Faisalabad,Rice,2020-21,Kharif,2.309984,23.37,maund/acre,2020-21(1).pdf,10,current
Gujranwala,Gujranwala,Rice,2020-21,Kharif,2.246724,22.73,maund/acre,2020-21(1).pdf,10,current
Gujrat,Gujrat,Rice,2020-21,Kharif,1.830591,18.52,maund/acre,2020-21(1).pdf,10,current
Hafizabad,Hafizabad,Rice,2020-21,Kharif,2.289227,23.16,maund/acre,2020-21(1).pdf,10,current
Jhang,Jhang,Rice,2020-21,Kharif,2.240793,22.67,maund/acre,2020-21(1).pdf,10,current
Jhelum,Jhelum,Rice,2020-21,Kharif,2.322834,23.5,maund/acre,2020-21(1).pdf,10,current
Kasur,Kasur,Rice,2020-21,Kharif,2.213117,22.39,maund/acre,2020-21(1).pdf,10,current
Khanewal,Khanewal,Rice,2020-21,Kharif,2.054967,20.79,maund/acre,2020-21(1).pdf,10,current
Khushab,Khushab,Rice,2020-21,Kharif,1.849371,18.71,maund/acre,2020-21(1).pdf,10,current
Lahore,Lahore,Rice,2020-21,Kharif,2.357429,23.85,maund/acre,2020-21(1).pdf,10,current
Layyah,Layyah,Rice,2020-21,Kharif,2.026302,20.5,maund/acre,2020-21(1).pdf,10,current
Lodhran,Lodhran,Rice,2020-21,Kharif,2.301088,23.28,maund/acre,2020-21(1).pdf,10,current
Mandi Bahauddin,M.B. Din,Rice,2020-21,Kharif,2.117238,21.42,maund/acre,2020-21(1).pdf,10,current
Mianwali,Mianwali,Rice,2020-21,Kharif,2.41377,24.42,maund/acre,2020-21(1).pdf,10,current
Multan,Multan,Rice,2020-21,Kharif,2.114273,21.39,maund/acre,2020-21(1).pdf,10,current
Muzaffargarh,Muzaffargarh,Rice,2020-21,Kharif,1.940308,19.63,maund/acre,2020-21(1).pdf,10,current
Nankana Sahib,Nankana Sahib,Rice,2020-21,Kharif,2.33173,23.59,maund/acre,2020-21(1).pdf,10,current
Narowal,Narowal,Rice,2020-21,Kharif,1.929435,19.52,maund/acre,2020-21(1).pdf,10,current
Okara,Okara,Rice,2020-21,Kharif,2.555117,25.85,maund/acre,2020-21(1).pdf,10,current
Pakpattan,Pakpattan,Rice,2020-21,Kharif,2.366325,23.94,maund/acre,2020-21(1).pdf,10,current
Rahim Yar Khan,Rahim Yar Khan,Rice,2020-21,Kharif,1.933389,19.56,maund/acre,2020-21(1).pdf,10,current
Rajanpur,Rajan Pur,Rice,2020-21,Kharif,2.374233,24.02,maund/acre,2020-21(1).pdf,10,current
Sahiwal,Sahiwal,Rice,2020-21,Kharif,2.198291,22.24,maund/acre,2020-21(1).pdf,10,current
Sargodha,Sargodha,Rice,2020-21,Kharif,1.804891,18.26,maund/acre,2020-21(1).pdf,10,current
Sheikhupura,Sheikhupura,Rice,2020-21,Kharif,2.118227,21.43,maund/acre,2020-21(1).pdf,10,current
Sialkot,Sialkot,Rice,2020-21,Kharif,1.94525,19.68,maund/acre,2020-21(1).pdf,10,current
Toba Tek Singh,T.T. Singh,Rice,2020-21,Kharif,2.840777,28.74,maund/acre,2020-21(1).pdf,10,current
Vehari,Vehari,Rice,2020-21,Kharif,2.22399,22.5,maund/acre,2020-21(1).pdf,10,current
Attock,Attock,Sesamum,2020-21,Kharif,0.305428,3.09,maund/acre,2020-21(1).pdf,52,current
Bahawalnagar,Bahawalnagar,Sesamum,2020-21,Kharif,0.909365,9.2,maund/acre,2020-21(1).pdf,52,current
Bahawalpur,Bahawalpur,Sesamum,2020-21,Kharif,0.57033,5.77,maund/acre,2020-21(1).pdf,52,current
Bhakkar,Bhakkar,Sesamum,2020-21,Kharif,0.378573,3.83,maund/acre,2020-21(1).pdf,52,current
Chakwal,Chakwal,Sesamum,2020-21,Kharif,0.197688,2.0,maund/acre,2020-21(1).pdf,52,current
Chiniot,Chiniot,Sesamum,2020-21,Kharif,0.529804,5.36,maund/acre,2020-21(1).pdf,52,current
Dera Ghazi Khan,D.G. Khan,Sesamum,2020-21,Kharif,0.580214,5.87,maund/acre,2020-21(1).pdf,52,current
Faisalabad,Faisalabad,Sesamum,2020-21,Kharif,0.721561,7.3,maund/acre,2020-21(1).pdf,52,current
Gujranwala,Gujranwala,Sesamum,2020-21,Kharif,0.599983,6.07,maund/acre,2020-21(1).pdf,52,current
Gujrat,Gujrat,Sesamum,2020-21,Kharif,0.647428,6.55,maund/acre,2020-21(1).pdf,52,current
Hafizabad,Hafizabad,Sesamum,2020-21,Kharif,0.797671,8.07,maund/acre,2020-21(1).pdf,52,current
Jhang,Jhang,Sesamum,2020-21,Kharif,0.531781,5.38,maund/acre,2020-21(1).pdf,52,current
Jhelum,Jhelum,Sesamum,2020-21,Kharif,0.293567,2.97,maund/acre,2020-21(1).pdf,52,current
Kasur,Kasur,Sesamum,2020-21,Kharif,0.578237,5.85,maund/acre,2020-21(1).pdf,52,current
Khanewal,Khanewal,Sesamum,2020-21,Kharif,0.483347,4.89,maund/acre,2020-21(1).pdf,52,current
Khushab,Khushab,Sesamum,2020-21,Kharif,0.329151,3.33,maund/acre,2020-21(1).pdf,52,current
Lahore,Lahore,Sesamum,2020-21,Kharif,0.624694,6.32,maund/acre,2020-21(1).pdf,52,current
Layyah,Layyah,Sesamum,2020-21,Kharif,0.575272,5.82,maund/acre,2020-21(1).pdf,52,current
Lodhran,Lodhran,Sesamum,2020-21,Kharif,0.477417,4.83,maund/acre,2020-21(1).pdf,52,current
Mandi Bahauddin,M.B. Din,Sesamum,2020-21,Kharif,0.683012,6.91,maund/acre,2020-21(1).pdf,52,current
Mianwali,Mianwali,Sesamum,2020-21,Kharif,0.435902,4.41,maund/acre,2020-21(1).pdf,52,current
Multan,Multan,Sesamum,2020-21,Kharif,0.637544,6.45,maund/acre,2020-21(1).pdf,52,current
Muzaffargarh,Muzaffargarh,Sesamum,2020-21,Kharif,0.884654,8.95,maund/acre,2020-21(1).pdf,52,current
Nankana Sahib,Nankana Sahib,Sesamum,2020-21,Kharif,0.955821,9.67,maund/acre,2020-21(1).pdf,52,current
Narowal,Narowal,Sesamum,2020-21,Kharif,0.592076,5.99,maund/acre,2020-21(1).pdf,52,current
Okara,Okara,Sesamum,2020-21,Kharif,0.81744,8.27,maund/acre,2020-21(1).pdf,52,current
Pakpattan,Pakpattan,Sesamum,2020-21,Kharif,0.751214,7.6,maund/acre,2020-21(1).pdf,52,current
Rahim Yar Khan,Rahim Yar Khan,Sesamum,2020-21,Kharif,0.765053,7.74,maund/acre,2020-21(1).pdf,52,current
Rajanpur,Rajan Pur,Sesamum,2020-21,Kharif,0.610856,6.18,maund/acre,2020-21(1).pdf,52,current
Rawalpindi,Rawalpindi,Sesamum,2020-21,Kharif,0.384503,3.89,maund/acre,2020-21(1).pdf,52,current
Sahiwal,Sahiwal,Sesamum,2020-21,Kharif,0.770983,7.8,maund/acre,2020-21(1).pdf,52,current
Sargodha,Sargodha,Sesamum,2020-21,Kharif,0.611844,6.19,maund/acre,2020-21(1).pdf,52,current
Sheikhupura,Sheikhupura,Sesamum,2020-21,Kharif,0.630625,6.38,maund/acre,2020-21(1).pdf,52,current
Toba Tek Singh,T.T. Singh,Sesamum,2020-21,Kharif,0.626671,6.34,maund/acre,2020-21(1).pdf,52,current
Vehari,Vehari,Sesamum,2020-21,Kharif,0.840174,8.5,maund/acre,2020-21(1).pdf,52,current
Bahawalnagar,Bahawalnagar,Sugarcane,2020-21,Kharif,74.034156,749.0,maund/acre,2020-21(1).pdf,15,current
Bahawalpur,Bahawalpur,Sugarcane,2020-21,Kharif,74.824908,757.0,maund/acre,2020-21(1).pdf,15,current
Bhakkar,Bhakkar,Sugarcane,2020-21,Kharif,64.545132,653.0,maund/acre,2020-21(1).pdf,15,current
Chiniot,Chiniot,Sugarcane,2020-21,Kharif,78.778668,797.0,maund/acre,2020-21(1).pdf,15,current
Dera Ghazi Khan,D.G. Khan,Sugarcane,2020-21,Kharif,66.917388,677.0,maund/acre,2020-21(1).pdf,15,current
Faisalabad,Faisalabad,Sugarcane,2020-21,Kharif,73.836468,747.0,maund/acre,2020-21(1).pdf,15,current
Gujranwala,Gujranwala,Sugarcane,2020-21,Kharif,58.515648,592.0,maund/acre,2020-21(1).pdf,15,current
Gujrat,Gujrat,Sugarcane,2020-21,Kharif,44.875176,454.0,maund/acre,2020-21(1).pdf,15,current
Hafizabad,Hafizabad,Sugarcane,2020-21,Kharif,66.7197,675.0,maund/acre,2020-21(1).pdf,15,current
Jhang,Jhang,Sugarcane,2020-21,Kharif,66.620856,674.0,maund/acre,2020-21(1).pdf,15,current
Jhelum,Jhelum,Sugarcane,2020-21,Kharif,39.04338,395.0,maund/acre,2020-21(1).pdf,15,current
Kasur,Kasur,Sugarcane,2020-21,Kharif,63.952068,647.0,maund/acre,2020-21(1).pdf,15,current
Khanewal,Khanewal,Sugarcane,2020-21,Kharif,59.899464,606.0,maund/acre,2020-21(1).pdf,15,current
Khushab,Khushab,Sugarcane,2020-21,Kharif,62.074032,628.0,maund/acre,2020-21(1).pdf,15,current
Lahore,Lahore,Sugarcane,2020-21,Kharif,64.2486,650.0,maund/acre,2020-21(1).pdf,15,current
Layyah,Layyah,Sugarcane,2020-21,Kharif,66.818544,676.0,maund/acre,2020-21(1).pdf,15,current
Lodhran,Lodhran,Sugarcane,2020-21,Kharif,68.795424,696.0,maund/acre,2020-21(1).pdf,15,current
Mandi Bahauddin,M.B. Din,Sugarcane,2020-21,Kharif,61.382124,621.0,maund/acre,2020-21(1).pdf,15,current
Mianwali,Mianwali,Sugarcane,2020-21,Kharif,67.21392,680.0,maund/acre,2020-21(1).pdf,15,current
Multan,Multan,Sugarcane,2020-21,Kharif,67.115076,679.0,maund/acre,2020-21(1).pdf,15,current
Muzaffargarh,Muzaffargarh,Sugarcane,2020-21,Kharif,73.045716,739.0,maund/acre,2020-21(1).pdf,15,current
Nankana Sahib,Nankana Sahib,Sugarcane,2020-21,Kharif,65.928948,667.0,maund/acre,2020-21(1).pdf,15,current
Narowal,Narowal,Sugarcane,2020-21,Kharif,41.415636,419.0,maund/acre,2020-21(1).pdf,15,current
Okara,Okara,Sugarcane,2020-21,Kharif,61.579812,623.0,maund/acre,2020-21(1).pdf,15,current
Pakpattan,Pakpattan,Sugarcane,2020-21,Kharif,61.184436,619.0,maund/acre,2020-21(1).pdf,15,current
Rahim Yar Khan,Rahim Yar Khan,Sugarcane,2020-21,Kharif,77.987916,789.0,maund/acre,2020-21(1).pdf,15,current
Rajanpur,Rajan Pur,Sugarcane,2020-21,Kharif,90.046884,911.0,maund/acre,2020-21(1).pdf,15,current
Sahiwal,Sahiwal,Sugarcane,2020-21,Kharif,65.533572,663.0,maund/acre,2020-21(1).pdf,15,current
Sargodha,Sargodha,Sugarcane,2020-21,Kharif,77.493696,784.0,maund/acre,2020-21(1).pdf,15,current
Sheikhupura,Sheikhupura,Sugarcane,2020-21,Kharif,65.039352,658.0,maund/acre,2020-21(1).pdf,15,current
Sialkot,Sialkot,Sugarcane,2020-21,Kharif,61.7775,625.0,maund/acre,2020-21(1).pdf,15,current
Toba Tek Singh,T.T. Singh,Sugarcane,2020-21,Kharif,71.6619,725.0,maund/acre,2020-21(1).pdf,15,current
Vehari,Vehari,Sugarcane,2020-21,Kharif,73.14456,740.0,maund/acre,2020-21(1).pdf,15,current
Attock,Attock,Tinda,2020-21,Kharif,9.223134,93.31,maund/acre,2020-21(1).pdf,66,current
Bahawalnagar,Bahawalnagar,Tinda,2020-21,Kharif,12.226014,123.69,maund/acre,2020-21(1).pdf,66,current
Bahawalpur,Bahawalpur,Tinda,2020-21,Kharif,12.451379,125.97,maund/acre,2020-21(1).pdf,66,current
Bhakkar,Bhakkar,Tinda,2020-21,Kharif,11.468869,116.03,maund/acre,2020-21(1).pdf,66,current
Chakwal,Chakwal,Tinda,2020-21,Kharif,9.684735,97.98,maund/acre,2020-21(1).pdf,66,current
Chiniot,Chiniot,Tinda,2020-21,Kharif,13.373593,135.3,maund/acre,2020-21(1).pdf,66,current
Dera Ghazi Khan,D.G. Khan,Tinda,2020-21,Kharif,11.989777,121.3,maund/acre,2020-21(1).pdf,66,current
Faisalabad,Faisalabad,Tinda,2020-21,Kharif,13.835195,139.97,maund/acre,2020-21(1).pdf,66,current
Gujranwala,Gujranwala,Tinda,2020-21,Kharif,9.499897,96.11,maund/acre,2020-21(1).pdf,66,current
Gujrat,Gujrat,Tinda,2020-21,Kharif,10.60695,107.31,maund/acre,2020-21(1).pdf,66,current
Hafizabad,Hafizabad,Tinda,2020-21,Kharif,9.315059,94.24,maund/acre,2020-21(1).pdf,66,current
Islamabad,Islamabad,Tinda,2020-21,Kharif,9.154,9154.0,kg/ha,2020-21(1).pdf,67,current
Jhang,Jhang,Tinda,2020-21,Kharif,13.597969,137.57,maund/acre,2020-21(1).pdf,66,current
Jhelum,Jhelum,Tinda,2020-21,Kharif,7.747,7747.0,kg/ha,2020-21(1).pdf,67,current
Kasur,Kasur,Tinda,2020-21,Kharif,11.529164,116.64,maund/acre,2020-21(1).pdf,66,current
Khanewal,Khanewal,Tinda,2020-21,Kharif,12.26654,124.1,maund/acre,2020-21(1).pdf,66,current
Khushab,Khushab,Tinda,2020-21,Kharif,11.252401,113.84,maund/acre,2020-21(1).pdf,66,current
Lahore,Lahore,Tinda,2020-21,Kharif,11.989777,121.3,maund/acre,2020-21(1).pdf,66,current
Layyah,Layyah,Tinda,2020-21,Kharif,11.529164,116.64,maund/acre,2020-21(1).pdf,66,current
Lodhran,Lodhran,Tinda,2020-21,Kharif,11.822731,119.61,maund/acre,2020-21(1).pdf,66,current
Mandi Bahauddin,M.B. Din,Tinda,2020-21,Kharif,9.684735,97.98,maund/acre,2020-21(1).pdf,66,current
Mianwali,Mianwali,Tinda,2020-21,Kharif,9.093648,92.0,maund/acre,2020-21(1).pdf,66,current
Multan,Multan,Tinda,2020-21,Kharif,11.344326,114.77,maund/acre,2020-21(1).pdf,66,current
Muzaffargarh,Muzaffargarh,Tinda,2020-21,Kharif,11.067563,111.97,maund/acre,2020-21(1).pdf,66,current
Nankana Sahib,Nankana Sahib,Tinda,2020-21,Kharif,12.451379,125.97,maund/acre,2020-21(1).pdf,66,current
Narowal,Narowal,Tinda,2020-21,Kharif,11.070528,112.0,maund/acre,2020-21(1).pdf,66,current
Okara,Okara,Tinda,2020-21,Kharif,12.26654,124.1,maund/acre,2020-21(1).pdf,66,current
Pakpattan,Pakpattan,Tinda,2020-21,Kharif,12.359454,125.04,maund/acre,2020-21(1).pdf,66,current
Rahim Yar Khan,Rahim Yar Khan,Tinda,2020-21,Kharif,12.082691,122.24,maund/acre,2020-21(1).pdf,66,current
Rajanpur,Rajan Pur,Tinda,2020-21,Kharif,12.451379,125.97,maund/acre,2020-21(1).pdf,66,current
Rawalpindi,Rawalpindi,Tinda,2020-21,Kharif,9.078,9078.0,kg/ha,2020-21(1).pdf,67,current
Sahiwal,Sahiwal,Tinda,2020-21,Kharif,11.713014,118.5,maund/acre,2020-21(1).pdf,66,current
Sargodha,Sargodha,Tinda,2020-21,Kharif,8.94637,90.51,maund/acre,2020-21(1).pdf,66,current
Sheikhupura,Sheikhupura,Tinda,2020-21,Kharif,12.911992,130.63,maund/acre,2020-21(1).pdf,66,current
Sialkot,Sialkot,Tinda,2020-21,Kharif,9.407972,95.18,maund/acre,2020-21(1).pdf,66,current
Toba Tek Singh,T.T. Singh,Tinda,2020-21,Kharif,13.465518,136.23,maund/acre,2020-21(1).pdf,66,current
Vehari,Vehari,Tinda,2020-21,Kharif,13.912293,140.75,maund/acre,2020-21(1).pdf,66,current
Bahawalnagar,Bahawalnagar,Tobacco,2020-21,Kharif,1.779192,18.0,maund/acre,2020-21(1).pdf,116,current
Bahawalpur,Bahawalpur,Tobacco,2020-21,Kharif,1.956123,19.79,maund/acre,2020-21(1).pdf,116,current
Chiniot,Chiniot,Tobacco,2020-21,Kharif,2.42069,24.49,maund/acre,2020-21(1).pdf,116,current
Dera Ghazi Khan,D.G. Khan,Tobacco,2020-21,Kharif,2.685591,27.17,maund/acre,2020-21(1).pdf,116,current
Faisalabad,Faisalabad,Tobacco,2020-21,Kharif,2.251666,22.78,maund/acre,2020-21(1).pdf,116,current
Gujranwala,Gujranwala,Tobacco,2020-21,Kharif,1.702094,17.22,maund/acre,2020-21(1).pdf,116,current
Gujrat,Gujrat,Tobacco,2020-21,Kharif,2.110319,21.35,maund/acre,2020-21(1).pdf,116,current
Hafizabad,Hafizabad,Tobacco,2020-21,Kharif,1.642787,16.62,maund/acre,2020-21(1).pdf,116,current
Jhang,Jhang,Tobacco,2020-21,Kharif,2.100435,21.25,maund/acre,2020-21(1).pdf,116,current
Jhelum,Jhelum,Tobacco,2020-21,Kharif,1.581504,16.0,maund/acre,2020-21(1).pdf,116,current
Kasur,Kasur,Tobacco,2020-21,Kharif,5.535264,56.0,maund/acre,2020-21(1).pdf,116,current
Khanewal,Khanewal,Tobacco,2020-21,Kharif,1.705059,17.25,maund/acre,2020-21(1).pdf,116,current
Lahore,Lahore,Tobacco,2020-21,Kharif,2.031244,20.55,maund/acre,2020-21(1).pdf,116,current
Lodhran,Lodhran,Tobacco,2020-21,Kharif,3.45954,35.0,maund/acre,2020-21(1).pdf,116,current
Mandi Bahauddin,M.B. Din,Tobacco,2020-21,Kharif,2.421678,24.5,maund/acre,2020-21(1).pdf,116,current
Mianwali,Mianwali,Tobacco,2020-21,Kharif,1.48266,15.0,maund/acre,2020-21(1).pdf,116,current
Multan,Multan,Tobacco,2020-21,Kharif,1.186128,12.0,maund/acre,2020-21(1).pdf,116,current
Muzaffargarh,Muzaffargarh,Tobacco,2020-21,Kharif,3.148181,31.85,maund/acre,2020-21(1).pdf,116,current
Nankana Sahib,Nankana Sahib,Tobacco,2020-21,Kharif,1.496498,15.14,maund/acre,2020-21(1).pdf,116,current
Narowal,Narowal,Tobacco,2020-21,Kharif,3.45954,35.0,maund/acre,2020-21(1).pdf,116,current
Okara,Okara,Tobacco,2020-21,Kharif,2.140961,21.66,maund/acre,2020-21(1).pdf,116,current
Pakpattan,Pakpattan,Tobacco,2020-21,Kharif,2.755771,27.88,maund/acre,2020-21(1).pdf,116,current
Rajanpur,Rajan Pur,Tobacco,2020-21,Kharif,3.973529,40.2,maund/acre,2020-21(1).pdf,116,current
Rawalpindi,RAWALPINDI DV:,Tobacco,2020-21,Kharif,1.581504,16.0,maund/acre,2020-21(1).pdf,116,current
Sahiwal,Sahiwal,Tobacco,2020-21,Kharif,2.596632,26.27,maund/acre,2020-21(1).pdf,116,current
Sargodha,Sargodha,Tobacco,2020-21,Kharif,1.680348,17.0,maund/acre,2020-21(1).pdf,116,current
Sheikhupura,Sheikhupura,Tobacco,2020-21,Kharif,2.900083,29.34,maund/acre,2020-21(1).pdf,116,current
Sialkot,Sialkot,Tobacco,2020-21,Kharif,1.48266,15.0,maund/acre,2020-21(1).pdf,116,current
Toba Tek Singh,T.T. Singh,Tobacco,2020-21,Kharif,2.070782,20.95,maund/acre,2020-21(1).pdf,116,current
Vehari,Vehari,Tobacco,2020-21,Kharif,2.513603,25.43,maund/acre,2020-21(1).pdf,116,current
Kasur,Kasur,Turmeric,2020-21,Kharif,21.053772,213.0,maund/acre,2020-21(1).pdf,73,current
Lahore,Lahore,Turmeric,2020-21,Kharif,10.625,10625.0,kg/ha,2020-21(1).pdf,74,current
Mandi Bahauddin,M.B. Din,Turmeric,2020-21,Kharif,8.962,8962.0,kg/ha,2020-21(1).pdf,74,current
Nankana Sahib,Nankana Sahib,Turmeric,2020-21,Kharif,11.907,11907.0,kg/ha,2020-21(1).pdf,74,current
Narowal,Narowal,Turmeric,2020-21,Kharif,10.875805,110.03,maund/acre,2020-21(1).pdf,73,current
Okara,Okara,Turmeric,2020-21,Kharif,12.037222,121.78,maund/acre,2020-21(1).pdf,73,current
Sheikhupura,Sheikhupura,Turmeric,2020-21,Kharif,10.625,10625.0,kg/ha,2020-21(1).pdf,74,current
Sialkot,Sialkot,Turmeric,2020-21,Kharif,9.362,9362.0,kg/ha,2020-21(1).pdf,74,current
Bhakkar,Bhakkar,Arum,2021-22,Kharif,20.75724,210.0,maund/acre,2022-23(1).pdf,71,previous_year
Chiniot,Chiniot,Arum,2021-22,Kharif,36.57228,370.0,maund/acre,2022-23(1).pdf,71,previous_year
Jhang,Jhang,Arum,2021-22,Kharif,28.862448,292.0,maund/acre,2022-23(1).pdf,71,previous_year
Kasur,Kasur,Arum,2021-22,Kharif,24.612156,249.0,maund/acre,2022-23(1).pdf,71,previous_year
Khanewal,Khanewal,Arum,2021-22,Kharif,23.524872,238.0,maund/acre,2022-23(1).pdf,71,previous_year
Khushab,Khushab,Arum,2021-22,Kharif,32.915052,333.0,maund/acre,2022-23(1).pdf,71,previous_year
Lahore,Lahore,Arum,2021-22,Kharif,16.210416,164.0,maund/acre,2022-23(1).pdf,71,previous_year
Multan,Multan,Arum,2021-22,Kharif,21.350304,216.0,maund/acre,2022-23(1).pdf,71,previous_year
Muzaffargarh,Muzaffargarh,Arum,2021-22,Kharif,20.460708,207.0,maund/acre,2022-23(1).pdf,71,previous_year
Okara,Okara,Arum,2021-22,Kharif,25.798284,261.0,maund/acre,2022-23(1).pdf,71,previous_year
Pakpattan,Pakpattan,Arum,2021-22,Kharif,23.524872,238.0,maund/acre,2022-23(1).pdf,71,previous_year
Vehari,Vehari,Arum,2021-22,Kharif,21.74568,220.0,maund/acre,2022-23(1).pdf,71,previous_year
Attock,Attock,Bajra,2021-22,Kharif,1.037862,10.5,maund/acre,2022-23(1).pdf,56,previous_year
Bahawalnagar,Bahawalnagar,Bajra,2021-22,Kharif,1.097168,11.1,maund/acre,2022-23(1).pdf,56,previous_year
Bahawalpur,Bahawalpur,Bajra,2021-22,Kharif,0.820405,8.3,maund/acre,2022-23(1).pdf,56,previous_year
Bhakkar,Bhakkar,Bajra,2021-22,Kharif,1.581504,16.0,maund/acre,2022-23(1).pdf,56,previous_year
Chakwal,Chakwal,Bajra,2021-22,Kharif,1.621042,16.4,maund/acre,2022-23(1).pdf,56,previous_year
Faisalabad,Faisalabad,Bajra,2021-22,Kharif,2.322834,23.5,maund/acre,2022-23(1).pdf,56,previous_year
Gujrat,Gujrat,Bajra,2021-22,Kharif,1.186128,12.0,maund/acre,2022-23(1).pdf,56,previous_year
Islamabad,Islamabad,Bajra,2021-22,Kharif,1.047746,10.6,maund/acre,2022-23(1).pdf,56,previous_year
Jhang,Jhang,Bajra,2021-22,Kharif,1.878036,19.0,maund/acre,2022-23(1).pdf,56,previous_year
Jhelum,Jhelum,Bajra,2021-22,Kharif,1.522198,15.4,maund/acre,2022-23(1).pdf,56,previous_year
Kasur,Kasur,Bajra,2021-22,Kharif,1.581504,16.0,maund/acre,2022-23(1).pdf,56,previous_year
Khushab,Khushab,Bajra,2021-22,Kharif,0.790752,8.0,maund/acre,2022-23(1).pdf,56,previous_year
Layyah,Layyah,Bajra,2021-22,Kharif,0.948902,9.6,maund/acre,2022-23(1).pdf,56,previous_year
Lodhran,Lodhran,Bajra,2021-22,Kharif,1.986764,20.1,maund/acre,2022-23(1).pdf,56,previous_year
Mianwali,Mianwali,Bajra,2021-22,Kharif,1.057631,10.7,maund/acre,2022-23(1).pdf,56,previous_year
Muzaffargarh,Muzaffargarh,Bajra,2021-22,Kharif,1.897805,19.2,maund/acre,2022-23(1).pdf,56,previous_year
Narowal,Narowal,Bajra,2021-22,Kharif,1.680348,17.0,maund/acre,2022-23(1).pdf,56,previous_year
Pakpattan,Pakpattan,Bajra,2021-22,Kharif,1.373932,13.9,maund/acre,2022-23(1).pdf,56,previous_year
Rawalpindi,Rawalpindi,Bajra,2021-22,Kharif,0.840174,8.5,maund/acre,2022-23(1).pdf,56,previous_year
Toba Tek Singh,T.T. Singh,Bajra,2021-22,Kharif,1.986764,20.1,maund/acre,2022-23(1).pdf,56,previous_year
Vehari,Vehari,Bajra,2021-22,Kharif,2.411794,24.4,maund/acre,2022-23(1).pdf,56,previous_year
Attock,Attock,Barley,2021-22,Rabi,0.425029,4.3,maund/acre,2022-23(1).pdf,159,previous_year
Bahawalnagar,Bahawalnagar,Barley,2021-22,Rabi,1.186128,12.0,maund/acre,2022-23(1).pdf,159,previous_year
Bhakkar,Bhakkar,Barley,2021-22,Rabi,1.423354,14.4,maund/acre,2022-23(1).pdf,159,previous_year
Chakwal,Chakwal,Barley,2021-22,Rabi,1.462891,14.8,maund/acre,2022-23(1).pdf,159,previous_year
Jhang,Jhang,Barley,2021-22,Rabi,1.917574,19.4,maund/acre,2022-23(1).pdf,159,previous_year
Jhelum,Jhelum,Barley,2021-22,Rabi,1.215781,12.3,maund/acre,2022-23(1).pdf,159,previous_year
Khanewal,Khanewal,Barley,2021-22,Rabi,1.245434,12.6,maund/acre,2022-23(1).pdf,159,previous_year
Khushab,Khushab,Barley,2021-22,Rabi,0.464567,4.7,maund/acre,2022-23(1).pdf,159,previous_year
Mandi Bahauddin,M.B.Din,Barley,2021-22,Rabi,2.550175,25.8,maund/acre,2022-23(1).pdf,159,previous_year
Mianwali,Mianwali,Barley,2021-22,Rabi,1.245434,12.6,maund/acre,2022-23(1).pdf,159,previous_year
Narowal,Narowal,Barley,2021-22,Rabi,1.937342,19.6,maund/acre,2022-23(1).pdf,159,previous_year
Rawalpindi,RAWALPINDI DV:,Barley,2021-22,Rabi,0.622717,6.3,maund/acre,2022-23(1).pdf,159,previous_year
Sargodha,Sargodha,Barley,2021-22,Rabi,2.006533,20.3,maund/acre,2022-23(1).pdf,159,previous_year
Bahawalnagar,Bahawalnagar,Beans,2021-22,Kharif,7.215612,73.0,maund/acre,2022-23(1).pdf,79,previous_year
Bahawalpur,Bahawalpur,Beans,2021-22,Kharif,3.45954,35.0,maund/acre,2022-23(1).pdf,79,previous_year
Bhakkar,Bhakkar,Beans,2021-22,Kharif,4.44798,45.0,maund/acre,2022-23(1).pdf,79,previous_year
Faisalabad,Faisalabad,Beans,2021-22,Kharif,5.634108,57.0,maund/acre,2022-23(1).pdf,79,previous_year
Gujranwala,Gujranwala,Beans,2021-22,Kharif,3.756072,38.0,maund/acre,2022-23(1).pdf,79,previous_year
Gujrat,Gujrat,Beans,2021-22,Kharif,2.372256,24.0,maund/acre,2022-23(1).pdf,79,previous_year
Kasur,Kasur,Beans,2021-22,Kharif,3.854916,39.0,maund/acre,2022-23(1).pdf,79,previous_year
Khanewal,Khanewal,Beans,2021-22,Kharif,7.116768,72.0,maund/acre,2022-23(1).pdf,79,previous_year
Lahore,Lahore,Beans,2021-22,Kharif,5.43642,55.0,maund/acre,2022-23(1).pdf,79,previous_year
Lodhran,Lodhran,Beans,2021-22,Kharif,7.017924,71.0,maund/acre,2022-23(1).pdf,79,previous_year
Multan,Multan,Beans,2021-22,Kharif,7.512144,76.0,maund/acre,2022-23(1).pdf,79,previous_year
Nankana Sahib,Nankana Sahib,Beans,2021-22,Kharif,13.937004,141.0,maund/acre,2022-23(1).pdf,79,previous_year
Narowal,Narowal,Beans,2021-22,Kharif,4.645668,47.0,maund/acre,2022-23(1).pdf,79,previous_year
Okara,Okara,Beans,2021-22,Kharif,4.052604,41.0,maund/acre,2022-23(1).pdf,79,previous_year
Pakpattan,Pakpattan,Beans,2021-22,Kharif,3.45954,35.0,maund/acre,2022-23(1).pdf,79,previous_year
Rahim Yar Khan,Rahim Yar Khan,Beans,2021-22,Kharif,6.128328,62.0,maund/acre,2022-23(1).pdf,79,previous_year
Sahiwal,Sahiwal,Beans,2021-22,Kharif,3.657228,37.0,maund/acre,2022-23(1).pdf,79,previous_year
Sargodha,Sargodha,Beans,2021-22,Kharif,6.42486,65.0,maund/acre,2022-23(1).pdf,79,previous_year
Sheikhupura,Sheikhupura,Beans,2021-22,Kharif,8.698272,88.0,maund/acre,2022-23(1).pdf,79,previous_year
Sialkot,Sialkot,Beans,2021-22,Kharif,3.766,3766.0,kg/ha,2022-23(1).pdf,80,previous_year
Toba Tek Singh,T.T. Singh,Beans,2021-22,Kharif,4.44798,45.0,maund/acre,2022-23(1).pdf,79,previous_year
Vehari,Vehari,Beans,2021-22,Kharif,19.472268,197.0,maund/acre,2022-23(1).pdf,79,previous_year
Attock,Attock,Bitter Gourd,2021-22,Kharif,4.744512,48.0,maund/acre,2022-23(1).pdf,61,previous_year
Bahawalnagar,Bahawalnagar,Bitter Gourd,2021-22,Kharif,14.134692,143.0,maund/acre,2022-23(1).pdf,61,previous_year
Bahawalpur,Bahawalpur,Bitter Gourd,2021-22,Kharif,3.558384,36.0,maund/acre,2022-23(1).pdf,61,previous_year
Bhakkar,Bhakkar,Bitter Gourd,2021-22,Kharif,10.87284,110.0,maund/acre,2022-23(1).pdf,61,previous_year
Faisalabad,Faisalabad,Bitter Gourd,2021-22,Kharif,15.518508,157.0,maund/acre,2022-23(1).pdf,61,previous_year
Gujranwala,Gujranwala,Bitter Gourd,2021-22,Kharif,29.949732,303.0,maund/acre,2022-23(1).pdf,61,previous_year
Gujrat,Gujrat,Bitter Gourd,2021-22,Kharif,10.576308,107.0,maund/acre,2022-23(1).pdf,61,previous_year
Hafizabad,Hafizabad,Bitter Gourd,2021-22,Kharif,5.732952,58.0,maund/acre,2022-23(1).pdf,61,previous_year
Islamabad,Islamabad,Bitter Gourd,2021-22,Kharif,11.86128,120.0,maund/acre,2022-23(1).pdf,61,previous_year
Jhang,Jhang,Bitter Gourd,2021-22,Kharif,15.617352,158.0,maund/acre,2022-23(1).pdf,61,previous_year
Kasur,Kasur,Bitter Gourd,2021-22,Kharif,19.7688,200.0,maund/acre,2022-23(1).pdf,61,previous_year
Khanewal,Khanewal,Bitter Gourd,2021-22,Kharif,24.711,250.0,maund/acre,2022-23(1).pdf,61,previous_year
Khushab,Khushab,Bitter Gourd,2021-22,Kharif,11.36706,115.0,maund/acre,2022-23(1).pdf,61,previous_year
Lahore,Lahore,Bitter Gourd,2021-22,Kharif,15.024288,152.0,maund/acre,2022-23(1).pdf,61,previous_year
Lodhran,Lodhran,Bitter Gourd,2021-22,Kharif,20.361864,206.0,maund/acre,2022-23(1).pdf,61,previous_year
Mandi Bahauddin,M.B. Din,Bitter Gourd,2021-22,Kharif,12.256656,124.0,maund/acre,2022-23(1).pdf,61,previous_year
Multan,Multan,Bitter Gourd,2021-22,Kharif,11.268216,114.0,maund/acre,2022-23(1).pdf,61,previous_year
Muzaffargarh,Muzaffargarh,Bitter Gourd,2021-22,Kharif,6.523704,66.0,maund/acre,2022-23(1).pdf,61,previous_year
Nankana Sahib,Nankana Sahib,Bitter Gourd,2021-22,Kharif,16.111572,163.0,maund/acre,2022-23(1).pdf,61,previous_year
Narowal,Narowal,Bitter Gourd,2021-22,Kharif,11.86128,120.0,maund/acre,2022-23(1).pdf,61,previous_year
Okara,Okara,Bitter Gourd,2021-22,Kharif,17.001168,172.0,maund/acre,2022-23(1).pdf,61,previous_year
Pakpattan,Pakpattan,Bitter Gourd,2021-22,Kharif,19.175736,194.0,maund/acre,2022-23(1).pdf,61,previous_year
Rahim Yar Khan,Rahim Yar Khan,Bitter Gourd,2021-22,Kharif,15.221976,154.0,maund/acre,2022-23(1).pdf,61,previous_year
Rajanpur,Rajan Pur,Bitter Gourd,2021-22,Kharif,12.84972,130.0,maund/acre,2022-23(1).pdf,61,previous_year
Rawalpindi,Rawalpindi,Bitter Gourd,2021-22,Kharif,12.84972,130.0,maund/acre,2022-23(1).pdf,61,previous_year
Sahiwal,Sahiwal,Bitter Gourd,2021-22,Kharif,37.56072,380.0,maund/acre,2022-23(1).pdf,61,previous_year
Sargodha,Sargodha,Bitter Gourd,2021-22,Kharif,12.652032,128.0,maund/acre,2022-23(1).pdf,61,previous_year
Sheikhupura,Sheikhupura,Bitter Gourd,2021-22,Kharif,23.623716,239.0,maund/acre,2022-23(1).pdf,61,previous_year
Sialkot,Sialkot,Bitter Gourd,2021-22,Kharif,16.30926,165.0,maund/acre,2022-23(1).pdf,61,previous_year
Toba Tek Singh,T.T. Singh,Bitter Gourd,2021-22,Kharif,42.0087,425.0,maund/acre,2022-23(1).pdf,61,previous_year
Vehari,Vehari,Bitter Gourd,2021-22,Kharif,38.153784,386.0,maund/acre,2022-23(1).pdf,61,previous_year
Attock,Attock,Bottle Gourd,2021-22,Kharif,6.622548,67.0,maund/acre,2022-23(1).pdf,65,previous_year
Bahawalnagar,Bahawalnagar,Bottle Gourd,2021-22,Kharif,10.477464,106.0,maund/acre,2022-23(1).pdf,65,previous_year
Bahawalpur,Bahawalpur,Bottle Gourd,2021-22,Kharif,36.275748,367.0,maund/acre,2022-23(1).pdf,65,previous_year
Bhakkar,Bhakkar,Bottle Gourd,2021-22,Kharif,22.931808,232.0,maund/acre,2022-23(1).pdf,65,previous_year
Chakwal,Chakwal,Bottle Gourd,2021-22,Kharif,13.34394,135.0,maund/acre,2022-23(1).pdf,65,previous_year
Chiniot,Chiniot,Bottle Gourd,2021-22,Kharif,16.704636,169.0,maund/acre,2022-23(1).pdf,65,previous_year
Dera Ghazi Khan,D.G. Khan,Bottle Gourd,2021-22,Kharif,11.86128,120.0,maund/acre,2022-23(1).pdf,65,previous_year
Faisalabad,Faisalabad,Bottle Gourd,2021-22,Kharif,17.79192,180.0,maund/acre,2022-23(1).pdf,65,previous_year
Gujranwala,Gujranwala,Bottle Gourd,2021-22,Kharif,23.129496,234.0,maund/acre,2022-23(1).pdf,65,previous_year
Gujrat,Gujrat,Bottle Gourd,2021-22,Kharif,12.454344,126.0,maund/acre,2022-23(1).pdf,65,previous_year
Hafizabad,Hafizabad,Bottle Gourd,2021-22,Kharif,7.314456,74.0,maund/acre,2022-23(1).pdf,65,previous_year
Jhang,Jhang,Bottle Gourd,2021-22,Kharif,20.954928,212.0,maund/acre,2022-23(1).pdf,65,previous_year
Jhelum,Jhelum,Bottle Gourd,2021-22,Kharif,18.28614,185.0,maund/acre,2022-23(1).pdf,65,previous_year
Kasur,Kasur,Bottle Gourd,2021-22,Kharif,27.775164,281.0,maund/acre,2022-23(1).pdf,65,previous_year
Khanewal,Khanewal,Bottle Gourd,2021-22,Kharif,13.640472,138.0,maund/acre,2022-23(1).pdf,65,previous_year
Khushab,Khushab,Bottle Gourd,2021-22,Kharif,9.983244,101.0,maund/acre,2022-23(1).pdf,65,previous_year
Lahore,Lahore,Bottle Gourd,2021-22,Kharif,11.36706,115.0,maund/acre,2022-23(1).pdf,65,previous_year
Lodhran,Lodhran,Bottle Gourd,2021-22,Kharif,36.473436,369.0,maund/acre,2022-23(1).pdf,65,previous_year
Mandi Bahauddin,M.B. Din,Bottle Gourd,2021-22,Kharif,17.396544,176.0,maund/acre,2022-23(1).pdf,65,previous_year
Mianwali,Mianwali,Bottle Gourd,2021-22,Kharif,8.599428,87.0,maund/acre,2022-23(1).pdf,65,previous_year
Multan,Multan,Bottle Gourd,2021-22,Kharif,12.84972,130.0,maund/acre,2022-23(1).pdf,65,previous_year
Muzaffargarh,Muzaffargarh,Bottle Gourd,2021-22,Kharif,21.053772,213.0,maund/acre,2022-23(1).pdf,65,previous_year
Nankana Sahib,Nankana Sahib,Bottle Gourd,2021-22,Kharif,22.338744,226.0,maund/acre,2022-23(1).pdf,65,previous_year
Narowal,Narowal,Bottle Gourd,2021-22,Kharif,10.773996,109.0,maund/acre,2022-23(1).pdf,65,previous_year
Okara,Okara,Bottle Gourd,2021-22,Kharif,11.36706,115.0,maund/acre,2022-23(1).pdf,65,previous_year
Pakpattan,Pakpattan,Bottle Gourd,2021-22,Kharif,31.728924,321.0,maund/acre,2022-23(1).pdf,65,previous_year
Rahim Yar Khan,Rahim Yar Khan,Bottle Gourd,2021-22,Kharif,17.100012,173.0,maund/acre,2022-23(1).pdf,65,previous_year
Rajanpur,Rajan Pur,Bottle Gourd,2021-22,Kharif,5.732952,58.0,maund/acre,2022-23(1).pdf,65,previous_year
Rawalpindi,Rawalpindi,Bottle Gourd,2021-22,Kharif,17.2977,175.0,maund/acre,2022-23(1).pdf,65,previous_year
Sahiwal,Sahiwal,Bottle Gourd,2021-22,Kharif,11.762436,119.0,maund/acre,2022-23(1).pdf,65,previous_year
Sargodha,Sargodha,Bottle Gourd,2021-22,Kharif,18.088452,183.0,maund/acre,2022-23(1).pdf,65,previous_year
Sheikhupura,Sheikhupura,Bottle Gourd,2021-22,Kharif,15.024288,152.0,maund/acre,2022-23(1).pdf,65,previous_year
Sialkot,Sialkot,Bottle Gourd,2021-22,Kharif,13.83816,140.0,maund/acre,2022-23(1).pdf,65,previous_year
Toba Tek Singh,T.T. Singh,Bottle Gourd,2021-22,Kharif,15.419664,156.0,maund/acre,2022-23(1).pdf,65,previous_year
Vehari,Vehari,Bottle Gourd,2021-22,Kharif,39.636444,401.0,maund/acre,2022-23(1).pdf,65,previous_year
Attock,Attock,Brinjal,2021-22,Kharif,10.773996,109.0,maund/acre,2022-23(1).pdf,67,previous_year
Bahawalnagar,Bahawalnagar,Brinjal,2021-22,Kharif,23.623716,239.0,maund/acre,2022-23(1).pdf,67,previous_year
Bahawalpur,Bahawalpur,Brinjal,2021-22,Kharif,18.28614,185.0,maund/acre,2022-23(1).pdf,67,previous_year
Chakwal,Chakwal,Brinjal,2021-22,Kharif,11.36706,115.0,maund/acre,2022-23(1).pdf,67,previous_year
Faisalabad,Faisalabad,Brinjal,2021-22,Kharif,15.419664,156.0,maund/acre,2022-23(1).pdf,67,previous_year
Gujranwala,Gujranwala,Brinjal,2021-22,Kharif,16.80348,170.0,maund/acre,2022-23(1).pdf,67,previous_year
Gujrat,Gujrat,Brinjal,2021-22,Kharif,14.035848,142.0,maund/acre,2022-23(1).pdf,67,previous_year
Hafizabad,Hafizabad,Brinjal,2021-22,Kharif,34.5954,350.0,maund/acre,2022-23(1).pdf,67,previous_year
Jhang,Jhang,Brinjal,2021-22,Kharif,22.635276,229.0,maund/acre,2022-23(1).pdf,67,previous_year
Jhelum,Jhelum,Brinjal,2021-22,Kharif,11.762436,119.0,maund/acre,2022-23(1).pdf,67,previous_year
Kasur,Kasur,Brinjal,2021-22,Kharif,54.561888,552.0,maund/acre,2022-23(1).pdf,67,previous_year
Khanewal,Khanewal,Brinjal,2021-22,Kharif,8.204052,83.0,maund/acre,2022-23(1).pdf,67,previous_year
Khushab,Khushab,Brinjal,2021-22,Kharif,34.5954,350.0,maund/acre,2022-23(1).pdf,67,previous_year
Lahore,Lahore,Brinjal,2021-22,Kharif,7.90752,80.0,maund/acre,2022-23(1).pdf,67,previous_year
Lodhran,Lodhran,Brinjal,2021-22,Kharif,31.13586,315.0,maund/acre,2022-23(1).pdf,67,previous_year
Mandi Bahauddin,M.B. Din,Brinjal,2021-22,Kharif,14.33238,145.0,maund/acre,2022-23(1).pdf,67,previous_year
Multan,Multan,Brinjal,2021-22,Kharif,14.530068,147.0,maund/acre,2022-23(1).pdf,67,previous_year
Muzaffargarh,Muzaffargarh,Brinjal,2021-22,Kharif,12.058968,122.0,maund/acre,2022-23(1).pdf,67,previous_year
Nankana Sahib,Nankana Sahib,Brinjal,2021-22,Kharif,34.002336,344.0,maund/acre,2022-23(1).pdf,67,previous_year
Narowal,Narowal,Brinjal,2021-22,Kharif,17.2977,175.0,maund/acre,2022-23(1).pdf,67,previous_year
Okara,Okara,Brinjal,2021-22,Kharif,10.971684,111.0,maund/acre,2022-23(1).pdf,67,previous_year
Pakpattan,Pakpattan,Brinjal,2021-22,Kharif,21.449148,217.0,maund/acre,2022-23(1).pdf,67,previous_year
Rahim Yar Khan,Rahim Yar Khan,Brinjal,2021-22,Kharif,22.832964,231.0,maund/acre,2022-23(1).pdf,67,previous_year
Rawalpindi,Rawalpindi,Brinjal,2021-22,Kharif,16.605792,168.0,maund/acre,2022-23(1).pdf,67,previous_year
Sahiwal,Sahiwal,Brinjal,2021-22,Kharif,8.698272,88.0,maund/acre,2022-23(1).pdf,67,previous_year
Sargodha,Sargodha,Brinjal,2021-22,Kharif,34.694244,351.0,maund/acre,2022-23(1).pdf,67,previous_year
Sheikhupura,Sheikhupura,Brinjal,2021-22,Kharif,30.839328,312.0,maund/acre,2022-23(1).pdf,67,previous_year
Sialkot,Sialkot,Brinjal,2021-22,Kharif,13.047408,132.0,maund/acre,2022-23(1).pdf,67,previous_year
Toba Tek Singh,T.T. Singh,Brinjal,2021-22,Kharif,27.083256,274.0,maund/acre,2022-23(1).pdf,67,previous_year
Vehari,Vehari,Brinjal,2021-22,Kharif,45.46824,460.0,maund/acre,2022-23(1).pdf,67,previous_year
Bahawalnagar,Bahawalnagar,Canola,2021-22,Rabi,2.024325,20.48,maund/acre,2022-23(1).pdf,139,previous_year
Bahawalpur,Bahawalpur,Canola,2021-22,Rabi,1.960077,19.83,maund/acre,2022-23(1).pdf,139,previous_year
Bhakkar,Bhakkar,Canola,2021-22,Rabi,1.468822,14.86,maund/acre,2022-23(1).pdf,139,previous_year
Chiniot,Chiniot,Canola,2021-22,Rabi,1.754481,17.75,maund/acre,2022-23(1).pdf,139,previous_year
Dera Ghazi Khan,D.G. Khan,Canola,2021-22,Rabi,1.663545,16.83,maund/acre,2022-23(1).pdf,139,previous_year
Faisalabad,Faisalabad,Canola,2021-22,Rabi,1.667498,16.87,maund/acre,2022-23(1).pdf,139,previous_year
Gujrat,Gujrat,Canola,2021-22,Rabi,1.221712,12.36,maund/acre,2022-23(1).pdf,139,previous_year
Jhang,Jhang,Canola,2021-22,Rabi,2.304054,23.31,maund/acre,2022-23(1).pdf,139,previous_year
Khanewal,Khanewal,Canola,2021-22,Rabi,1.975892,19.99,maund/acre,2022-23(1).pdf,139,previous_year
Khushab,Khushab,Canola,2021-22,Rabi,1.411492,14.28,maund/acre,2022-23(1).pdf,139,previous_year
Lahore,Lahore,Canola,2021-22,Rabi,1.701105,17.21,maund/acre,2022-23(1).pdf,139,previous_year
Layyah,Layyah,Canola,2021-22,Rabi,1.962053,19.85,maund/acre,2022-23(1).pdf,139,previous_year
Lodhran,Lodhran,Canola,2021-22,Rabi,2.35051,23.78,maund/acre,2022-23(1).pdf,139,previous_year
Mianwali,Mianwali,Canola,2021-22,Rabi,1.592377,16.11,maund/acre,2022-23(1).pdf,139,previous_year
Multan,Multan,Canola,2021-22,Rabi,1.988741,20.12,maund/acre,2022-23(1).pdf,139,previous_year
Muzaffargarh,Muzzafargargh,Canola,2021-22,Rabi,2.463192,24.92,maund/acre,2022-23(1).pdf,139,previous_year
Nankana Sahib,Nankana Sahib,Canola,2021-22,Rabi,1.953157,19.76,maund/acre,2022-23(1).pdf,139,previous_year
Narowal,Narowal,Canola,2021-22,Rabi,1.23555,12.5,maund/acre,2022-23(1).pdf,139,previous_year
Okara,Okara,Canola,2021-22,Rabi,1.798961,18.2,maund/acre,2022-23(1).pdf,139,previous_year
Pakpattan,Pakpattan,Canola,2021-22,Rabi,1.455972,14.73,maund/acre,2022-23(1).pdf,139,previous_year
Rajanpur,Rajan Pur,Canola,2021-22,Rabi,2.323822,23.51,maund/acre,2022-23(1).pdf,139,previous_year
Sahiwal,Sahiwal,Canola,2021-22,Rabi,1.786111,18.07,maund/acre,2022-23(1).pdf,139,previous_year
Sargodha,Sargodha,Canola,2021-22,Rabi,1.937342,19.6,maund/acre,2022-23(1).pdf,139,previous_year
Sialkot,Sialkot,Canola,2021-22,Rabi,1.569643,15.88,maund/acre,2022-23(1).pdf,139,previous_year
Toba Tek Singh,T.T. Singh,Canola,2021-22,Rabi,2.284285,23.11,maund/acre,2022-23(1).pdf,139,previous_year
Vehari,Vehari,Canola,2021-22,Rabi,2.096481,21.21,maund/acre,2022-23(1).pdf,139,previous_year
Bahawalpur,Bahawalpur,Cucumber,2021-22,Kharif,60.29484,610.0,maund/acre,2022-23(1).pdf,77,previous_year
Chiniot,Chiniot,Cucumber,2021-22,Kharif,37.0665,375.0,maund/acre,2022-23(1).pdf,77,previous_year
Faisalabad,Faisalabad,Cucumber,2021-22,Kharif,46.654368,472.0,maund/acre,2022-23(1).pdf,77,previous_year
Gujranwala,Gujranwala,Cucumber,2021-22,Kharif,10.180932,103.0,maund/acre,2022-23(1).pdf,77,previous_year
Gujrat,Gujrat,Cucumber,2021-22,Kharif,12.553188,127.0,maund/acre,2022-23(1).pdf,77,previous_year
Jhang,Jhang,Cucumber,2021-22,Kharif,42.0087,425.0,maund/acre,2022-23(1).pdf,77,previous_year
Jhelum,Jhelum,Cucumber,2021-22,Kharif,43.98558,445.0,maund/acre,2022-23(1).pdf,77,previous_year
Kasur,Kasur,Cucumber,2021-22,Kharif,14.431224,146.0,maund/acre,2022-23(1).pdf,77,previous_year
Khushab,Khushab,Cucumber,2021-22,Kharif,37.0665,375.0,maund/acre,2022-23(1).pdf,77,previous_year
Lahore,Lahore,Cucumber,2021-22,Kharif,31.63008,320.0,maund/acre,2022-23(1).pdf,77,previous_year
Lodhran,Lodhran,Cucumber,2021-22,Kharif,86.389656,874.0,maund/acre,2022-23(1).pdf,77,previous_year
Multan,Multan,Cucumber,2021-22,Kharif,29.6532,300.0,maund/acre,2022-23(1).pdf,77,previous_year
Muzaffargarh,Muzaffargarh,Cucumber,2021-22,Kharif,9.686712,98.0,maund/acre,2022-23(1).pdf,77,previous_year
Nankana Sahib,Nankana Sahib,Cucumber,2021-22,Kharif,34.10118,345.0,maund/acre,2022-23(1).pdf,77,previous_year
Narowal,Narowal,Cucumber,2021-22,Kharif,14.8266,150.0,maund/acre,2022-23(1).pdf,77,previous_year
Okara,Okara,Cucumber,2021-22,Kharif,60.492528,612.0,maund/acre,2022-23(1).pdf,77,previous_year
Pakpattan,Pakpattan,Cucumber,2021-22,Kharif,65.533572,663.0,maund/acre,2022-23(1).pdf,77,previous_year
Rawalpindi,Rawalpindi,Cucumber,2021-22,Kharif,31.63008,320.0,maund/acre,2022-23(1).pdf,77,previous_year
Sahiwal,Sahiwal,Cucumber,2021-22,Kharif,66.7197,675.0,maund/acre,2022-23(1).pdf,77,previous_year
Sialkot,Sialkot,Cucumber,2021-22,Kharif,10.333,10333.0,kg/ha,2022-23(1).pdf,78,previous_year
Toba Tek Singh,T.T. Singh,Cucumber,2021-22,Kharif,44.4798,450.0,maund/acre,2022-23(1).pdf,77,previous_year
Vehari,Vehari,Cucumber,2021-22,Kharif,70.080396,709.0,maund/acre,2022-23(1).pdf,77,previous_year
Bahawalnagar,Bahawalnagar,Dates,2021-22,Kharif,10.477464,106.0,maund/acre,2022-23(1).pdf,93,previous_year
Bahawalpur,Bahawalpur,Dates,2021-22,Kharif,6.029484,61.0,maund/acre,2022-23(1).pdf,93,previous_year
Bhakkar,Bhakkar,Dates,2021-22,Kharif,8.797116,89.0,maund/acre,2022-23(1).pdf,93,previous_year
Chiniot,Chiniot,Dates,2021-22,Kharif,8.40174,85.0,maund/acre,2022-23(1).pdf,93,previous_year
Dera Ghazi Khan,D.G. Khan,Dates,2021-22,Kharif,4.645668,47.0,maund/acre,2022-23(1).pdf,93,previous_year
Faisalabad,Faisalabad,Dates,2021-22,Kharif,8.302896,84.0,maund/acre,2022-23(1).pdf,93,previous_year
Hafizabad,Hafizabad,Dates,2021-22,Kharif,11.86128,120.0,maund/acre,2022-23(1).pdf,93,previous_year
Jhang,Jhang,Dates,2021-22,Kharif,16.012728,162.0,maund/acre,2022-23(1).pdf,93,previous_year
Khanewal,Khanewal,Dates,2021-22,Kharif,4.9422,50.0,maund/acre,2022-23(1).pdf,93,previous_year
Khushab,Khushab,Dates,2021-22,Kharif,12.750876,129.0,maund/acre,2022-23(1).pdf,93,previous_year
Lahore,Lahore,Dates,2021-22,Kharif,4.9422,50.0,maund/acre,2022-23(1).pdf,93,previous_year
Layyah,Layyah,Dates,2021-22,Kharif,6.91908,70.0,maund/acre,2022-23(1).pdf,93,previous_year
Lodhran,Lodhran,Dates,2021-22,Kharif,7.4133,75.0,maund/acre,2022-23(1).pdf,93,previous_year
Mianwali,Mianwali,Dates,2021-22,Kharif,19.571112,198.0,maund/acre,2022-23(1).pdf,93,previous_year
Multan,Multan,Dates,2021-22,Kharif,8.105208,82.0,maund/acre,2022-23(1).pdf,93,previous_year
Muzaffargarh,Muzaffargarh,Dates,2021-22,Kharif,9.686712,98.0,maund/acre,2022-23(1).pdf,93,previous_year
Narowal,Narowal * *,Dates,2021-22,Kharif,11.861,11861.0,kg/ha,2022-23(1).pdf,94,previous_year
Okara,Okara,Dates,2021-22,Kharif,5.43642,55.0,maund/acre,2022-23(1).pdf,93,previous_year
Rahim Yar Khan,Rahim Yar Khan,Dates,2021-22,Kharif,7.314456,74.0,maund/acre,2022-23(1).pdf,93,previous_year
Rajanpur,Rajan Pur,Dates,2021-22,Kharif,5.93064,60.0,maund/acre,2022-23(1).pdf,93,previous_year
Sahiwal,Sahiwal,Dates,2021-22,Kharif,6.42486,65.0,maund/acre,2022-23(1).pdf,93,previous_year
Sargodha,Sargodha,Dates,2021-22,Kharif,7.610988,77.0,maund/acre,2022-23(1).pdf,93,previous_year
Toba Tek Singh,T.T. Singh,Dates,2021-22,Kharif,10.180932,103.0,maund/acre,2022-23(1).pdf,93,previous_year
Vehari,Vehari,Dates,2021-22,Kharif,8.500584,86.0,maund/acre,2022-23(1).pdf,93,previous_year
Attock,Attock,Gram,2021-22,Rabi,0.850058,8.6,maund/acre,2022-23(1).pdf,121,previous_year
Bahawalnagar,Bahawalnagar,Gram,2021-22,Rabi,1.008209,10.2,maund/acre,2022-23(1).pdf,121,previous_year
Bahawalpur,Bahawalpur,Gram,2021-22,Rabi,1.23555,12.5,maund/acre,2022-23(1).pdf,121,previous_year
Bhakkar,Bhakkar,Gram,2021-22,Rabi,0.288624,2.92,maund/acre,2022-23(1).pdf,121,previous_year
Chakwal,Chakwal,Gram,2021-22,Rabi,0.834243,8.44,maund/acre,2022-23(1).pdf,121,previous_year
Dera Ghazi Khan,D.G. Khan,Gram,2021-22,Rabi,0.853024,8.63,maund/acre,2022-23(1).pdf,121,previous_year
Gujrat,Gujrat,Gram,2021-22,Rabi,0.226353,2.29,maund/acre,2022-23(1).pdf,121,previous_year
Jhang,Jhang,Gram,2021-22,Rabi,0.251064,2.54,maund/acre,2022-23(1).pdf,121,previous_year
Khushab,Khushab,Gram,2021-22,Rabi,0.346942,3.51,maund/acre,2022-23(1).pdf,121,previous_year
Kot Addu,Kot Addu,Gram,2021-22,Rabi,0.32322,3.27,maund/acre,2022-23(1).pdf,121,previous_year
Layyah,Layyah,Gram,2021-22,Rabi,0.321243,3.25,maund/acre,2022-23(1).pdf,121,previous_year
Mianwali,Mianwali,Gram,2021-22,Rabi,0.598006,6.05,maund/acre,2022-23(1).pdf,121,previous_year
Rawalpindi,RAWALPINDI DV:,Gram,2021-22,Rabi,0.835232,8.45,maund/acre,2022-23(1).pdf,121,previous_year
Talagang,Talagang,Gram,2021-22,Rabi,0.834243,8.44,maund/acre,2022-23(1).pdf,121,previous_year
Toba Tek Singh,T.T. Singh,Gram,2021-22,Rabi,0.63359,6.41,maund/acre,2022-23(1).pdf,121,previous_year
Attock,Attock,Groundnut,2021-22,Kharif,0.751214,7.6,maund/acre,2022-23(1).pdf,36,previous_year
Bhakkar,Bhakkar,Groundnut,2021-22,Kharif,0.345954,3.5,maund/acre,2022-23(1).pdf,36,previous_year
Chakwal,Chakwal,Groundnut,2021-22,Kharif,1.018093,10.3,maund/acre,2022-23(1).pdf,36,previous_year
Jhelum,Jhelum,Groundnut,2021-22,Kharif,2.273412,23.0,maund/acre,2022-23(1).pdf,36,previous_year
Khushab,Khushab,Groundnut,2021-22,Kharif,0.573295,5.8,maund/acre,2022-23(1).pdf,36,previous_year
Mianwali,Mianwali,Groundnut,2021-22,Kharif,1.314625,13.3,maund/acre,2022-23(1).pdf,36,previous_year
Muzaffargarh,Muzaffargarh,Groundnut,2021-22,Kharif,0.444798,4.5,maund/acre,2022-23(1).pdf,36,previous_year
Rahim Yar Khan,Rahim Yar Khan,Groundnut,2021-22,Kharif,0.958787,9.7,maund/acre,2022-23(1).pdf,36,previous_year
Rajanpur,Rajan Pur,Groundnut,2021-22,Kharif,1.097168,11.1,maund/acre,2022-23(1).pdf,36,previous_year
Rawalpindi,Rawalpindi,Groundnut,2021-22,Kharif,1.630926,16.5,maund/acre,2022-23(1).pdf,36,previous_year
Bhakkar,Bhakkar,Guarseed,2021-22,Kharif,0.434914,4.4,maund/acre,2022-23(1).pdf,46,previous_year
Dera Ghazi Khan,D.G. Khan,Guarseed,2021-22,Kharif,0.682024,6.9,maund/acre,2022-23(1).pdf,46,previous_year
Kasur,Kasur,Guarseed,2021-22,Kharif,0.24711,2.5,maund/acre,2022-23(1).pdf,46,previous_year
Khanewal,Khanewal,Guarseed,2021-22,Kharif,0.553526,5.6,maund/acre,2022-23(1).pdf,46,previous_year
Khushab,Khushab,Guarseed,2021-22,Kharif,0.237226,2.4,maund/acre,2022-23(1).pdf,46,previous_year
Layyah,Layyah,Guarseed,2021-22,Kharif,0.790752,8.0,maund/acre,2022-23(1).pdf,46,previous_year
Mianwali,Mianwali,Guarseed,2021-22,Kharif,0.484336,4.9,maund/acre,2022-23(1).pdf,46,previous_year
Attock,Attock,Guava,2021-22,Kharif,5.535264,56.0,maund/acre,2022-23(1).pdf,189,previous_year
Bahawalnagar,Bahawalnagar,Guava,2021-22,Kharif,13.83816,140.0,maund/acre,2022-23(1).pdf,189,previous_year
Bahawalpur,Bahawalpur,Guava,2021-22,Kharif,10.37862,105.0,maund/acre,2022-23(1).pdf,189,previous_year
Bhakkar,Bhakkar,Guava,2021-22,Kharif,15.32082,155.0,maund/acre,2022-23(1).pdf,189,previous_year
Chiniot,Chiniot,Guava,2021-22,Kharif,6.91908,70.0,maund/acre,2022-23(1).pdf,189,previous_year
Dera Ghazi Khan,D.G. Khan,Guava,2021-22,Kharif,11.070528,112.0,maund/acre,2022-23(1).pdf,189,previous_year
Faisalabad,Faisalabad,Guava,2021-22,Kharif,23.623716,239.0,maund/acre,2022-23(1).pdf,189,previous_year
Gujranwala,Gujranwala,Guava,2021-22,Kharif,12.84972,130.0,maund/acre,2022-23(1).pdf,189,previous_year
Gujrat,Gujrat,Guava,2021-22,Kharif,8.40174,85.0,maund/acre,2022-23(1).pdf,189,previous_year
Hafizabad,Hafizabad,Guava,2021-22,Kharif,10.971684,111.0,maund/acre,2022-23(1).pdf,189,previous_year
Jhang,Jhang,Guava,2021-22,Kharif,12.84972,130.0,maund/acre,2022-23(1).pdf,189,previous_year
Jhelum,Jhelum,Guava,2021-22,Kharif,2.174568,22.0,maund/acre,2022-23(1).pdf,189,previous_year
Kasur,Kasur,Guava,2021-22,Kharif,17.79192,180.0,maund/acre,2022-23(1).pdf,189,previous_year
Khanewal,Khanewal,Guava,2021-22,Kharif,24.414468,247.0,maund/acre,2022-23(1).pdf,189,previous_year
Khushab,Khushab,Guava,2021-22,Kharif,14.8266,150.0,maund/acre,2022-23(1).pdf,189,previous_year
Lahore,Lahore,Guava,2021-22,Kharif,20.954928,212.0,maund/acre,2022-23(1).pdf,189,previous_year
Layyah,Layyah,Guava,2021-22,Kharif,9.785556,99.0,maund/acre,2022-23(1).pdf,189,previous_year
Lodhran,Lodhran,Guava,2021-22,Kharif,10.675152,108.0,maund/acre,2022-23(1).pdf,189,previous_year
Mandi Bahauddin,M.B.Din,Guava,2021-22,Kharif,12.157812,123.0,maund/acre,2022-23(1).pdf,189,previous_year
Mianwali,Mianwali,Guava,2021-22,Kharif,9.489024,96.0,maund/acre,2022-23(1).pdf,189,previous_year
Multan,Multan,Guava,2021-22,Kharif,8.500584,86.0,maund/acre,2022-23(1).pdf,189,previous_year
Muzaffargarh,Muzaffargarh,Guava,2021-22,Kharif,17.396544,176.0,maund/acre,2022-23(1).pdf,189,previous_year
Nankana Sahib,Nankana Sahib,Guava,2021-22,Kharif,33.804648,342.0,maund/acre,2022-23(1).pdf,189,previous_year
Narowal,Narowal,Guava,2021-22,Kharif,10.477464,106.0,maund/acre,2022-23(1).pdf,189,previous_year
Okara,Okara,Guava,2021-22,Kharif,20.065332,203.0,maund/acre,2022-23(1).pdf,189,previous_year
Pakpattan,Pakpattan,Guava,2021-22,Kharif,14.8266,150.0,maund/acre,2022-23(1).pdf,189,previous_year
Rahim Yar Khan,Rahim Yar Khan,Guava,2021-22,Kharif,10.477464,106.0,maund/acre,2022-23(1).pdf,189,previous_year
Rajanpur,Rajan Pur,Guava,2021-22,Kharif,10.675152,108.0,maund/acre,2022-23(1).pdf,189,previous_year
Rawalpindi,Rawalpindi,Guava,2021-22,Kharif,5.732952,58.0,maund/acre,2022-23(1).pdf,189,previous_year
Sahiwal,Sahiwal,Guava,2021-22,Kharif,22.73412,230.0,maund/acre,2022-23(1).pdf,189,previous_year
Sargodha,Sargodha,Guava,2021-22,Kharif,8.006364,81.0,maund/acre,2022-23(1).pdf,189,previous_year
Sheikhupura,Sheikhupura,Guava,2021-22,Kharif,29.850888,302.0,maund/acre,2022-23(1).pdf,189,previous_year
Sialkot,Sialkot,Guava,2021-22,Kharif,13.146252,133.0,maund/acre,2022-23(1).pdf,189,previous_year
Toba Tek Singh,T.T. Singh,Guava,2021-22,Kharif,15.221976,154.0,maund/acre,2022-23(1).pdf,189,previous_year
Vehari,Vehari,Guava,2021-22,Kharif,13.146252,133.0,maund/acre,2022-23(1).pdf,189,previous_year
Attock,Attock,Jowar,2021-22,Kharif,0.49422,5.0,maund/acre,2022-23(1).pdf,51,previous_year
Bahawalpur,Bahawalpur,Jowar,2021-22,Kharif,0.415145,4.2,maund/acre,2022-23(1).pdf,51,previous_year
Chakwal,Chakwal,Jowar,2021-22,Kharif,0.187804,1.9,maund/acre,2022-23(1).pdf,51,previous_year
Chiniot,Chiniot,Jowar,2021-22,Kharif,0.909365,9.2,maund/acre,2022-23(1).pdf,51,previous_year
Gujrat,Gujrat,Jowar,2021-22,Kharif,0.869827,8.8,maund/acre,2022-23(1).pdf,51,previous_year
Hafizabad,Hafizabad,Jowar,2021-22,Kharif,0.602948,6.1,maund/acre,2022-23(1).pdf,51,previous_year
Jhang,Jhang,Jowar,2021-22,Kharif,0.800636,8.1,maund/acre,2022-23(1).pdf,51,previous_year
Khanewal,Khanewal,Jowar,2021-22,Kharif,0.573295,5.8,maund/acre,2022-23(1).pdf,51,previous_year
Layyah,Layyah,Jowar,2021-22,Kharif,0.425029,4.3,maund/acre,2022-23(1).pdf,51,previous_year
Mandi Bahauddin,M.B. Din,Jowar,2021-22,Kharif,0.810521,8.2,maund/acre,2022-23(1).pdf,51,previous_year
Mianwali,Mianwali,Jowar,2021-22,Kharif,0.612833,6.2,maund/acre,2022-23(1).pdf,51,previous_year
Multan,Multan,Jowar,2021-22,Kharif,0.602948,6.1,maund/acre,2022-23(1).pdf,51,previous_year
Rahim Yar Khan,Rahim Yar Khan,Jowar,2021-22,Kharif,0.800636,8.1,maund/acre,2022-23(1).pdf,51,previous_year
Rajanpur,Rajan Pur,Jowar,2021-22,Kharif,0.751214,7.6,maund/acre,2022-23(1).pdf,51,previous_year
Rawalpindi,Rawalpindi,Jowar,2021-22,Kharif,0.543642,5.5,maund/acre,2022-23(1).pdf,51,previous_year
Toba Tek Singh,T.T. Singh,Jowar,2021-22,Kharif,1.225666,12.4,maund/acre,2022-23(1).pdf,51,previous_year
Vehari,Vehari,Jowar,2021-22,Kharif,1.14659,11.6,maund/acre,2022-23(1).pdf,51,previous_year
Attock,Attock,Kharif Fodder,2021-22,Kharif,22.536432,228.0,maund/acre,2022-23(1).pdf,111,previous_year
Bahawalnagar,Bahawalnagar,Kharif Fodder,2021-22,Kharif,46.654368,472.0,maund/acre,2022-23(1).pdf,111,previous_year
Bahawalpur,Bahawalpur,Kharif Fodder,2021-22,Kharif,36.374592,368.0,maund/acre,2022-23(1).pdf,111,previous_year
Bhakkar,Bhakkar,Kharif Fodder,2021-22,Kharif,33.903492,343.0,maund/acre,2022-23(1).pdf,111,previous_year
Chakwal,Chakwal,Kharif Fodder,2021-22,Kharif,17.79192,180.0,maund/acre,2022-23(1).pdf,111,previous_year
Chiniot,Chiniot,Kharif Fodder,2021-22,Kharif,33.804648,342.0,maund/acre,2022-23(1).pdf,111,previous_year
Dera Ghazi Khan,D.G. Khan,Kharif Fodder,2021-22,Kharif,26.292504,266.0,maund/acre,2022-23(1).pdf,111,previous_year
Faisalabad,Faisalabad,Kharif Fodder,2021-22,Kharif,38.153784,386.0,maund/acre,2022-23(1).pdf,111,previous_year
Gujranwala,Gujranwala,Kharif Fodder,2021-22,Kharif,35.484996,359.0,maund/acre,2022-23(1).pdf,111,previous_year
Gujrat,Gujrat,Kharif Fodder,2021-22,Kharif,32.816208,332.0,maund/acre,2022-23(1).pdf,111,previous_year
Hafizabad,Hafizabad,Kharif Fodder,2021-22,Kharif,42.0087,425.0,maund/acre,2022-23(1).pdf,111,previous_year
Islamabad,Islamabad,Kharif Fodder,2021-22,Kharif,18.088452,183.0,maund/acre,2022-23(1).pdf,111,previous_year
Jhang,Jhang,Kharif Fodder,2021-22,Kharif,41.712168,422.0,maund/acre,2022-23(1).pdf,111,previous_year
Jhelum,Jhelum,Kharif Fodder,2021-22,Kharif,33.705804,341.0,maund/acre,2022-23(1).pdf,111,previous_year
Kasur,Kasur,Kharif Fodder,2021-22,Kharif,42.799452,433.0,maund/acre,2022-23(1).pdf,111,previous_year
Khanewal,Khanewal,Kharif Fodder,2021-22,Kharif,34.990776,354.0,maund/acre,2022-23(1).pdf,111,previous_year
Khushab,Khushab,Kharif Fodder,2021-22,Kharif,20.559552,208.0,maund/acre,2022-23(1).pdf,111,previous_year
Lahore,Lahore,Kharif Fodder,2021-22,Kharif,35.58384,360.0,maund/acre,2022-23(1).pdf,111,previous_year
Layyah,Layyah,Kharif Fodder,2021-22,Kharif,18.582672,188.0,maund/acre,2022-23(1).pdf,111,previous_year
Lodhran,Lodhran,Kharif Fodder,2021-22,Kharif,39.04338,395.0,maund/acre,2022-23(1).pdf,111,previous_year
Mandi Bahauddin,M.B. Din,Kharif Fodder,2021-22,Kharif,36.868812,373.0,maund/acre,2022-23(1).pdf,111,previous_year
Mianwali,Mianwali,Kharif Fodder,2021-22,Kharif,22.338744,226.0,maund/acre,2022-23(1).pdf,111,previous_year
Multan,Multan,Kharif Fodder,2021-22,Kharif,39.339912,398.0,maund/acre,2022-23(1).pdf,111,previous_year
Muzaffargarh,Muzzafargargh,Kharif Fodder,2021-22,Kharif,34.002336,344.0,maund/acre,2022-23(1).pdf,111,previous_year
Nankana Sahib,Nankana Sahib,Kharif Fodder,2021-22,Kharif,41.415636,419.0,maund/acre,2022-23(1).pdf,111,previous_year
Narowal,Narowal,Kharif Fodder,2021-22,Kharif,24.019092,243.0,maund/acre,2022-23(1).pdf,111,previous_year
Okara,Okara,Kharif Fodder,2021-22,Kharif,43.590204,441.0,maund/acre,2022-23(1).pdf,111,previous_year
Pakpattan,Pakpattan,Kharif Fodder,2021-22,Kharif,44.677488,452.0,maund/acre,2022-23(1).pdf,111,previous_year
Rahim Yar Khan,Rahim Yar Khan,Kharif Fodder,2021-22,Kharif,56.934144,576.0,maund/acre,2022-23(1).pdf,111,previous_year
Rajanpur,Rajan Pur,Kharif Fodder,2021-22,Kharif,28.467072,288.0,maund/acre,2022-23(1).pdf,111,previous_year
Rawalpindi,Rawalpindi,Kharif Fodder,2021-22,Kharif,19.076892,193.0,maund/acre,2022-23(1).pdf,111,previous_year
Sahiwal,Sahiwal,Kharif Fodder,2021-22,Kharif,43.886736,444.0,maund/acre,2022-23(1).pdf,111,previous_year
Sargodha,Sargodha,Kharif Fodder,2021-22,Kharif,33.211584,336.0,maund/acre,2022-23(1).pdf,111,previous_year
Sheikhupura,Sheikhupura,Kharif Fodder,2021-22,Kharif,42.206388,427.0,maund/acre,2022-23(1).pdf,111,previous_year
Sialkot,Sialkot,Kharif Fodder,2021-22,Kharif,35.08962,355.0,maund/acre,2022-23(1).pdf,111,previous_year
Toba Tek Singh,T.T. Singh,Kharif Fodder,2021-22,Kharif,43.787892,443.0,maund/acre,2022-23(1).pdf,111,previous_year
Vehari,Vehari,Kharif Fodder,2021-22,Kharif,45.567084,461.0,maund/acre,2022-23(1).pdf,111,previous_year
Attock,Attock,Ladyfinger,2021-22,Kharif,16.902324,171.0,maund/acre,2022-23(1).pdf,59,previous_year
Bahawalnagar,Bahawalnagar,Ladyfinger,2021-22,Kharif,11.268216,114.0,maund/acre,2022-23(1).pdf,59,previous_year
Bahawalpur,Bahawalpur,Ladyfinger,2021-22,Kharif,10.971684,111.0,maund/acre,2022-23(1).pdf,59,previous_year
Bhakkar,Bhakkar,Ladyfinger,2021-22,Kharif,4.546824,46.0,maund/acre,2022-23(1).pdf,59,previous_year
Chakwal,Chakwal,Ladyfinger,2021-22,Kharif,9.39018,95.0,maund/acre,2022-23(1).pdf,59,previous_year
Chiniot,Chiniot,Ladyfinger,2021-22,Kharif,8.500584,86.0,maund/acre,2022-23(1).pdf,59,previous_year
Dera Ghazi Khan,D.G. Khan,Ladyfinger,2021-22,Kharif,16.012728,162.0,maund/acre,2022-23(1).pdf,59,previous_year
Faisalabad,Faisalabad,Ladyfinger,2021-22,Kharif,16.111572,163.0,maund/acre,2022-23(1).pdf,59,previous_year
Gujranwala,Gujranwala,Ladyfinger,2021-22,Kharif,10.279776,104.0,maund/acre,2022-23(1).pdf,59,previous_year
Gujrat,Gujrat,Ladyfinger,2021-22,Kharif,11.268216,114.0,maund/acre,2022-23(1).pdf,59,previous_year
Hafizabad,Hafizabad,Ladyfinger,2021-22,Kharif,5.831796,59.0,maund/acre,2022-23(1).pdf,59,previous_year
Islamabad,Islamabad,Ladyfinger,2021-22,Kharif,14.530068,147.0,maund/acre,2022-23(1).pdf,59,previous_year
Jhang,Jhang,Ladyfinger,2021-22,Kharif,7.017924,71.0,maund/acre,2022-23(1).pdf,59,previous_year
Jhelum,Jhelum,Ladyfinger,2021-22,Kharif,12.750876,129.0,maund/acre,2022-23(1).pdf,59,previous_year
Kasur,Kasur,Ladyfinger,2021-22,Kharif,13.541628,137.0,maund/acre,2022-23(1).pdf,59,previous_year
Khanewal,Khanewal,Ladyfinger,2021-22,Kharif,8.797116,89.0,maund/acre,2022-23(1).pdf,59,previous_year
Khushab,Khushab,Ladyfinger,2021-22,Kharif,8.994804,91.0,maund/acre,2022-23(1).pdf,59,previous_year
Lahore,Lahore,Ladyfinger,2021-22,Kharif,11.169372,113.0,maund/acre,2022-23(1).pdf,59,previous_year
Lodhran,Lodhran,Ladyfinger,2021-22,Kharif,10.576308,107.0,maund/acre,2022-23(1).pdf,59,previous_year
Mandi Bahauddin,M.B. Din,Ladyfinger,2021-22,Kharif,16.80348,170.0,maund/acre,2022-23(1).pdf,59,previous_year
Mianwali,Mianwali,Ladyfinger,2021-22,Kharif,12.84972,130.0,maund/acre,2022-23(1).pdf,59,previous_year
Multan,Multan,Ladyfinger,2021-22,Kharif,21.646836,219.0,maund/acre,2022-23(1).pdf,59,previous_year
Muzaffargarh,Muzaffargarh,Ladyfinger,2021-22,Kharif,10.477464,106.0,maund/acre,2022-23(1).pdf,59,previous_year
Nankana Sahib,Nankana Sahib,Ladyfinger,2021-22,Kharif,19.669956,199.0,maund/acre,2022-23(1).pdf,59,previous_year
Narowal,Narowal,Ladyfinger,2021-22,Kharif,8.302896,84.0,maund/acre,2022-23(1).pdf,59,previous_year
Okara,Okara,Ladyfinger,2021-22,Kharif,14.33238,145.0,maund/acre,2022-23(1).pdf,59,previous_year
Pakpattan,Pakpattan,Ladyfinger,2021-22,Kharif,10.082088,102.0,maund/acre,2022-23(1).pdf,59,previous_year
Rahim Yar Khan,Rahim Yar Khan,Ladyfinger,2021-22,Kharif,21.844524,221.0,maund/acre,2022-23(1).pdf,59,previous_year
Rajanpur,Rajan Pur,Ladyfinger,2021-22,Kharif,6.128328,62.0,maund/acre,2022-23(1).pdf,59,previous_year
Rawalpindi,Rawalpindi,Ladyfinger,2021-22,Kharif,14.925444,151.0,maund/acre,2022-23(1).pdf,59,previous_year
Sahiwal,Sahiwal,Ladyfinger,2021-22,Kharif,14.925444,151.0,maund/acre,2022-23(1).pdf,59,previous_year
Sargodha,Sargodha,Ladyfinger,2021-22,Kharif,11.663592,118.0,maund/acre,2022-23(1).pdf,59,previous_year
Sheikhupura,Sheikhupura,Ladyfinger,2021-22,Kharif,8.89596,90.0,maund/acre,2022-23(1).pdf,59,previous_year
Sialkot,Sialkot,Ladyfinger,2021-22,Kharif,10.773996,109.0,maund/acre,2022-23(1).pdf,59,previous_year
Toba Tek Singh,T.T. Singh,Ladyfinger,2021-22,Kharif,19.175736,194.0,maund/acre,2022-23(1).pdf,59,previous_year
Vehari,Vehari,Ladyfinger,2021-22,Kharif,14.628912,148.0,maund/acre,2022-23(1).pdf,59,previous_year
Chiniot,Chiniot,Litchi,2021-22,Kharif,0.197688,2.0,maund/acre,2022-23(1).pdf,105,previous_year
Gujranwala,Gujranwala,Litchi,2021-22,Kharif,0.296532,3.0,maund/acre,2022-23(1).pdf,105,previous_year
Hafizabad,Hafizabad,Litchi,2021-22,Kharif,4.448,4448.0,kg/ha,2022-23(1).pdf,106,previous_year
Jhang,Jhang,Litchi,2021-22,Kharif,0.098844,1.0,maund/acre,2022-23(1).pdf,105,previous_year
Kasur,Kasur,Litchi,2021-22,Kharif,1.087284,11.0,maund/acre,2022-23(1).pdf,105,previous_year
Khanewal,Khanewal,Litchi,2021-22,Kharif,0.790752,8.0,maund/acre,2022-23(1).pdf,105,previous_year
Lahore,Lahore,Litchi,2021-22,Kharif,0.197688,2.0,maund/acre,2022-23(1).pdf,105,previous_year
Mandi Bahauddin,M.B. Din,Litchi,2021-22,Kharif,0.098844,1.0,maund/acre,2022-23(1).pdf,105,previous_year
Multan,Multan,Litchi,2021-22,Kharif,4.250292,43.0,maund/acre,2022-23(1).pdf,105,previous_year
Nankana Sahib,Nankana Sahib,Litchi,2021-22,Kharif,3.45954,35.0,maund/acre,2022-23(1).pdf,105,previous_year
Narowal,Narowal,Litchi,2021-22,Kharif,0.395376,4.0,maund/acre,2022-23(1).pdf,105,previous_year
Okara,Okara,Litchi,2021-22,Kharif,0.197688,2.0,maund/acre,2022-23(1).pdf,105,previous_year
Pakpattan,Pakpattan,Litchi,2021-22,Kharif,0.691908,7.0,maund/acre,2022-23(1).pdf,105,previous_year
Sahiwal,Sahiwal,Litchi,2021-22,Kharif,2.4711,25.0,maund/acre,2022-23(1).pdf,105,previous_year
Sheikhupura,Sheikhupura,Litchi,2021-22,Kharif,8.204052,83.0,maund/acre,2022-23(1).pdf,105,previous_year
Sialkot,Sialkot,Litchi,2021-22,Kharif,7.808676,79.0,maund/acre,2022-23(1).pdf,105,previous_year
Vehari,Vehari,Litchi,2021-22,Kharif,0.197688,2.0,maund/acre,2022-23(1).pdf,105,previous_year
Bahawalpur,Bahawalpur,Long Melon,2021-22,Kharif,14.134692,143.0,maund/acre,2022-23(1).pdf,75,previous_year
Bhakkar,Bhakkar,Long Melon,2021-22,Kharif,6.029484,61.0,maund/acre,2022-23(1).pdf,75,previous_year
Chiniot,Chiniot,Long Melon,2021-22,Kharif,6.227172,63.0,maund/acre,2022-23(1).pdf,75,previous_year
Faisalabad,Faisalabad,Long Melon,2021-22,Kharif,5.831796,59.0,maund/acre,2022-23(1).pdf,75,previous_year
Gujranwala,Gujranwala,Long Melon,2021-22,Kharif,7.90752,80.0,maund/acre,2022-23(1).pdf,75,previous_year
Hafizabad,Hafizabad,Long Melon,2021-22,Kharif,8.994804,91.0,maund/acre,2022-23(1).pdf,75,previous_year
Jhang,Jhang,Long Melon,2021-22,Kharif,7.017924,71.0,maund/acre,2022-23(1).pdf,75,previous_year
Kasur,Kasur,Long Melon,2021-22,Kharif,5.337576,54.0,maund/acre,2022-23(1).pdf,75,previous_year
Khanewal,Khanewal,Long Melon,2021-22,Kharif,7.512144,76.0,maund/acre,2022-23(1).pdf,75,previous_year
Lahore,Lahore,Long Melon,2021-22,Kharif,9.686712,98.0,maund/acre,2022-23(1).pdf,75,previous_year
Lodhran,Lodhran,Long Melon,2021-22,Kharif,6.42486,65.0,maund/acre,2022-23(1).pdf,75,previous_year
Mandi Bahauddin,M.B. Din,Long Melon,2021-22,Kharif,7.116768,72.0,maund/acre,2022-23(1).pdf,75,previous_year
Mianwali,Mianwali,Long Melon,2021-22,Kharif,5.535264,56.0,maund/acre,2022-23(1).pdf,75,previous_year
Multan,Multan,Long Melon,2021-22,Kharif,7.4133,75.0,maund/acre,2022-23(1).pdf,75,previous_year
Nankana Sahib,Nankana Sahib,Long Melon,2021-22,Kharif,7.808676,79.0,maund/acre,2022-23(1).pdf,75,previous_year
Narowal,Narowal,Long Melon,2021-22,Kharif,9.39018,95.0,maund/acre,2022-23(1).pdf,75,previous_year
Okara,Okara,Long Melon,2021-22,Kharif,9.093648,92.0,maund/acre,2022-23(1).pdf,75,previous_year
Pakpattan,Pakpattan,Long Melon,2021-22,Kharif,9.785556,99.0,maund/acre,2022-23(1).pdf,75,previous_year
Rahim Yar Khan,Rahim Yar Khan,Long Melon,2021-22,Kharif,11.36706,115.0,maund/acre,2022-23(1).pdf,75,previous_year
Sahiwal,Sahiwal,Long Melon,2021-22,Kharif,9.192492,93.0,maund/acre,2022-23(1).pdf,75,previous_year
Sargodha,Sargodha,Long Melon,2021-22,Kharif,6.622548,67.0,maund/acre,2022-23(1).pdf,75,previous_year
Sheikhupura,Sheikhupura,Long Melon,2021-22,Kharif,9.093648,92.0,maund/acre,2022-23(1).pdf,75,previous_year
Sialkot,Sialkot,Long Melon,2021-22,Kharif,8.204052,83.0,maund/acre,2022-23(1).pdf,75,previous_year
Toba Tek Singh,T.T. Singh,Long Melon,2021-22,Kharif,7.215612,73.0,maund/acre,2022-23(1).pdf,75,previous_year
Bahawalnagar,Bahawalnagar,Lufa,2021-22,Kharif,11.762436,119.0,maund/acre,2022-23(1).pdf,73,previous_year
Bahawalpur,Bahawalpur,Lufa,2021-22,Kharif,17.79192,180.0,maund/acre,2022-23(1).pdf,73,previous_year
Bhakkar,Bhakkar,Lufa,2021-22,Kharif,20.559552,208.0,maund/acre,2022-23(1).pdf,73,previous_year
Chiniot,Chiniot,Lufa,2021-22,Kharif,12.157812,123.0,maund/acre,2022-23(1).pdf,73,previous_year
Dera Ghazi Khan,D.G. Khan,Lufa,2021-22,Kharif,8.797116,89.0,maund/acre,2022-23(1).pdf,73,previous_year
Faisalabad,Faisalabad,Lufa,2021-22,Kharif,15.81504,160.0,maund/acre,2022-23(1).pdf,73,previous_year
Gujranwala,Gujranwala,Lufa,2021-22,Kharif,9.8844,100.0,maund/acre,2022-23(1).pdf,73,previous_year
Gujrat,Gujrat,Lufa,2021-22,Kharif,10.675152,108.0,maund/acre,2022-23(1).pdf,73,previous_year
Islamabad,Islamabad,Lufa,2021-22,Kharif,11.86128,120.0,maund/acre,2022-23(1).pdf,73,previous_year
Jhang,Jhang,Lufa,2021-22,Kharif,8.40174,85.0,maund/acre,2022-23(1).pdf,73,previous_year
Jhelum,Jhelum,Lufa,2021-22,Kharif,12.3555,125.0,maund/acre,2022-23(1).pdf,73,previous_year
Kasur,Kasur,Lufa,2021-22,Kharif,25.798284,261.0,maund/acre,2022-23(1).pdf,73,previous_year
Khanewal,Khanewal,Lufa,2021-22,Kharif,11.36706,115.0,maund/acre,2022-23(1).pdf,73,previous_year
Lahore,Lahore,Lufa,2021-22,Kharif,8.89596,90.0,maund/acre,2022-23(1).pdf,73,previous_year
Lodhran,Lodhran,Lufa,2021-22,Kharif,22.635276,229.0,maund/acre,2022-23(1).pdf,73,previous_year
Mandi Bahauddin,M.B. Din,Lufa,2021-22,Kharif,10.576308,107.0,maund/acre,2022-23(1).pdf,73,previous_year
Mianwali,Mianwali,Lufa,2021-22,Kharif,4.44798,45.0,maund/acre,2022-23(1).pdf,73,previous_year
Multan,Multan,Lufa,2021-22,Kharif,11.762436,119.0,maund/acre,2022-23(1).pdf,73,previous_year
Muzaffargarh,Muzaffargarh,Lufa,2021-22,Kharif,11.960124,121.0,maund/acre,2022-23(1).pdf,73,previous_year
Nankana Sahib,Nankana Sahib,Lufa,2021-22,Kharif,19.966488,202.0,maund/acre,2022-23(1).pdf,73,previous_year
Narowal,Narowal,Lufa,2021-22,Kharif,8.204052,83.0,maund/acre,2022-23(1).pdf,73,previous_year
Okara,Okara,Lufa,2021-22,Kharif,11.36706,115.0,maund/acre,2022-23(1).pdf,73,previous_year
Pakpattan,Pakpattan,Lufa,2021-22,Kharif,11.960124,121.0,maund/acre,2022-23(1).pdf,73,previous_year
Rahim Yar Khan,Rahim Yar Khan,Lufa,2021-22,Kharif,18.879204,191.0,maund/acre,2022-23(1).pdf,73,previous_year
Rajanpur,Rajan Pur,Lufa,2021-22,Kharif,5.238732,53.0,maund/acre,2022-23(1).pdf,73,previous_year
Rawalpindi,Rawalpindi,Lufa,2021-22,Kharif,5.93064,60.0,maund/acre,2022-23(1).pdf,73,previous_year
Sahiwal,Sahiwal,Lufa,2021-22,Kharif,8.797116,89.0,maund/acre,2022-23(1).pdf,73,previous_year
Sargodha,Sargodha,Lufa,2021-22,Kharif,14.035848,142.0,maund/acre,2022-23(1).pdf,73,previous_year
Sheikhupura,Sheikhupura,Lufa,2021-22,Kharif,10.675152,108.0,maund/acre,2022-23(1).pdf,73,previous_year
Sialkot,Sialkot,Lufa,2021-22,Kharif,9.895,9895.0,kg/ha,2022-23(1).pdf,74,previous_year
Toba Tek Singh,T.T. Singh,Lufa,2021-22,Kharif,5.041044,51.0,maund/acre,2022-23(1).pdf,73,previous_year
Vehari,Vehari,Lufa,2021-22,Kharif,16.111572,163.0,maund/acre,2022-23(1).pdf,73,previous_year
Attock,Attock,Maize (Autumn),2021-22,Kharif,4.440072,44.92,maund/acre,2022-23(1).pdf,14,previous_year
Bahawalnagar,Bahawalnagar,Maize (Autumn),2021-22,Kharif,6.654178,67.32,maund/acre,2022-23(1).pdf,14,previous_year
Bahawalpur,Bahawalpur,Maize (Autumn),2021-22,Kharif,6.794537,68.74,maund/acre,2022-23(1).pdf,14,previous_year
Chakwal,Chakwal,Maize (Autumn),2021-22,Kharif,2.24277,22.69,maund/acre,2022-23(1).pdf,14,previous_year
Chiniot,Chiniot,Maize (Autumn),2021-22,Kharif,7.2423,73.27,maund/acre,2022-23(1).pdf,14,previous_year
Dera Ghazi Khan,D.G. Khan,Maize (Autumn),2021-22,Kharif,4.9422,50.0,maund/acre,2022-23(1).pdf,14,previous_year
Faisalabad,Faisalabad,Maize (Autumn),2021-22,Kharif,6.699646,67.78,maund/acre,2022-23(1).pdf,14,previous_year
Gujranwala,Gujranwala,Maize (Autumn),2021-22,Kharif,4.9422,50.0,maund/acre,2022-23(1).pdf,14,previous_year
Jhang,Jhang,Maize (Autumn),2021-22,Kharif,5.18931,52.5,maund/acre,2022-23(1).pdf,14,previous_year
Jhelum,Jhelum,Maize (Autumn),2021-22,Kharif,6.274617,63.48,maund/acre,2022-23(1).pdf,14,previous_year
Kasur,Kasur,Maize (Autumn),2021-22,Kharif,7.281837,73.67,maund/acre,2022-23(1).pdf,14,previous_year
Khanewal,Khanewal,Maize (Autumn),2021-22,Kharif,6.720404,67.99,maund/acre,2022-23(1).pdf,14,previous_year
Lahore,Lahore,Maize (Autumn),2021-22,Kharif,7.90752,80.0,maund/acre,2022-23(1).pdf,14,previous_year
Lodhran,Lodhran,Maize (Autumn),2021-22,Kharif,9.136151,92.43,maund/acre,2022-23(1).pdf,14,previous_year
Multan,Multan,Maize (Autumn),2021-22,Kharif,6.571149,66.48,maund/acre,2022-23(1).pdf,14,previous_year
Muzaffargarh,Muzzafargargh,Maize (Autumn),2021-22,Kharif,6.399161,64.74,maund/acre,2022-23(1).pdf,14,previous_year
Nankana Sahib,Nankana Sahib,Maize (Autumn),2021-22,Kharif,6.65912,67.37,maund/acre,2022-23(1).pdf,14,previous_year
Narowal,Narowal,Maize (Autumn),2021-22,Kharif,7.4133,75.0,maund/acre,2022-23(1).pdf,14,previous_year
Okara,Okara,Maize (Autumn),2021-22,Kharif,6.388288,64.63,maund/acre,2022-23(1).pdf,14,previous_year
Pakpattan,Pakpattan,Maize (Autumn),2021-22,Kharif,6.781687,68.61,maund/acre,2022-23(1).pdf,14,previous_year
Rahim Yar Khan,Rahim Yar Khan,Maize (Autumn),2021-22,Kharif,7.048566,71.31,maund/acre,2022-23(1).pdf,14,previous_year
Rawalpindi,Rawalpindi,Maize (Autumn),2021-22,Kharif,2.087585,21.12,maund/acre,2022-23(1).pdf,14,previous_year
Sahiwal,Sahiwal,Maize (Autumn),2021-22,Kharif,6.261767,63.35,maund/acre,2022-23(1).pdf,14,previous_year
Sargodha,Sargodha,Maize (Autumn),2021-22,Kharif,5.819935,58.88,maund/acre,2022-23(1).pdf,14,previous_year
Sialkot,Sialkot,Maize (Autumn),2021-22,Kharif,6.67197,67.5,maund/acre,2022-23(1).pdf,14,previous_year
Toba Tek Singh,T.T. Singh,Maize (Autumn),2021-22,Kharif,5.888137,59.57,maund/acre,2022-23(1).pdf,14,previous_year
Vehari,Vehari,Maize (Autumn),2021-22,Kharif,7.235381,73.2,maund/acre,2022-23(1).pdf,14,previous_year
Bahawalnagar,Bahawalnagar,Maize (Spring),2021-22,Kharif,7.76815,78.59,maund/acre,2022-23(1).pdf,126,previous_year
Bahawalpur,Bahawalpur,Maize (Spring),2021-22,Kharif,6.248918,63.22,maund/acre,2022-23(1).pdf,126,previous_year
Chakwal,Chakwal,Maize (Spring),2021-22,Kharif,2.668788,27.0,maund/acre,2022-23(1).pdf,126,previous_year
Chiniot,Chiniot,Maize (Spring),2021-22,Kharif,8.86433,89.68,maund/acre,2022-23(1).pdf,126,previous_year
Faisalabad,Faisalabad,Maize (Spring),2021-22,Kharif,6.661097,67.39,maund/acre,2022-23(1).pdf,126,previous_year
Gujranwala,Gujranwala,Maize (Spring),2021-22,Kharif,9.617521,97.3,maund/acre,2022-23(1).pdf,126,previous_year
Hafizabad,Hafizabad,Maize (Spring),2021-22,Kharif,4.9422,50.0,maund/acre,2022-23(1).pdf,126,previous_year
Jhang,Jhang,Maize (Spring),2021-22,Kharif,15.938595,161.25,maund/acre,2022-23(1).pdf,126,previous_year
Jhelum,Jhelum,Maize (Spring),2021-22,Kharif,9.602695,97.15,maund/acre,2022-23(1).pdf,126,previous_year
Kasur,Kasur,Maize (Spring),2021-22,Kharif,8.921659,90.26,maund/acre,2022-23(1).pdf,126,previous_year
Khanewal,Khanewal,Maize (Spring),2021-22,Kharif,7.510167,75.98,maund/acre,2022-23(1).pdf,126,previous_year
Lahore,Lahore,Maize (Spring),2021-22,Kharif,4.221627,42.71,maund/acre,2022-23(1).pdf,126,previous_year
Lodhran,Lodhran,Maize (Spring),2021-22,Kharif,5.865403,59.34,maund/acre,2022-23(1).pdf,126,previous_year
Mandi Bahauddin,M.B.Din,Maize (Spring),2021-22,Kharif,4.732651,47.88,maund/acre,2022-23(1).pdf,126,previous_year
Multan,Multan,Maize (Spring),2021-22,Kharif,6.028496,60.99,maund/acre,2022-23(1).pdf,126,previous_year
Muzaffargarh,Muzzafargargh,Maize (Spring),2021-22,Kharif,7.85711,79.49,maund/acre,2022-23(1).pdf,126,previous_year
Nankana Sahib,Nankana Sahib,Maize (Spring),2021-22,Kharif,8.860376,89.64,maund/acre,2022-23(1).pdf,126,previous_year
Okara,Okara,Maize (Spring),2021-22,Kharif,7.949034,80.42,maund/acre,2022-23(1).pdf,126,previous_year
Pakpattan,Pakpattan,Maize (Spring),2021-22,Kharif,8.161549,82.57,maund/acre,2022-23(1).pdf,126,previous_year
Rahim Yar Khan,Rahim Yar Khan,Maize (Spring),2021-22,Kharif,6.893381,69.74,maund/acre,2022-23(1).pdf,126,previous_year
Rawalpindi,RAWALPINDI DV:,Maize (Spring),2021-22,Kharif,9.443556,95.54,maund/acre,2022-23(1).pdf,126,previous_year
Sahiwal,Sahiwal,Maize (Spring),2021-22,Kharif,7.471618,75.59,maund/acre,2022-23(1).pdf,126,previous_year
Sargodha,Sargodha,Maize (Spring),2021-22,Kharif,4.672356,47.27,maund/acre,2022-23(1).pdf,126,previous_year
Sheikhupura,Sheikhupura,Maize (Spring),2021-22,Kharif,7.060427,71.43,maund/acre,2022-23(1).pdf,126,previous_year
Sialkot,Sialkot,Maize (Spring),2021-22,Kharif,9.989175,101.06,maund/acre,2022-23(1).pdf,126,previous_year
Talagang,Talagang,Maize (Spring),2021-22,Kharif,2.010487,20.34,maund/acre,2022-23(1).pdf,126,previous_year
Toba Tek Singh,T.T. Singh,Maize (Spring),2021-22,Kharif,7.379693,74.66,maund/acre,2022-23(1).pdf,126,previous_year
Vehari,Vehari,Maize (Spring),2021-22,Kharif,6.76686,68.46,maund/acre,2022-23(1).pdf,126,previous_year
Wazirabad,Wazirabad,Maize (Spring),2021-22,Kharif,9.719331,98.33,maund/acre,2022-23(1).pdf,126,previous_year
Bahawalnagar,Bahawalnagar,Mango,2021-22,Kharif,9.489024,96.0,maund/acre,2022-23(1).pdf,97,previous_year
Bahawalpur,Bahawalpur,Mango,2021-22,Kharif,10.87284,110.0,maund/acre,2022-23(1).pdf,97,previous_year
Bhakkar,Bhakkar,Mango,2021-22,Kharif,5.634108,57.0,maund/acre,2022-23(1).pdf,97,previous_year
Chiniot,Chiniot,Mango,2021-22,Kharif,10.971684,111.0,maund/acre,2022-23(1).pdf,97,previous_year
Dera Ghazi Khan,D.G. Khan,Mango,2021-22,Kharif,11.070528,112.0,maund/acre,2022-23(1).pdf,97,previous_year
Faisalabad,Faisalabad,Mango,2021-22,Kharif,11.070528,112.0,maund/acre,2022-23(1).pdf,97,previous_year
Gujranwala,Gujranwala,Mango,2021-22,Kharif,5.93064,60.0,maund/acre,2022-23(1).pdf,97,previous_year
Gujrat,Gujrat,Mango,2021-22,Kharif,6.91908,70.0,maund/acre,2022-23(1).pdf,97,previous_year
Hafizabad,Hafizabad,Mango,2021-22,Kharif,8.204052,83.0,maund/acre,2022-23(1).pdf,97,previous_year
Jhang,Jhang,Mango,2021-22,Kharif,11.169372,113.0,maund/acre,2022-23(1).pdf,97,previous_year
Jhelum,Jhelum,Mango,2021-22,Kharif,7.215612,73.0,maund/acre,2022-23(1).pdf,97,previous_year
Kasur,Kasur,Mango,2021-22,Kharif,9.39018,95.0,maund/acre,2022-23(1).pdf,97,previous_year
Khanewal,Khanewal,Mango,2021-22,Kharif,13.541628,137.0,maund/acre,2022-23(1).pdf,97,previous_year
Khushab,Khushab,Mango,2021-22,Kharif,6.128328,62.0,maund/acre,2022-23(1).pdf,97,previous_year
Lahore,Lahore,Mango,2021-22,Kharif,13.937004,141.0,maund/acre,2022-23(1).pdf,97,previous_year
Layyah,Layyah,Mango,2021-22,Kharif,12.454344,126.0,maund/acre,2022-23(1).pdf,97,previous_year
Lodhran,Lodhran,Mango,2021-22,Kharif,12.454344,126.0,maund/acre,2022-23(1).pdf,97,previous_year
Mandi Bahauddin,M.B. Din,Mango,2021-22,Kharif,12.84972,130.0,maund/acre,2022-23(1).pdf,97,previous_year
Mianwali,Mianwali,Mango,2021-22,Kharif,16.506948,167.0,maund/acre,2022-23(1).pdf,97,previous_year
Multan,Multan,Mango,2021-22,Kharif,11.268216,114.0,maund/acre,2022-23(1).pdf,97,previous_year
Muzaffargarh,Muzaffargarh,Mango,2021-22,Kharif,19.076892,193.0,maund/acre,2022-23(1).pdf,97,previous_year
Nankana Sahib,Nankana Sahib,Mango,2021-22,Kharif,9.291336,94.0,maund/acre,2022-23(1).pdf,97,previous_year
Narowal,Narowal,Mango,2021-22,Kharif,4.546824,46.0,maund/acre,2022-23(1).pdf,97,previous_year
Okara,Okara,Mango,2021-22,Kharif,3.756072,38.0,maund/acre,2022-23(1).pdf,97,previous_year
Pakpattan,Pakpattan,Mango,2021-22,Kharif,16.012728,162.0,maund/acre,2022-23(1).pdf,97,previous_year
Rahim Yar Khan,Rahim Yar Khan,Mango,2021-22,Kharif,14.134692,143.0,maund/acre,2022-23(1).pdf,97,previous_year
Rajanpur,Rajan Pur,Mango,2021-22,Kharif,9.093648,92.0,maund/acre,2022-23(1).pdf,97,previous_year
Rawalpindi,RAWALPINDI DV:,Mango,2021-22,Kharif,7.215612,73.0,maund/acre,2022-23(1).pdf,97,previous_year
Sahiwal,Sahiwal,Mango,2021-22,Kharif,11.36706,115.0,maund/acre,2022-23(1).pdf,97,previous_year
Sargodha,Sargodha,Mango,2021-22,Kharif,8.994804,91.0,maund/acre,2022-23(1).pdf,97,previous_year
Sheikhupura,Sheikhupura,Mango,2021-22,Kharif,15.123132,153.0,maund/acre,2022-23(1).pdf,97,previous_year
Sialkot,Sialkot,Mango,2021-22,Kharif,7.90752,80.0,maund/acre,2022-23(1).pdf,97,previous_year
Toba Tek Singh,T.T. Singh,Mango,2021-22,Kharif,5.43642,55.0,maund/acre,2022-23(1).pdf,97,previous_year
Vehari,Vehari,Mango,2021-22,Kharif,13.146252,133.0,maund/acre,2022-23(1).pdf,97,previous_year
Gujrat,Gujrat,Mash,2021-22,Kharif,0.376596,3.81,maund/acre,2022-23(1).pdf,29,previous_year
Narowal,Narowal,Mash,2021-22,Kharif,0.321243,3.25,maund/acre,2022-23(1).pdf,29,previous_year
Attock,Attock,Masoor,2021-22,Rabi,1.156475,11.7,maund/acre,2022-23(1).pdf,155,previous_year
Bahawalpur,Bahawalpur,Masoor,2021-22,Rabi,0.504104,5.1,maund/acre,2022-23(1).pdf,155,previous_year
Bhakkar,Bhakkar,Masoor,2021-22,Rabi,0.375607,3.8,maund/acre,2022-23(1).pdf,155,previous_year
Chakwal,Chakwal,Masoor,2021-22,Rabi,0.563411,5.7,maund/acre,2022-23(1).pdf,155,previous_year
Faisalabad,Faisalabad,Masoor,2021-22,Rabi,0.820405,8.3,maund/acre,2022-23(1).pdf,155,previous_year
Gujranwala,Gujranwala,Masoor,2021-22,Rabi,0.464567,4.7,maund/acre,2022-23(1).pdf,155,previous_year
Gujrat,Gujrat,Masoor,2021-22,Rabi,0.306416,3.1,maund/acre,2022-23(1).pdf,155,previous_year
Jhelum,Jhelum,Masoor,2021-22,Rabi,0.296532,3.0,maund/acre,2022-23(1).pdf,155,previous_year
Mianwali,Mianwali,Masoor,2021-22,Rabi,0.711677,7.2,maund/acre,2022-23(1).pdf,155,previous_year
Narowal,Narowal,Masoor,2021-22,Rabi,0.602948,6.1,maund/acre,2022-23(1).pdf,155,previous_year
Rahim Yar Khan,Rahim Yar Khan,Masoor,2021-22,Rabi,0.859943,8.7,maund/acre,2022-23(1).pdf,155,previous_year
Rawalpindi,Rawalpindi,Masoor,2021-22,Rabi,0.296532,3.0,maund/acre,2022-23(1).pdf,155,previous_year
Toba Tek Singh,T.T. Singh,Masoor,2021-22,Rabi,0.563411,5.7,maund/acre,2022-23(1).pdf,155,previous_year
Attock,Attock,Moong,2021-22,Kharif,0.409214,4.14,maund/acre,2022-23(1).pdf,24,previous_year
Bahawalnagar,Bahawalnagar,Moong,2021-22,Kharif,0.829301,8.39,maund/acre,2022-23(1).pdf,24,previous_year
Bahawalpur,Bahawalpur,Moong,2021-22,Kharif,0.784821,7.94,maund/acre,2022-23(1).pdf,24,previous_year
Bhakkar,Bhakkar,Moong,2021-22,Kharif,0.829301,8.39,maund/acre,2022-23(1).pdf,24,previous_year
Chakwal,Chakwal,Moong,2021-22,Kharif,0.33607,3.4,maund/acre,2022-23(1).pdf,24,previous_year
Chiniot,Chiniot,Moong,2021-22,Kharif,1.204908,12.19,maund/acre,2022-23(1).pdf,24,previous_year
Dera Ghazi Khan,D.G. Khan,Moong,2021-22,Kharif,0.848082,8.58,maund/acre,2022-23(1).pdf,24,previous_year
Faisalabad,Faisalabad,Moong,2021-22,Kharif,0.907388,9.18,maund/acre,2022-23(1).pdf,24,previous_year
Jhang,Jhang,Moong,2021-22,Kharif,0.691908,7.0,maund/acre,2022-23(1).pdf,24,previous_year
Jhelum,Jhelum,Moong,2021-22,Kharif,0.374619,3.79,maund/acre,2022-23(1).pdf,24,previous_year
Kasur,Kasur,Moong,2021-22,Kharif,0.591087,5.98,maund/acre,2022-23(1).pdf,24,previous_year
Khanewal,Khanewal,Moong,2021-22,Kharif,0.745284,7.54,maund/acre,2022-23(1).pdf,24,previous_year
Khushab,Khushab,Moong,2021-22,Kharif,0.506081,5.12,maund/acre,2022-23(1).pdf,24,previous_year
Layyah,Layyah,Moong,2021-22,Kharif,1.113972,11.27,maund/acre,2022-23(1).pdf,24,previous_year
Lodhran,Lodhran,Moong,2021-22,Kharif,1.094203,11.07,maund/acre,2022-23(1).pdf,24,previous_year
Mianwali,Mianwali,Moong,2021-22,Kharif,0.906399,9.17,maund/acre,2022-23(1).pdf,24,previous_year
Multan,Multan,Moong,2021-22,Kharif,0.660278,6.68,maund/acre,2022-23(1).pdf,24,previous_year
Muzaffargarh,Muzzafargargh,Moong,2021-22,Kharif,0.959775,9.71,maund/acre,2022-23(1).pdf,24,previous_year
Okara,Okara,Moong,2021-22,Kharif,0.928145,9.39,maund/acre,2022-23(1).pdf,24,previous_year
Pakpattan,Pakpattan,Moong,2021-22,Kharif,0.699816,7.08,maund/acre,2022-23(1).pdf,24,previous_year
Rahim Yar Khan,Rahim Yar Khan,Moong,2021-22,Kharif,0.813486,8.23,maund/acre,2022-23(1).pdf,24,previous_year
Rajanpur,Rajan Pur,Moong,2021-22,Kharif,1.304741,13.2,maund/acre,2022-23(1).pdf,24,previous_year
Rawalpindi,RAWALPINDI DV:,Moong,2021-22,Kharif,0.359792,3.64,maund/acre,2022-23(1).pdf,24,previous_year
Sahiwal,Sahiwal,Moong,2021-22,Kharif,0.936053,9.47,maund/acre,2022-23(1).pdf,24,previous_year
Sargodha,Sargodha,Moong,2021-22,Kharif,0.564399,5.71,maund/acre,2022-23(1).pdf,24,previous_year
Sheikhupura,Sheikhupura,Moong,2021-22,Kharif,0.627659,6.35,maund/acre,2022-23(1).pdf,24,previous_year
Toba Tek Singh,T.T. Singh,Moong,2021-22,Kharif,1.027978,10.4,maund/acre,2022-23(1).pdf,24,previous_year
Vehari,Vehari,Moong,2021-22,Kharif,0.902446,9.13,maund/acre,2022-23(1).pdf,24,previous_year
Attock,Attock,Other Kharif Fruits,2021-22,Kharif,0.197688,2.0,maund/acre,2022-23(1).pdf,107,previous_year
Bahawalnagar,Bahawalnagar,Other Kharif Fruits,2021-22,Kharif,1.087284,11.0,maund/acre,2022-23(1).pdf,107,previous_year
Bahawalpur,Bahawalpur,Other Kharif Fruits,2021-22,Kharif,0.296532,3.0,maund/acre,2022-23(1).pdf,107,previous_year
Bhakkar,Bhakkar,Other Kharif Fruits,2021-22,Kharif,0.98844,10.0,maund/acre,2022-23(1).pdf,107,previous_year
Faisalabad,Faisalabad,Other Kharif Fruits,2021-22,Kharif,3.360696,34.0,maund/acre,2022-23(1).pdf,107,previous_year
Gujranwala,Gujranwala,Other Kharif Fruits,2021-22,Kharif,0.98844,10.0,maund/acre,2022-23(1).pdf,107,previous_year
Hafizabad,Hafizabad,Other Kharif Fruits,2021-22,Kharif,0.098844,1.0,maund/acre,2022-23(1).pdf,107,previous_year
Khanewal,Khanewal,Other Kharif Fruits,2021-22,Kharif,1.186128,12.0,maund/acre,2022-23(1).pdf,107,previous_year
Lodhran,Lodhran,Other Kharif Fruits,2021-22,Kharif,2.273412,23.0,maund/acre,2022-23(1).pdf,107,previous_year
Mandi Bahauddin,M.B.Din,Other Kharif Fruits,2021-22,Kharif,9.687,9687.0,kg/ha,2022-23(1).pdf,108,previous_year
Narowal,Narowal,Other Kharif Fruits,2021-22,Kharif,0.98844,10.0,maund/acre,2022-23(1).pdf,107,previous_year
Okara,Okara,Other Kharif Fruits,2021-22,Kharif,0.49422,5.0,maund/acre,2022-23(1).pdf,107,previous_year
Pakpattan,Pakpattan,Other Kharif Fruits,2021-22,Kharif,1.48266,15.0,maund/acre,2022-23(1).pdf,107,previous_year
Rawalpindi,RAWALPINDI DV:,Other Kharif Fruits,2021-22,Kharif,0.197688,2.0,maund/acre,2022-23(1).pdf,107,previous_year
Sahiwal,Sahiwal,Other Kharif Fruits,2021-22,Kharif,0.49422,5.0,maund/acre,2022-23(1).pdf,107,previous_year
Sargodha,Sargodha,Other Kharif Fruits,2021-22,Kharif,0.197688,2.0,maund/acre,2022-23(1).pdf,107,previous_year
Sialkot,Sialkot,Other Kharif Fruits,2021-22,Kharif,0.098844,1.0,maund/acre,2022-23(1).pdf,107,previous_year
Vehari,Vehari,Other Kharif Fruits,2021-22,Kharif,0.98844,10.0,maund/acre,2022-23(1).pdf,107,previous_year
Bahawalpur,Bahawalpur,Other Kharif Pulses,2021-22,Kharif,0.790752,8.0,maund/acre,2022-23(1).pdf,32,previous_year
Bhakkar,Bhakkar,Other Kharif Pulses,2021-22,Kharif,0.49422,5.0,maund/acre,2022-23(1).pdf,32,previous_year
Dera Ghazi Khan,D.G. Khan,Other Kharif Pulses,2021-22,Kharif,0.49422,5.0,maund/acre,2022-23(1).pdf,32,previous_year
Muzaffargarh,Muzaffargarh,Other Kharif Pulses,2021-22,Kharif,0.691908,7.0,maund/acre,2022-23(1).pdf,32,previous_year
Rahim Yar Khan,Rahim Yar Khan,Other Kharif Pulses,2021-22,Kharif,0.691908,7.0,maund/acre,2022-23(1).pdf,32,previous_year
Attock,Attock,Other Kharif Vegetables,2021-22,Kharif,10.87284,110.0,maund/acre,2022-23(1).pdf,89,previous_year
Bahawalnagar,Bahawalnagar,Other Kharif Vegetables,2021-22,Kharif,12.948564,131.0,maund/acre,2022-23(1).pdf,89,previous_year
Bahawalpur,Bahawalpur,Other Kharif Vegetables,2021-22,Kharif,11.070528,112.0,maund/acre,2022-23(1).pdf,89,previous_year
Bhakkar,Bhakkar,Other Kharif Vegetables,2021-22,Kharif,11.663592,118.0,maund/acre,2022-23(1).pdf,89,previous_year
Chiniot,Chiniot,Other Kharif Vegetables,2021-22,Kharif,13.937004,141.0,maund/acre,2022-23(1).pdf,89,previous_year
Faisalabad,Faisalabad,Other Kharif Vegetables,2021-22,Kharif,12.948564,131.0,maund/acre,2022-23(1).pdf,89,previous_year
Gujranwala,Gujranwala,Other Kharif Vegetables,2021-22,Kharif,9.785556,99.0,maund/acre,2022-23(1).pdf,89,previous_year
Gujrat,Gujrat,Other Kharif Vegetables,2021-22,Kharif,9.785556,99.0,maund/acre,2022-23(1).pdf,89,previous_year
Hafizabad,Hafizabad,Other Kharif Vegetables,2021-22,Kharif,8.698272,88.0,maund/acre,2022-23(1).pdf,89,previous_year
Islamabad,Islamabad,Other Kharif Vegetables,2021-22,Kharif,8.500584,86.0,maund/acre,2022-23(1).pdf,89,previous_year
Jhang,Jhang,Other Kharif Vegetables,2021-22,Kharif,12.948564,131.0,maund/acre,2022-23(1).pdf,89,previous_year
Kasur,Kasur,Other Kharif Vegetables,2021-22,Kharif,13.937004,141.0,maund/acre,2022-23(1).pdf,89,previous_year
Khanewal,Khanewal,Other Kharif Vegetables,2021-22,Kharif,13.83816,140.0,maund/acre,2022-23(1).pdf,89,previous_year
Khushab,Khushab,Other Kharif Vegetables,2021-22,Kharif,12.256656,124.0,maund/acre,2022-23(1).pdf,89,previous_year
Lahore,Lahore,Other Kharif Vegetables,2021-22,Kharif,13.739316,139.0,maund/acre,2022-23(1).pdf,89,previous_year
Lodhran,Lodhran,Other Kharif Vegetables,2021-22,Kharif,13.937004,141.0,maund/acre,2022-23(1).pdf,89,previous_year
Mandi Bahauddin,M.B. Din,Other Kharif Vegetables,2021-22,Kharif,9.983244,101.0,maund/acre,2022-23(1).pdf,89,previous_year
Mianwali,Mianwali,Other Kharif Vegetables,2021-22,Kharif,10.675152,108.0,maund/acre,2022-23(1).pdf,89,previous_year
Multan,Multan,Other Kharif Vegetables,2021-22,Kharif,13.83816,140.0,maund/acre,2022-23(1).pdf,89,previous_year
Muzaffargarh,Muzaffargarh,Other Kharif Vegetables,2021-22,Kharif,14.134692,143.0,maund/acre,2022-23(1).pdf,89,previous_year
Nankana Sahib,Nankana Sahib,Other Kharif Vegetables,2021-22,Kharif,13.640472,138.0,maund/acre,2022-23(1).pdf,89,previous_year
Narowal,Narowal,Other Kharif Vegetables,2021-22,Kharif,8.500584,86.0,maund/acre,2022-23(1).pdf,89,previous_year
Okara,Okara,Other Kharif Vegetables,2021-22,Kharif,12.750876,129.0,maund/acre,2022-23(1).pdf,89,previous_year
Pakpattan,Pakpattan,Other Kharif Vegetables,2021-22,Kharif,13.640472,138.0,maund/acre,2022-23(1).pdf,89,previous_year
Rahim Yar Khan,Rahim Yar Khan,Other Kharif Vegetables,2021-22,Kharif,12.750876,129.0,maund/acre,2022-23(1).pdf,89,previous_year
Rajanpur,Rajan Pur,Other Kharif Vegetables,2021-22,Kharif,14.33238,145.0,maund/acre,2022-23(1).pdf,89,previous_year
Rawalpindi,Rawalpindi,Other Kharif Vegetables,2021-22,Kharif,9.39018,95.0,maund/acre,2022-23(1).pdf,89,previous_year
Sahiwal,Sahiwal,Other Kharif Vegetables,2021-22,Kharif,11.86128,120.0,maund/acre,2022-23(1).pdf,89,previous_year
Sargodha,Sargodha,Other Kharif Vegetables,2021-22,Kharif,14.035848,142.0,maund/acre,2022-23(1).pdf,89,previous_year
Sheikhupura,Sheikhupura,Other Kharif Vegetables,2021-22,Kharif,14.727756,149.0,maund/acre,2022-23(1).pdf,89,previous_year
Sialkot,Sialkot,Other Kharif Vegetables,2021-22,Kharif,9.587868,97.0,maund/acre,2022-23(1).pdf,89,previous_year
Toba Tek Singh,T.T. Singh,Other Kharif Vegetables,2021-22,Kharif,12.256656,124.0,maund/acre,2022-23(1).pdf,89,previous_year
Vehari,Vehari,Other Kharif Vegetables,2021-22,Kharif,12.948564,131.0,maund/acre,2022-23(1).pdf,89,previous_year
Bahawalnagar,Bahawalnagar,Other Rabi Fruits,2021-22,Other/Perennial,7.4133,75.0,maund/acre,2022-23(1).pdf,205,previous_year
Bahawalpur,Bahawalpur,Other Rabi Fruits,2021-22,Other/Perennial,6.523704,66.0,maund/acre,2022-23(1).pdf,205,previous_year
Chiniot,Chiniot,Other Rabi Fruits,2021-22,Other/Perennial,5.43642,55.0,maund/acre,2022-23(1).pdf,205,previous_year
Dera Ghazi Khan,D.G. Khan,Other Rabi Fruits,2021-22,Other/Perennial,6.91908,70.0,maund/acre,2022-23(1).pdf,205,previous_year
Faisalabad,Faisalabad,Other Rabi Fruits,2021-22,Other/Perennial,6.42486,65.0,maund/acre,2022-23(1).pdf,205,previous_year
Jhang,Jhang,Other Rabi Fruits,2021-22,Other/Perennial,6.91908,70.0,maund/acre,2022-23(1).pdf,205,previous_year
Jhelum,Jhelum,Other Rabi Fruits,2021-22,Other/Perennial,4.44798,45.0,maund/acre,2022-23(1).pdf,205,previous_year
Kasur,Kasur,Other Rabi Fruits,2021-22,Other/Perennial,6.523704,66.0,maund/acre,2022-23(1).pdf,205,previous_year
Khanewal,Khanewal,Other Rabi Fruits,2021-22,Other/Perennial,6.91908,70.0,maund/acre,2022-23(1).pdf,205,previous_year
Khushab,Khushab,Other Rabi Fruits,2021-22,Other/Perennial,6.91908,70.0,maund/acre,2022-23(1).pdf,205,previous_year
Lahore,Lahore,Other Rabi Fruits,2021-22,Other/Perennial,5.831796,59.0,maund/acre,2022-23(1).pdf,205,previous_year
Lodhran,Lodhran,Other Rabi Fruits,2021-22,Other/Perennial,6.42486,65.0,maund/acre,2022-23(1).pdf,205,previous_year
Multan,Multan,Other Rabi Fruits,2021-22,Other/Perennial,7.90752,80.0,maund/acre,2022-23(1).pdf,205,previous_year
Nankana Sahib,Nankana Sahib,Other Rabi Fruits,2021-22,Other/Perennial,5.634108,57.0,maund/acre,2022-23(1).pdf,205,previous_year
Narowal,Narowal,Other Rabi Fruits,2021-22,Other/Perennial,5.43642,55.0,maund/acre,2022-23(1).pdf,205,previous_year
Okara,Okara,Other Rabi Fruits,2021-22,Other/Perennial,6.91908,70.0,maund/acre,2022-23(1).pdf,205,previous_year
Pakpattan,Pakpattan,Other Rabi Fruits,2021-22,Other/Perennial,6.91908,70.0,maund/acre,2022-23(1).pdf,205,previous_year
Rahim Yar Khan,Rahim Yar Khan,Other Rabi Fruits,2021-22,Other/Perennial,6.91908,70.0,maund/acre,2022-23(1).pdf,205,previous_year
Rawalpindi,Rawalpindi,Other Rabi Fruits,2021-22,Other/Perennial,3.45954,35.0,maund/acre,2022-23(1).pdf,205,previous_year
Sahiwal,Sahiwal,Other Rabi Fruits,2021-22,Other/Perennial,6.721392,68.0,maund/acre,2022-23(1).pdf,205,previous_year
Sargodha,Sargodha,Other Rabi Fruits,2021-22,Other/Perennial,5.93064,60.0,maund/acre,2022-23(1).pdf,205,previous_year
Sheikhupura,Sheikhupura,Other Rabi Fruits,2021-22,Other/Perennial,6.029484,61.0,maund/acre,2022-23(1).pdf,205,previous_year
Sialkot,Sialkot,Other Rabi Fruits,2021-22,Other/Perennial,4.9422,50.0,maund/acre,2022-23(1).pdf,205,previous_year
Toba Tek Singh,T.T. Singh,Other Rabi Fruits,2021-22,Other/Perennial,5.93064,60.0,maund/acre,2022-23(1).pdf,205,previous_year
Attock,Attock,Other Rabi Vegetables,2021-22,Rabi,18.28614,185.0,maund/acre,2022-23(1).pdf,187,previous_year
Bahawalnagar,Bahawalnagar,Other Rabi Vegetables,2021-22,Rabi,9.587868,97.0,maund/acre,2022-23(1).pdf,187,previous_year
Bahawalpur,Bahawalpur,Other Rabi Vegetables,2021-22,Rabi,17.198856,174.0,maund/acre,2022-23(1).pdf,187,previous_year
Bhakkar,Bhakkar,Other Rabi Vegetables,2021-22,Rabi,16.408104,166.0,maund/acre,2022-23(1).pdf,187,previous_year
Chakwal,Chakwal,Other Rabi Vegetables,2021-22,Rabi,16.80348,170.0,maund/acre,2022-23(1).pdf,187,previous_year
Chiniot,Chiniot,Other Rabi Vegetables,2021-22,Rabi,17.989608,182.0,maund/acre,2022-23(1).pdf,187,previous_year
Dera Ghazi Khan,D.G. Khan,Other Rabi Vegetables,2021-22,Rabi,14.33238,145.0,maund/acre,2022-23(1).pdf,187,previous_year
Faisalabad,Faisalabad,Other Rabi Vegetables,2021-22,Rabi,17.594232,178.0,maund/acre,2022-23(1).pdf,187,previous_year
Gujranwala,Gujranwala,Other Rabi Vegetables,2021-22,Rabi,18.978048,192.0,maund/acre,2022-23(1).pdf,187,previous_year
Gujrat,Gujrat,Other Rabi Vegetables,2021-22,Rabi,11.86128,120.0,maund/acre,2022-23(1).pdf,187,previous_year
Hafizabad,Hafizabad,Other Rabi Vegetables,2021-22,Rabi,19.175736,194.0,maund/acre,2022-23(1).pdf,187,previous_year
Islamabad,Islamabad,Other Rabi Vegetables,2021-22,Rabi,16.80348,170.0,maund/acre,2022-23(1).pdf,187,previous_year
Jhang,Jhang,Other Rabi Vegetables,2021-22,Rabi,14.8266,150.0,maund/acre,2022-23(1).pdf,187,previous_year
Jhelum,Jhelum,Other Rabi Vegetables,2021-22,Rabi,17.79192,180.0,maund/acre,2022-23(1).pdf,187,previous_year
Kasur,Kasur,Other Rabi Vegetables,2021-22,Rabi,12.652032,128.0,maund/acre,2022-23(1).pdf,187,previous_year
Khanewal,Khanewal,Other Rabi Vegetables,2021-22,Rabi,15.617352,158.0,maund/acre,2022-23(1).pdf,187,previous_year
Khushab,Khushab,Other Rabi Vegetables,2021-22,Rabi,13.442784,136.0,maund/acre,2022-23(1).pdf,187,previous_year
Lahore,Lahore,Other Rabi Vegetables,2021-22,Rabi,21.74568,220.0,maund/acre,2022-23(1).pdf,187,previous_year
Layyah,Layyah,Other Rabi Vegetables,2021-22,Rabi,14.8266,150.0,maund/acre,2022-23(1).pdf,187,previous_year
Lodhran,Lodhran,Other Rabi Vegetables,2021-22,Rabi,17.890764,181.0,maund/acre,2022-23(1).pdf,187,previous_year
Mandi Bahauddin,M.B.Din,Other Rabi Vegetables,2021-22,Rabi,14.8266,150.0,maund/acre,2022-23(1).pdf,187,previous_year
Mianwali,Mianwali,Other Rabi Vegetables,2021-22,Rabi,14.8266,150.0,maund/acre,2022-23(1).pdf,187,previous_year
Multan,Multan,Other Rabi Vegetables,2021-22,Rabi,17.001168,172.0,maund/acre,2022-23(1).pdf,187,previous_year
Muzaffargarh,Muzaffargarh,Other Rabi Vegetables,2021-22,Rabi,16.605792,168.0,maund/acre,2022-23(1).pdf,187,previous_year
Nankana Sahib,Nankana Sahib,Other Rabi Vegetables,2021-22,Rabi,30.443952,308.0,maund/acre,2022-23(1).pdf,187,previous_year
Narowal,Narowal,Other Rabi Vegetables,2021-22,Rabi,13.739316,139.0,maund/acre,2022-23(1).pdf,187,previous_year
Okara,Okara,Other Rabi Vegetables,2021-22,Rabi,17.100012,173.0,maund/acre,2022-23(1).pdf,187,previous_year
Pakpattan,Pakpattan,Other Rabi Vegetables,2021-22,Rabi,17.495388,177.0,maund/acre,2022-23(1).pdf,187,previous_year
Rahim Yar Khan,Rahim Yar Khan,Other Rabi Vegetables,2021-22,Rabi,17.001168,172.0,maund/acre,2022-23(1).pdf,187,previous_year
Rajanpur,Rajan Pur,Other Rabi Vegetables,2021-22,Rabi,15.81504,160.0,maund/acre,2022-23(1).pdf,187,previous_year
Rawalpindi,Rawalpindi,Other Rabi Vegetables,2021-22,Rabi,14.925444,151.0,maund/acre,2022-23(1).pdf,187,previous_year
Sahiwal,Sahiwal,Other Rabi Vegetables,2021-22,Rabi,17.594232,178.0,maund/acre,2022-23(1).pdf,187,previous_year
Sargodha,Sargodha,Other Rabi Vegetables,2021-22,Rabi,12.3555,125.0,maund/acre,2022-23(1).pdf,187,previous_year
Sheikhupura,Sheikhupura,Other Rabi Vegetables,2021-22,Rabi,20.065332,203.0,maund/acre,2022-23(1).pdf,187,previous_year
Sialkot,Sialkot,Other Rabi Vegetables,2021-22,Rabi,11.268216,114.0,maund/acre,2022-23(1).pdf,187,previous_year
Toba Tek Singh,T.T. Singh,Other Rabi Vegetables,2021-22,Rabi,17.001168,172.0,maund/acre,2022-23(1).pdf,187,previous_year
Vehari,Vehari,Other Rabi Vegetables,2021-22,Rabi,17.100012,173.0,maund/acre,2022-23(1).pdf,187,previous_year
Attock,Attock,Peach,2021-22,Kharif,16.605792,168.0,maund/acre,2022-23(1).pdf,103,previous_year
Bahawalnagar,Bahawalnagar,Peach,2021-22,Kharif,9.39018,95.0,maund/acre,2022-23(1).pdf,103,previous_year
Bhakkar,Bhakkar,Peach,2021-22,Kharif,9.39018,95.0,maund/acre,2022-23(1).pdf,103,previous_year
Chiniot,Chiniot,Peach,2021-22,Kharif,14.035848,142.0,maund/acre,2022-23(1).pdf,103,previous_year
Dera Ghazi Khan,D.G. Khan,Peach,2021-22,Kharif,4.151448,42.0,maund/acre,2022-23(1).pdf,103,previous_year
Faisalabad,Faisalabad,Peach,2021-22,Kharif,13.442784,136.0,maund/acre,2022-23(1).pdf,103,previous_year
Gujranwala,Gujranwala,Peach,2021-22,Kharif,9.8844,100.0,maund/acre,2022-23(1).pdf,103,previous_year
Hafizabad,Hafizabad,Peach,2021-22,Kharif,23.72256,240.0,maund/acre,2022-23(1).pdf,103,previous_year
Jhang,Jhang,Peach,2021-22,Kharif,14.925444,151.0,maund/acre,2022-23(1).pdf,103,previous_year
Jhelum,Jhelum,Peach,2021-22,Kharif,10.87284,110.0,maund/acre,2022-23(1).pdf,103,previous_year
Kasur,Kasur,Peach,2021-22,Kharif,11.465904,116.0,maund/acre,2022-23(1).pdf,103,previous_year
Khanewal,Khanewal,Peach,2021-22,Kharif,7.808676,79.0,maund/acre,2022-23(1).pdf,103,previous_year
Khushab,Khushab,Peach,2021-22,Kharif,10.477464,106.0,maund/acre,2022-23(1).pdf,103,previous_year
Nankana Sahib,Nankana Sahib,Peach,2021-22,Kharif,10.279776,104.0,maund/acre,2022-23(1).pdf,103,previous_year
Narowal,Narowal,Peach,2021-22,Kharif,8.698272,88.0,maund/acre,2022-23(1).pdf,103,previous_year
Okara,Okara,Peach,2021-22,Kharif,18.28614,185.0,maund/acre,2022-23(1).pdf,103,previous_year
Pakpattan,Pakpattan,Peach,2021-22,Kharif,3.163008,32.0,maund/acre,2022-23(1).pdf,103,previous_year
Rawalpindi,Rawalpindi,Peach,2021-22,Kharif,17.693076,179.0,maund/acre,2022-23(1).pdf,103,previous_year
Sahiwal,Sahiwal,Peach,2021-22,Kharif,6.326016,64.0,maund/acre,2022-23(1).pdf,103,previous_year
Sargodha,Sargodha,Peach,2021-22,Kharif,17.594232,178.0,maund/acre,2022-23(1).pdf,103,previous_year
Sialkot,Sialkot,Peach,2021-22,Kharif,8.89596,90.0,maund/acre,2022-23(1).pdf,103,previous_year
Toba Tek Singh,T.T. Singh,Peach,2021-22,Kharif,14.33238,145.0,maund/acre,2022-23(1).pdf,103,previous_year
Vehari,Vehari,Peach,2021-22,Kharif,8.797116,89.0,maund/acre,2022-23(1).pdf,103,previous_year
Bahawalnagar,Bahawalnagar,Phalsa,2021-22,Kharif,2.866476,29.0,maund/acre,2022-23(1).pdf,101,previous_year
Bahawalpur,Bahawalpur,Phalsa,2021-22,Kharif,4.843356,49.0,maund/acre,2022-23(1).pdf,101,previous_year
Bhakkar,Bhakkar,Phalsa,2021-22,Kharif,2.96532,30.0,maund/acre,2022-23(1).pdf,101,previous_year
Chiniot,Chiniot,Phalsa,2021-22,Kharif,2.96532,30.0,maund/acre,2022-23(1).pdf,101,previous_year
Dera Ghazi Khan,D.G. Khan,Phalsa,2021-22,Kharif,3.261852,33.0,maund/acre,2022-23(1).pdf,101,previous_year
Gujranwala,Gujranwala,Phalsa,2021-22,Kharif,2.4711,25.0,maund/acre,2022-23(1).pdf,101,previous_year
Hafizabad,Hafizabad,Phalsa,2021-22,Kharif,3.95376,40.0,maund/acre,2022-23(1).pdf,101,previous_year
Jhang,Jhang,Phalsa,2021-22,Kharif,3.45954,35.0,maund/acre,2022-23(1).pdf,101,previous_year
Kasur,Kasur,Phalsa,2021-22,Kharif,6.820236,69.0,maund/acre,2022-23(1).pdf,101,previous_year
Khanewal,Khanewal,Phalsa,2021-22,Kharif,3.163008,32.0,maund/acre,2022-23(1).pdf,101,previous_year
Lahore,Lahore,Phalsa,2021-22,Kharif,4.151448,42.0,maund/acre,2022-23(1).pdf,101,previous_year
Lodhran,Lodhran,Phalsa,2021-22,Kharif,8.40174,85.0,maund/acre,2022-23(1).pdf,101,previous_year
Mianwali,Mianwali,Phalsa,2021-22,Kharif,5.93064,60.0,maund/acre,2022-23(1).pdf,101,previous_year
Multan,Multan,Phalsa,2021-22,Kharif,6.227172,63.0,maund/acre,2022-23(1).pdf,101,previous_year
Muzaffargarh,Muzaffargarh,Phalsa,2021-22,Kharif,5.337576,54.0,maund/acre,2022-23(1).pdf,101,previous_year
Nankana Sahib,Nankana Sahib,Phalsa,2021-22,Kharif,3.558384,36.0,maund/acre,2022-23(1).pdf,101,previous_year
Narowal,Narowal,Phalsa,2021-22,Kharif,3.954,3954.0,kg/ha,2022-23(1).pdf,102,previous_year
Okara,Okara,Phalsa,2021-22,Kharif,3.756072,38.0,maund/acre,2022-23(1).pdf,101,previous_year
Pakpattan,Pakpattan,Phalsa,2021-22,Kharif,3.95376,40.0,maund/acre,2022-23(1).pdf,101,previous_year
Rahim Yar Khan,Rahim Yar Khan,Phalsa,2021-22,Kharif,4.645668,47.0,maund/acre,2022-23(1).pdf,101,previous_year
Rajanpur,Rajan Pur,Phalsa,2021-22,Kharif,2.4711,25.0,maund/acre,2022-23(1).pdf,101,previous_year
Sahiwal,Sahiwal,Phalsa,2021-22,Kharif,2.4711,25.0,maund/acre,2022-23(1).pdf,101,previous_year
Sargodha,Sargodha,Phalsa,2021-22,Kharif,4.744512,48.0,maund/acre,2022-23(1).pdf,101,previous_year
Sheikhupura,Sheikhupura,Phalsa,2021-22,Kharif,4.151448,42.0,maund/acre,2022-23(1).pdf,101,previous_year
Sialkot,Sialkot,Phalsa,2021-22,Kharif,2.486,2486.0,kg/ha,2022-23(1).pdf,102,previous_year
Vehari,Vehari,Phalsa,2021-22,Kharif,7.512144,76.0,maund/acre,2022-23(1).pdf,101,previous_year
Bahawalnagar,Bahawalnagar,Pomegranate,2021-22,Kharif,9.093648,92.0,maund/acre,2022-23(1).pdf,99,previous_year
Bahawalpur,Bahawalpur,Pomegranate,2021-22,Kharif,11.36706,115.0,maund/acre,2022-23(1).pdf,99,previous_year
Bhakkar,Bhakkar,Pomegranate,2021-22,Kharif,5.238732,53.0,maund/acre,2022-23(1).pdf,99,previous_year
Dera Ghazi Khan,D.G. Khan,Pomegranate,2021-22,Kharif,4.44798,45.0,maund/acre,2022-23(1).pdf,99,previous_year
Faisalabad,Faisalabad,Pomegranate,2021-22,Kharif,5.139888,52.0,maund/acre,2022-23(1).pdf,99,previous_year
Gujranwala,Gujranwala,Pomegranate,2021-22,Kharif,5.831796,59.0,maund/acre,2022-23(1).pdf,99,previous_year
Hafizabad,Hafizabad *,Pomegranate,2021-22,Kharif,5.436,5436.0,kg/ha,2022-23(1).pdf,100,previous_year
Jhang,Jhang,Pomegranate,2021-22,Kharif,5.831796,59.0,maund/acre,2022-23(1).pdf,99,previous_year
Jhelum,Jhelum,Pomegranate,2021-22,Kharif,5.93064,60.0,maund/acre,2022-23(1).pdf,99,previous_year
Kasur,Kasur,Pomegranate,2021-22,Kharif,7.90752,80.0,maund/acre,2022-23(1).pdf,99,previous_year
Khanewal,Khanewal,Pomegranate,2021-22,Kharif,7.90752,80.0,maund/acre,2022-23(1).pdf,99,previous_year
Lodhran,Lodhran,Pomegranate,2021-22,Kharif,9.192492,93.0,maund/acre,2022-23(1).pdf,99,previous_year
Mianwali,Mianwali,Pomegranate,2021-22,Kharif,5.732952,58.0,maund/acre,2022-23(1).pdf,99,previous_year
Multan,Multan,Pomegranate,2021-22,Kharif,8.994804,91.0,maund/acre,2022-23(1).pdf,99,previous_year
Muzaffargarh,Muzaffargarh,Pomegranate,2021-22,Kharif,4.9422,50.0,maund/acre,2022-23(1).pdf,99,previous_year
Nankana Sahib,Nankana Sahib,Pomegranate,2021-22,Kharif,7.512144,76.0,maund/acre,2022-23(1).pdf,99,previous_year
Okara,Okara,Pomegranate,2021-22,Kharif,7.808676,79.0,maund/acre,2022-23(1).pdf,99,previous_year
Pakpattan,Pakpattan,Pomegranate,2021-22,Kharif,14.628912,148.0,maund/acre,2022-23(1).pdf,99,previous_year
Rahim Yar Khan,Rahim Yar Khan,Pomegranate,2021-22,Kharif,14.431224,146.0,maund/acre,2022-23(1).pdf,99,previous_year
Rajanpur,Rajan Pur,Pomegranate,2021-22,Kharif,3.95376,40.0,maund/acre,2022-23(1).pdf,99,previous_year
Rawalpindi,RAWALPINDI DV:,Pomegranate,2021-22,Kharif,5.93064,60.0,maund/acre,2022-23(1).pdf,99,previous_year
Sahiwal,Sahiwal,Pomegranate,2021-22,Kharif,10.971684,111.0,maund/acre,2022-23(1).pdf,99,previous_year
Sialkot,Sialkot,Pomegranate,2021-22,Kharif,5.43642,55.0,maund/acre,2022-23(1).pdf,99,previous_year
Toba Tek Singh,T.T. Singh,Pomegranate,2021-22,Kharif,3.45954,35.0,maund/acre,2022-23(1).pdf,99,previous_year
Vehari,Vehari,Pomegranate,2021-22,Kharif,5.93064,60.0,maund/acre,2022-23(1).pdf,99,previous_year
Bahawalpur,Bahawalpur,Pumpkin,2021-22,Kharif,12.256656,124.0,maund/acre,2022-23(1).pdf,69,previous_year
Gujranwala,Gujranwala,Pumpkin,2021-22,Kharif,56.439924,571.0,maund/acre,2022-23(1).pdf,69,previous_year
Gujrat,Gujrat,Pumpkin,2021-22,Kharif,14.33238,145.0,maund/acre,2022-23(1).pdf,69,previous_year
Hafizabad,Hafizabad,Pumpkin,2021-22,Kharif,19.458,19458.0,kg/ha,2022-23(1).pdf,70,previous_year
Kasur,Kasur,Pumpkin,2021-22,Kharif,18.28614,185.0,maund/acre,2022-23(1).pdf,69,previous_year
Khanewal,Khanewal,Pumpkin,2021-22,Kharif,49.520844,501.0,maund/acre,2022-23(1).pdf,69,previous_year
Lodhran,Lodhran,Pumpkin,2021-22,Kharif,42.0087,425.0,maund/acre,2022-23(1).pdf,69,previous_year
Mandi Bahauddin,M.B. Din,Pumpkin,2021-22,Kharif,13.34394,135.0,maund/acre,2022-23(1).pdf,69,previous_year
Muzaffargarh,Muzaffargarh,Pumpkin,2021-22,Kharif,22.73412,230.0,maund/acre,2022-23(1).pdf,69,previous_year
Narowal,Narowal,Pumpkin,2021-22,Kharif,14.33238,145.0,maund/acre,2022-23(1).pdf,69,previous_year
Okara,Okara,Pumpkin,2021-22,Kharif,18.582672,188.0,maund/acre,2022-23(1).pdf,69,previous_year
Sialkot,Sialkot,Pumpkin,2021-22,Kharif,19.373424,196.0,maund/acre,2022-23(1).pdf,69,previous_year
Toba Tek Singh,T.T. Singh,Pumpkin,2021-22,Kharif,19.27458,195.0,maund/acre,2022-23(1).pdf,69,previous_year
Attock,Attock,Rabi Fodder,2021-22,Rabi,27.379788,277.0,maund/acre,2022-23(1).pdf,131,previous_year
Bahawalnagar,Bahawalnagar,Rabi Fodder,2021-22,Rabi,72.254964,731.0,maund/acre,2022-23(1).pdf,131,previous_year
Bahawalpur,Bahawalpur,Rabi Fodder,2021-22,Rabi,53.968824,546.0,maund/acre,2022-23(1).pdf,131,previous_year
Bhakkar,Bhakkar,Rabi Fodder,2021-22,Rabi,65.533572,663.0,maund/acre,2022-23(1).pdf,131,previous_year
Chakwal,Chakwal,Rabi Fodder,2021-22,Rabi,35.781528,362.0,maund/acre,2022-23(1).pdf,131,previous_year
Chiniot,Chiniot,Rabi Fodder,2021-22,Rabi,86.290812,873.0,maund/acre,2022-23(1).pdf,131,previous_year
Dera Ghazi Khan,D.G. Khan,Rabi Fodder,2021-22,Rabi,58.219116,589.0,maund/acre,2022-23(1).pdf,131,previous_year
Faisalabad,Faisalabad,Rabi Fodder,2021-22,Rabi,83.52318,845.0,maund/acre,2022-23(1).pdf,131,previous_year
Gujranwala,Gujranwala,Rabi Fodder,2021-22,Rabi,82.732428,837.0,maund/acre,2022-23(1).pdf,131,previous_year
Gujrat,Gujrat,Rabi Fodder,2021-22,Rabi,77.889072,788.0,maund/acre,2022-23(1).pdf,131,previous_year
Hafizabad,Hafizabad,Rabi Fodder,2021-22,Rabi,89.750352,908.0,maund/acre,2022-23(1).pdf,131,previous_year
Islamabad,Islamabad,Rabi Fodder,2021-22,Rabi,34.5954,350.0,maund/acre,2022-23(1).pdf,131,previous_year
Jhang,Jhang,Rabi Fodder,2021-22,Rabi,89.157288,902.0,maund/acre,2022-23(1).pdf,131,previous_year
Jhelum,Jhelum,Rabi Fodder,2021-22,Rabi,54.85842,555.0,maund/acre,2022-23(1).pdf,131,previous_year
Kasur,Kasur,Rabi Fodder,2021-22,Rabi,76.208724,771.0,maund/acre,2022-23(1).pdf,131,previous_year
Khanewal,Khanewal,Rabi Fodder,2021-22,Rabi,81.5463,825.0,maund/acre,2022-23(1).pdf,131,previous_year
Khushab,Khushab,Rabi Fodder,2021-22,Rabi,54.957264,556.0,maund/acre,2022-23(1).pdf,131,previous_year
Lahore,Lahore,Rabi Fodder,2021-22,Rabi,72.057276,729.0,maund/acre,2022-23(1).pdf,131,previous_year
Layyah,Layyah,Rabi Fodder,2021-22,Rabi,49.520844,501.0,maund/acre,2022-23(1).pdf,131,previous_year
Lodhran,Lodhran,Rabi Fodder,2021-22,Rabi,65.23704,660.0,maund/acre,2022-23(1).pdf,131,previous_year
Mandi Bahauddin,M.B.Din,Rabi Fodder,2021-22,Rabi,89.256132,903.0,maund/acre,2022-23(1).pdf,131,previous_year
Mianwali,Mianwali,Rabi Fodder,2021-22,Rabi,68.69658,695.0,maund/acre,2022-23(1).pdf,131,previous_year
Multan,Multan,Rabi Fodder,2021-22,Rabi,85.203528,862.0,maund/acre,2022-23(1).pdf,131,previous_year
Muzaffargarh,Muzzafargargh,Rabi Fodder,2021-22,Rabi,86.4885,875.0,maund/acre,2022-23(1).pdf,131,previous_year
Nankana Sahib,Nankana Sahib,Rabi Fodder,2021-22,Rabi,81.743988,827.0,maund/acre,2022-23(1).pdf,131,previous_year
Narowal,Narowal,Rabi Fodder,2021-22,Rabi,75.912192,768.0,maund/acre,2022-23(1).pdf,131,previous_year
Okara,Okara,Rabi Fodder,2021-22,Rabi,79.865952,808.0,maund/acre,2022-23(1).pdf,131,previous_year
Pakpattan,Pakpattan,Rabi Fodder,2021-22,Rabi,75.813348,767.0,maund/acre,2022-23(1).pdf,131,previous_year
Rahim Yar Khan,Rahim Yar Khan,Rabi Fodder,2021-22,Rabi,85.50006,865.0,maund/acre,2022-23(1).pdf,131,previous_year
Rajanpur,Rajan Pur,Rabi Fodder,2021-22,Rabi,63.853224,646.0,maund/acre,2022-23(1).pdf,131,previous_year
Rawalpindi,Rawalpindi,Rabi Fodder,2021-22,Rabi,49.125468,497.0,maund/acre,2022-23(1).pdf,131,previous_year
Sahiwal,Sahiwal,Rabi Fodder,2021-22,Rabi,82.238208,832.0,maund/acre,2022-23(1).pdf,131,previous_year
Sargodha,Sargodha,Rabi Fodder,2021-22,Rabi,74.330688,752.0,maund/acre,2022-23(1).pdf,131,previous_year
Sheikhupura,Sheikhupura,Rabi Fodder,2021-22,Rabi,86.389656,874.0,maund/acre,2022-23(1).pdf,131,previous_year
Sialkot,Sialkot,Rabi Fodder,2021-22,Rabi,73.14456,740.0,maund/acre,2022-23(1).pdf,131,previous_year
Toba Tek Singh,T.T. Singh,Rabi Fodder,2021-22,Rabi,89.849196,909.0,maund/acre,2022-23(1).pdf,131,previous_year
Vehari,Vehari,Rabi Fodder,2021-22,Rabi,86.883876,879.0,maund/acre,2022-23(1).pdf,131,previous_year
Attock,Attock,Rapeseed & Mustard,2021-22,Rabi,0.780868,7.9,maund/acre,2022-23(1).pdf,134,previous_year
Bahawalnagar,Bahawalnagar,Rapeseed & Mustard,2021-22,Rabi,1.914608,19.37,maund/acre,2022-23(1).pdf,134,previous_year
Bahawalpur,Bahawalpur,Rapeseed & Mustard,2021-22,Rabi,1.943273,19.66,maund/acre,2022-23(1).pdf,134,previous_year
Bhakkar,Bhakkar,Rapeseed & Mustard,2021-22,Rabi,1.407539,14.24,maund/acre,2022-23(1).pdf,134,previous_year
Chakwal,Chakwal,Rapeseed & Mustard,2021-22,Rabi,1.4194,14.36,maund/acre,2022-23(1).pdf,134,previous_year
Chiniot,Chiniot,Rapeseed & Mustard,2021-22,Rabi,1.652672,16.72,maund/acre,2022-23(1).pdf,134,previous_year
Dera Ghazi Khan,D.G. Khan,Rapeseed & Mustard,2021-22,Rabi,1.21677,12.31,maund/acre,2022-23(1).pdf,134,previous_year
Faisalabad,Faisalabad,Rapeseed & Mustard,2021-22,Rabi,1.757446,17.78,maund/acre,2022-23(1).pdf,134,previous_year
Gujrat,Gujrat,Rapeseed & Mustard,2021-22,Rabi,0.755168,7.64,maund/acre,2022-23(1).pdf,134,previous_year
Jhang,Jhang,Rapeseed & Mustard,2021-22,Rabi,2.321846,23.49,maund/acre,2022-23(1).pdf,134,previous_year
Jhelum,Jhelum,Rapeseed & Mustard,2021-22,Rabi,0.691908,7.0,maund/acre,2022-23(1).pdf,134,previous_year
Kasur,Kasur,Rapeseed & Mustard,2021-22,Rabi,1.861233,18.83,maund/acre,2022-23(1).pdf,134,previous_year
Khanewal,Khanewal,Rapeseed & Mustard,2021-22,Rabi,1.954146,19.77,maund/acre,2022-23(1).pdf,134,previous_year
Khushab,Khushab,Rapeseed & Mustard,2021-22,Rabi,1.072457,10.85,maund/acre,2022-23(1).pdf,134,previous_year
Kot Addu,Kot Addu,Rapeseed & Mustard,2021-22,Rabi,2.106366,21.31,maund/acre,2022-23(1).pdf,134,previous_year
Lahore,Lahore,Rapeseed & Mustard,2021-22,Rabi,1.704071,17.24,maund/acre,2022-23(1).pdf,134,previous_year
Layyah,Layyah,Rapeseed & Mustard,2021-22,Rabi,1.120891,11.34,maund/acre,2022-23(1).pdf,134,previous_year
Lodhran,Lodhran,Rapeseed & Mustard,2021-22,Rabi,1.587435,16.06,maund/acre,2022-23(1).pdf,134,previous_year
Mianwali,Mianwali,Rapeseed & Mustard,2021-22,Rabi,1.381839,13.98,maund/acre,2022-23(1).pdf,134,previous_year
Multan,Multan,Rapeseed & Mustard,2021-22,Rabi,1.937342,19.6,maund/acre,2022-23(1).pdf,134,previous_year
Muzaffargarh,Muzzafargargh,Rapeseed & Mustard,2021-22,Rabi,2.106366,21.31,maund/acre,2022-23(1).pdf,134,previous_year
Nankana Sahib,Nankana Sahib,Rapeseed & Mustard,2021-22,Rabi,1.467833,14.85,maund/acre,2022-23(1).pdf,134,previous_year
Narowal,Narowal,Rapeseed & Mustard,2021-22,Rabi,0.717607,7.26,maund/acre,2022-23(1).pdf,134,previous_year
Okara,Okara,Rapeseed & Mustard,2021-22,Rabi,1.924493,19.47,maund/acre,2022-23(1).pdf,134,previous_year
Pakpattan,Pakpattan,Rapeseed & Mustard,2021-22,Rabi,1.417423,14.34,maund/acre,2022-23(1).pdf,134,previous_year
Rahim Yar Khan,Rahim Yar Khan,Rapeseed & Mustard,2021-22,Rabi,1.906701,19.29,maund/acre,2022-23(1).pdf,134,previous_year
Rajanpur,Rajan Pur,Rapeseed & Mustard,2021-22,Rabi,1.651683,16.71,maund/acre,2022-23(1).pdf,134,previous_year
Rawalpindi,Rawalpindi,Rapeseed & Mustard,2021-22,Rabi,0.46259,4.68,maund/acre,2022-23(1).pdf,134,previous_year
Sahiwal,Sahiwal,Rapeseed & Mustard,2021-22,Rabi,1.802915,18.24,maund/acre,2022-23(1).pdf,134,previous_year
Sargodha,Sargodha,Rapeseed & Mustard,2021-22,Rabi,1.791053,18.12,maund/acre,2022-23(1).pdf,134,previous_year
Sheikhupura,Sheikhupura,Rapeseed & Mustard,2021-22,Rabi,1.592377,16.11,maund/acre,2022-23(1).pdf,134,previous_year
Sialkot,Sialkot,Rapeseed & Mustard,2021-22,Rabi,1.569643,15.88,maund/acre,2022-23(1).pdf,134,previous_year
Talagang,Talagang,Rapeseed & Mustard,2021-22,Rabi,1.4194,14.36,maund/acre,2022-23(1).pdf,134,previous_year
Toba Tek Singh,T.T. Singh,Rapeseed & Mustard,2021-22,Rabi,1.873094,18.95,maund/acre,2022-23(1).pdf,134,previous_year
Vehari,Vehari,Rapeseed & Mustard,2021-22,Rabi,1.734712,17.55,maund/acre,2022-23(1).pdf,134,previous_year
Bahawalnagar,Bahawalnagar,Rice,2021-22,Kharif,2.408828,24.37,maund/acre,2022-23(1).pdf,9,previous_year
Bahawalpur,Bahawalpur,Rice,2021-22,Kharif,2.131077,21.56,maund/acre,2022-23(1).pdf,9,previous_year
Bhakkar,Bhakkar,Rice,2021-22,Kharif,2.497788,25.27,maund/acre,2022-23(1).pdf,9,previous_year
Chiniot,Chiniot,Rice,2021-22,Kharif,2.394002,24.22,maund/acre,2022-23(1).pdf,9,previous_year
Dera Ghazi Khan,D.G. Khan,Rice,2021-22,Kharif,3.112598,31.49,maund/acre,2022-23(1).pdf,9,previous_year
Faisalabad,Faisalabad,Rice,2021-22,Kharif,2.398944,24.27,maund/acre,2022-23(1).pdf,9,previous_year
Gujranwala,Gujranwala,Rice,2021-22,Kharif,1.862221,18.84,maund/acre,2022-23(1).pdf,9,previous_year
Gujrat,Gujrat,Rice,2021-22,Kharif,2.251666,22.78,maund/acre,2022-23(1).pdf,9,previous_year
Hafizabad,Hafizabad,Rice,2021-22,Kharif,2.184452,22.1,maund/acre,2022-23(1).pdf,9,previous_year
Jhang,Jhang,Rice,2021-22,Kharif,2.482961,25.12,maund/acre,2022-23(1).pdf,9,previous_year
Jhelum,Jhelum,Rice,2021-22,Kharif,2.396967,24.25,maund/acre,2022-23(1).pdf,9,previous_year
Kasur,Kasur,Rice,2021-22,Kharif,2.107354,21.32,maund/acre,2022-23(1).pdf,9,previous_year
Khanewal,Khanewal,Rice,2021-22,Kharif,1.955134,19.78,maund/acre,2022-23(1).pdf,9,previous_year
Khushab,Khushab,Rice,2021-22,Kharif,2.032233,20.56,maund/acre,2022-23(1).pdf,9,previous_year
Kot Addu,Kot Addu,Rice,2021-22,Kharif,2.059909,20.84,maund/acre,2022-23(1).pdf,9,previous_year
Lahore,Lahore,Rice,2021-22,Kharif,2.404875,24.33,maund/acre,2022-23(1).pdf,9,previous_year
Layyah,Layyah,Rice,2021-22,Kharif,2.227944,22.54,maund/acre,2022-23(1).pdf,9,previous_year
Lodhran,Lodhran,Rice,2021-22,Kharif,2.141949,21.67,maund/acre,2022-23(1).pdf,9,previous_year
Mandi Bahauddin,M.B.Din,Rice,2021-22,Kharif,1.833556,18.55,maund/acre,2022-23(1).pdf,9,previous_year
Mianwali,Mianwali,Rice,2021-22,Kharif,1.994672,20.18,maund/acre,2022-23(1).pdf,9,previous_year
Multan,Multan,Rice,2021-22,Kharif,2.304054,23.31,maund/acre,2022-23(1).pdf,9,previous_year
Muzaffargarh,Muzzafargargh,Rice,2021-22,Kharif,2.77554,28.08,maund/acre,2022-23(1).pdf,9,previous_year
Nankana Sahib,Nankana Sahib,Rice,2021-22,Kharif,1.985776,20.09,maund/acre,2022-23(1).pdf,9,previous_year
Narowal,Narowal,Rice,2021-22,Kharif,1.499463,15.17,maund/acre,2022-23(1).pdf,9,previous_year
Okara,Okara,Rice,2021-22,Kharif,2.693499,27.25,maund/acre,2022-23(1).pdf,9,previous_year
Pakpattan,Pakpattan,Rice,2021-22,Kharif,2.404875,24.33,maund/acre,2022-23(1).pdf,9,previous_year
Rahim Yar Khan,Rahim Yar Khan,Rice,2021-22,Kharif,1.97688,20.0,maund/acre,2022-23(1).pdf,9,previous_year
Rajanpur,Rajan Pur,Rice,2021-22,Kharif,2.851649,28.85,maund/acre,2022-23(1).pdf,9,previous_year
Rawalpindi,RAWALPINDI DV:,Rice,2021-22,Kharif,2.396967,24.25,maund/acre,2022-23(1).pdf,9,previous_year
Sahiwal,Sahiwal,Rice,2021-22,Kharif,2.945551,29.8,maund/acre,2022-23(1).pdf,9,previous_year
Sargodha,Sargodha,Rice,2021-22,Kharif,2.050025,20.74,maund/acre,2022-23(1).pdf,9,previous_year
Sheikhupura,Sheikhupura,Rice,2021-22,Kharif,2.146892,21.72,maund/acre,2022-23(1).pdf,9,previous_year
Sialkot,Sialkot,Rice,2021-22,Kharif,2.168637,21.94,maund/acre,2022-23(1).pdf,9,previous_year
Toba Tek Singh,T.T. Singh,Rice,2021-22,Kharif,2.158753,21.84,maund/acre,2022-23(1).pdf,9,previous_year
Vehari,Vehari,Rice,2021-22,Kharif,2.369291,23.97,maund/acre,2022-23(1).pdf,9,previous_year
Attock,Attock,Sesamum,2021-22,Kharif,0.372642,3.77,maund/acre,2022-23(1).pdf,41,previous_year
Bahawalnagar,Bahawalnagar,Sesamum,2021-22,Kharif,0.882677,8.93,maund/acre,2022-23(1).pdf,41,previous_year
Bahawalpur,Bahawalpur,Sesamum,2021-22,Kharif,0.450729,4.56,maund/acre,2022-23(1).pdf,41,previous_year
Bhakkar,Bhakkar,Sesamum,2021-22,Kharif,0.602948,6.1,maund/acre,2022-23(1).pdf,41,previous_year
Chakwal,Chakwal,Sesamum,2021-22,Kharif,0.43689,4.42,maund/acre,2022-23(1).pdf,41,previous_year
Chiniot,Chiniot,Sesamum,2021-22,Kharif,0.577249,5.84,maund/acre,2022-23(1).pdf,41,previous_year
Dera Ghazi Khan,D.G. Khan,Sesamum,2021-22,Kharif,0.44974,4.55,maund/acre,2022-23(1).pdf,41,previous_year
Faisalabad,Faisalabad,Sesamum,2021-22,Kharif,0.62074,6.28,maund/acre,2022-23(1).pdf,41,previous_year
Gujrat,Gujrat,Sesamum,2021-22,Kharif,0.407237,4.12,maund/acre,2022-23(1).pdf,41,previous_year
Hafizabad,Hafizabad,Sesamum,2021-22,Kharif,0.598006,6.05,maund/acre,2022-23(1).pdf,41,previous_year
Jhang,Jhang,Sesamum,2021-22,Kharif,0.535734,5.42,maund/acre,2022-23(1).pdf,41,previous_year
Jhelum,Jhelum,Sesamum,2021-22,Kharif,0.243156,2.46,maund/acre,2022-23(1).pdf,41,previous_year
Kasur,Kasur,Sesamum,2021-22,Kharif,0.701792,7.1,maund/acre,2022-23(1).pdf,41,previous_year
Khanewal,Khanewal,Sesamum,2021-22,Kharif,0.519919,5.26,maund/acre,2022-23(1).pdf,41,previous_year
Khushab,Khushab,Sesamum,2021-22,Kharif,0.29159,2.95,maund/acre,2022-23(1).pdf,41,previous_year
Lahore,Lahore,Sesamum,2021-22,Kharif,0.429971,4.35,maund/acre,2022-23(1).pdf,41,previous_year
Layyah,Layyah,Sesamum,2021-22,Kharif,0.591087,5.98,maund/acre,2022-23(1).pdf,41,previous_year
Lodhran,Lodhran,Sesamum,2021-22,Kharif,0.617775,6.25,maund/acre,2022-23(1).pdf,41,previous_year
Mandi Bahauddin,M.B. Din,Sesamum,2021-22,Kharif,0.48137,4.87,maund/acre,2022-23(1).pdf,41,previous_year
Mianwali,Mianwali,Sesamum,2021-22,Kharif,0.605914,6.13,maund/acre,2022-23(1).pdf,41,previous_year
Multan,Multan,Sesamum,2021-22,Kharif,0.514977,5.21,maund/acre,2022-23(1).pdf,41,previous_year
Muzaffargarh,Muzaffargarh,Sesamum,2021-22,Kharif,0.647428,6.55,maund/acre,2022-23(1).pdf,41,previous_year
Nankana Sahib,Nankana Sahib,Sesamum,2021-22,Kharif,0.508058,5.14,maund/acre,2022-23(1).pdf,41,previous_year
Narowal,Narowal,Sesamum,2021-22,Kharif,0.417122,4.22,maund/acre,2022-23(1).pdf,41,previous_year
Okara,Okara,Sesamum,2021-22,Kharif,0.908376,9.19,maund/acre,2022-23(1).pdf,41,previous_year
Pakpattan,Pakpattan,Sesamum,2021-22,Kharif,1.124845,11.38,maund/acre,2022-23(1).pdf,41,previous_year
Rahim Yar Khan,Rahim Yar Khan,Sesamum,2021-22,Kharif,0.726503,7.35,maund/acre,2022-23(1).pdf,41,previous_year
Rajanpur,Rajan Pur,Sesamum,2021-22,Kharif,0.606902,6.14,maund/acre,2022-23(1).pdf,41,previous_year
Rawalpindi,Rawalpindi,Sesamum,2021-22,Kharif,0.205596,2.08,maund/acre,2022-23(1).pdf,41,previous_year
Sahiwal,Sahiwal,Sesamum,2021-22,Kharif,0.780868,7.9,maund/acre,2022-23(1).pdf,41,previous_year
Sargodha,Sargodha,Sesamum,2021-22,Kharif,0.43689,4.42,maund/acre,2022-23(1).pdf,41,previous_year
Sheikhupura,Sheikhupura,Sesamum,2021-22,Kharif,0.49422,5.0,maund/acre,2022-23(1).pdf,41,previous_year
Toba Tek Singh,T.T. Singh,Sesamum,2021-22,Kharif,0.631613,6.39,maund/acre,2022-23(1).pdf,41,previous_year
Vehari,Vehari,Sesamum,2021-22,Kharif,0.822382,8.32,maund/acre,2022-23(1).pdf,41,previous_year
Chakwal,Chakwal,Shimla Mirch,2021-22,Kharif,19.7688,200.0,maund/acre,2022-23(1).pdf,81,previous_year
Dera Ghazi Khan,D.G. Khan,Shimla Mirch,2021-22,Kharif,16.012728,162.0,maund/acre,2022-23(1).pdf,81,previous_year
Faisalabad,Faisalabad,Shimla Mirch,2021-22,Kharif,25.402908,257.0,maund/acre,2022-23(1).pdf,81,previous_year
Hafizabad,Hafizabad,Shimla Mirch,2021-22,Kharif,28.66476,290.0,maund/acre,2022-23(1).pdf,81,previous_year
Islamabad,Islamabad,Shimla Mirch,2021-22,Kharif,18.978048,192.0,maund/acre,2022-23(1).pdf,81,previous_year
Jhang,Jhang,Shimla Mirch,2021-22,Kharif,23.623716,239.0,maund/acre,2022-23(1).pdf,81,previous_year
Jhelum,Jhelum,Shimla Mirch,2021-22,Kharif,17.100012,173.0,maund/acre,2022-23(1).pdf,81,previous_year
Kasur,Kasur,Shimla Mirch,2021-22,Kharif,23.22834,235.0,maund/acre,2022-23(1).pdf,81,previous_year
Khushab,Khushab,Shimla Mirch,2021-22,Kharif,8.599428,87.0,maund/acre,2022-23(1).pdf,81,previous_year
Lahore,Lahore,Shimla Mirch,2021-22,Kharif,18.978048,192.0,maund/acre,2022-23(1).pdf,81,previous_year
Mianwali,Mianwali,Shimla Mirch,2021-22,Kharif,20.26302,205.0,maund/acre,2022-23(1).pdf,81,previous_year
Multan,Multan,Shimla Mirch,2021-22,Kharif,18.187296,184.0,maund/acre,2022-23(1).pdf,81,previous_year
Narowal,Narowal,Shimla Mirch,2021-22,Kharif,28.543,28543.0,kg/ha,2022-23(1).pdf,82,previous_year
Okara,Okara,Shimla Mirch,2021-22,Kharif,25.69944,260.0,maund/acre,2022-23(1).pdf,81,previous_year
Rawalpindi,Rawalpindi,Shimla Mirch,2021-22,Kharif,22.73412,230.0,maund/acre,2022-23(1).pdf,81,previous_year
Sheikhupura,Sheikhupura,Shimla Mirch,2021-22,Kharif,25.007532,253.0,maund/acre,2022-23(1).pdf,81,previous_year
Toba Tek Singh,T.T. Singh,Shimla Mirch,2021-22,Kharif,27.280944,276.0,maund/acre,2022-23(1).pdf,81,previous_year
Vehari,Vehari,Shimla Mirch,2021-22,Kharif,22.2399,225.0,maund/acre,2022-23(1).pdf,81,previous_year
Bahawalnagar,Bahawalnagar,Sugarcane,2021-22,Kharif,66.522012,673.0,maund/acre,2022-23(1).pdf,19,previous_year
Bahawalpur,Bahawalpur,Sugarcane,2021-22,Kharif,64.149756,649.0,maund/acre,2022-23(1).pdf,19,previous_year
Bhakkar,Bhakkar,Sugarcane,2021-22,Kharif,72.551496,734.0,maund/acre,2022-23(1).pdf,19,previous_year
Chiniot,Chiniot,Sugarcane,2021-22,Kharif,74.133,750.0,maund/acre,2022-23(1).pdf,19,previous_year
Dera Ghazi Khan,D.G. Khan,Sugarcane,2021-22,Kharif,76.10988,770.0,maund/acre,2022-23(1).pdf,19,previous_year
Faisalabad,Faisalabad,Sugarcane,2021-22,Kharif,68.301204,691.0,maund/acre,2022-23(1).pdf,19,previous_year
Gujranwala,Gujranwala,Sugarcane,2021-22,Kharif,57.922584,586.0,maund/acre,2022-23(1).pdf,19,previous_year
Gujrat,Gujrat,Sugarcane,2021-22,Kharif,41.909856,424.0,maund/acre,2022-23(1).pdf,19,previous_year
Hafizabad,Hafizabad,Sugarcane,2021-22,Kharif,59.998308,607.0,maund/acre,2022-23(1).pdf,19,previous_year
Jhang,Jhang,Sugarcane,2021-22,Kharif,76.011036,769.0,maund/acre,2022-23(1).pdf,19,previous_year
Kasur,Kasur,Sugarcane,2021-22,Kharif,56.143392,568.0,maund/acre,2022-23(1).pdf,19,previous_year
Khanewal,Khanewal,Sugarcane,2021-22,Kharif,69.1908,700.0,maund/acre,2022-23(1).pdf,19,previous_year
Khushab,Khushab,Sugarcane,2021-22,Kharif,58.515648,592.0,maund/acre,2022-23(1).pdf,19,previous_year
Lahore,Lahore,Sugarcane,2021-22,Kharif,60.986748,617.0,maund/acre,2022-23(1).pdf,19,previous_year
Layyah,Layyah,Sugarcane,2021-22,Kharif,63.75438,645.0,maund/acre,2022-23(1).pdf,19,previous_year
Lodhran,Lodhran,Sugarcane,2021-22,Kharif,75.12144,760.0,maund/acre,2022-23(1).pdf,19,previous_year
Mandi Bahauddin,M.B.Din,Sugarcane,2021-22,Kharif,54.561888,552.0,maund/acre,2022-23(1).pdf,19,previous_year
Mianwali,Mianwali,Sugarcane,2021-22,Kharif,67.115076,679.0,maund/acre,2022-23(1).pdf,19,previous_year
Multan,Multan,Sugarcane,2021-22,Kharif,66.7197,675.0,maund/acre,2022-23(1).pdf,19,previous_year
Muzaffargarh,Muzzafargargh,Sugarcane,2021-22,Kharif,72.452652,733.0,maund/acre,2022-23(1).pdf,19,previous_year
Nankana Sahib,Nankana Sahib,Sugarcane,2021-22,Kharif,62.76594,635.0,maund/acre,2022-23(1).pdf,19,previous_year
Narowal,Narowal,Sugarcane,2021-22,Kharif,36.374592,368.0,maund/acre,2022-23(1).pdf,19,previous_year
Okara,Okara,Sugarcane,2021-22,Kharif,77.09832,780.0,maund/acre,2022-23(1).pdf,19,previous_year
Pakpattan,Pakpattan,Sugarcane,2021-22,Kharif,55.154952,558.0,maund/acre,2022-23(1).pdf,19,previous_year
Rahim Yar Khan,Rahim Yar Khan,Sugarcane,2021-22,Kharif,87.575784,886.0,maund/acre,2022-23(1).pdf,19,previous_year
Rajanpur,Rajan Pur,Sugarcane,2021-22,Kharif,79.767108,807.0,maund/acre,2022-23(1).pdf,19,previous_year
Sahiwal,Sahiwal,Sugarcane,2021-22,Kharif,58.81218,595.0,maund/acre,2022-23(1).pdf,19,previous_year
Sargodha,Sargodha,Sugarcane,2021-22,Kharif,73.539936,744.0,maund/acre,2022-23(1).pdf,19,previous_year
Sheikhupura,Sheikhupura,Sugarcane,2021-22,Kharif,60.492528,612.0,maund/acre,2022-23(1).pdf,19,previous_year
Sialkot,Sialkot,Sugarcane,2021-22,Kharif,53.276916,539.0,maund/acre,2022-23(1).pdf,19,previous_year
Toba Tek Singh,T.T. Singh,Sugarcane,2021-22,Kharif,67.70814,685.0,maund/acre,2022-23(1).pdf,19,previous_year
Vehari,Vehari,Sugarcane,2021-22,Kharif,69.091956,699.0,maund/acre,2022-23(1).pdf,19,previous_year
Attock,Attock,Tinda,2021-22,Kharif,19.966488,202.0,maund/acre,2022-23(1).pdf,63,previous_year
Bahawalnagar,Bahawalnagar,Tinda,2021-22,Kharif,10.082088,102.0,maund/acre,2022-23(1).pdf,63,previous_year
Bahawalpur,Bahawalpur,Tinda,2021-22,Kharif,20.065332,203.0,maund/acre,2022-23(1).pdf,63,previous_year
Bhakkar,Bhakkar,Tinda,2021-22,Kharif,14.925444,151.0,maund/acre,2022-23(1).pdf,63,previous_year
Chakwal,Chakwal,Tinda,2021-22,Kharif,4.744512,48.0,maund/acre,2022-23(1).pdf,63,previous_year
Chiniot,Chiniot,Tinda,2021-22,Kharif,11.86128,120.0,maund/acre,2022-23(1).pdf,63,previous_year
Faisalabad,Faisalabad,Tinda,2021-22,Kharif,14.33238,145.0,maund/acre,2022-23(1).pdf,63,previous_year
Gujranwala,Gujranwala,Tinda,2021-22,Kharif,21.053772,213.0,maund/acre,2022-23(1).pdf,63,previous_year
Gujrat,Gujrat,Tinda,2021-22,Kharif,9.39018,95.0,maund/acre,2022-23(1).pdf,63,previous_year
Hafizabad,Hafizabad,Tinda,2021-22,Kharif,11.86128,120.0,maund/acre,2022-23(1).pdf,63,previous_year
Jhang,Jhang,Tinda,2021-22,Kharif,14.727756,149.0,maund/acre,2022-23(1).pdf,63,previous_year
Kasur,Kasur,Tinda,2021-22,Kharif,9.093648,92.0,maund/acre,2022-23(1).pdf,63,previous_year
Khanewal,Khanewal,Tinda,2021-22,Kharif,7.017924,71.0,maund/acre,2022-23(1).pdf,63,previous_year
Khushab,Khushab,Tinda,2021-22,Kharif,8.204052,83.0,maund/acre,2022-23(1).pdf,63,previous_year
Lahore,Lahore,Tinda,2021-22,Kharif,11.663592,118.0,maund/acre,2022-23(1).pdf,63,previous_year
Lodhran,Lodhran,Tinda,2021-22,Kharif,22.73412,230.0,maund/acre,2022-23(1).pdf,63,previous_year
Mandi Bahauddin,M.B. Din,Tinda,2021-22,Kharif,8.302896,84.0,maund/acre,2022-23(1).pdf,63,previous_year
Mianwali,Mianwali,Tinda,2021-22,Kharif,7.90752,80.0,maund/acre,2022-23(1).pdf,63,previous_year
Multan,Multan,Tinda,2021-22,Kharif,9.291336,94.0,maund/acre,2022-23(1).pdf,63,previous_year
Muzaffargarh,Muzaffargarh,Tinda,2021-22,Kharif,10.279776,104.0,maund/acre,2022-23(1).pdf,63,previous_year
Nankana Sahib,Nankana Sahib,Tinda,2021-22,Kharif,10.576308,107.0,maund/acre,2022-23(1).pdf,63,previous_year
Narowal,Narowal,Tinda,2021-22,Kharif,7.4133,75.0,maund/acre,2022-23(1).pdf,63,previous_year
Okara,Okara,Tinda,2021-22,Kharif,14.8266,150.0,maund/acre,2022-23(1).pdf,63,previous_year
Pakpattan,Pakpattan,Tinda,2021-22,Kharif,12.454344,126.0,maund/acre,2022-23(1).pdf,63,previous_year
Rahim Yar Khan,Rahim Yar Khan,Tinda,2021-22,Kharif,7.90752,80.0,maund/acre,2022-23(1).pdf,63,previous_year
Rajanpur,Rajan Pur,Tinda,2021-22,Kharif,2.767632,28.0,maund/acre,2022-23(1).pdf,63,previous_year
Rawalpindi,RAWALPINDI DV:,Tinda,2021-22,Kharif,6.622548,67.0,maund/acre,2022-23(1).pdf,63,previous_year
Sahiwal,Sahiwal,Tinda,2021-22,Kharif,13.541628,137.0,maund/acre,2022-23(1).pdf,63,previous_year
Sargodha,Sargodha,Tinda,2021-22,Kharif,6.721392,68.0,maund/acre,2022-23(1).pdf,63,previous_year
Sheikhupura,Sheikhupura,Tinda,2021-22,Kharif,13.937004,141.0,maund/acre,2022-23(1).pdf,63,previous_year
Sialkot,Sialkot,Tinda,2021-22,Kharif,20.984,20984.0,kg/ha,2022-23(1).pdf,64,previous_year
Toba Tek Singh,T.T. Singh,Tinda,2021-22,Kharif,3.657228,37.0,maund/acre,2022-23(1).pdf,63,previous_year
Vehari,Vehari,Tinda,2021-22,Kharif,13.640472,138.0,maund/acre,2022-23(1).pdf,63,previous_year
Attock,Attock,Tobacco,2021-22,Kharif,2.174568,22.0,maund/acre,2022-23(1).pdf,157,previous_year
Chiniot,Chiniot,Tobacco,2021-22,Kharif,2.372256,24.0,maund/acre,2022-23(1).pdf,157,previous_year
Dera Ghazi Khan,D.G. Khan,Tobacco,2021-22,Kharif,3.429887,34.7,maund/acre,2022-23(1).pdf,157,previous_year
Faisalabad,Faisalabad,Tobacco,2021-22,Kharif,2.362372,23.9,maund/acre,2022-23(1).pdf,157,previous_year
Gujranwala,Gujranwala,Tobacco,2021-22,Kharif,1.710001,17.3,maund/acre,2022-23(1).pdf,157,previous_year
Gujrat,Gujrat,Tobacco,2021-22,Kharif,1.937342,19.6,maund/acre,2022-23(1).pdf,157,previous_year
Hafizabad,Hafizabad,Tobacco,2021-22,Kharif,3.686881,37.3,maund/acre,2022-23(1).pdf,157,previous_year
Jhang,Jhang,Tobacco,2021-22,Kharif,2.490869,25.2,maund/acre,2022-23(1).pdf,157,previous_year
Jhelum,Jhelum,Tobacco,2021-22,Kharif,1.284972,13.0,maund/acre,2022-23(1).pdf,157,previous_year
Kasur,Kasur,Tobacco,2021-22,Kharif,3.45954,35.0,maund/acre,2022-23(1).pdf,157,previous_year
Khanewal,Khanewal,Tobacco,2021-22,Kharif,1.769308,17.9,maund/acre,2022-23(1).pdf,157,previous_year
Khushab,Khushab,Tobacco,2021-22,Kharif,1.383816,14.0,maund/acre,2022-23(1).pdf,157,previous_year
Lahore,Lahore,Tobacco,2021-22,Kharif,3.232199,32.7,maund/acre,2022-23(1).pdf,157,previous_year
Lodhran,Lodhran,Tobacco,2021-22,Kharif,2.985089,30.2,maund/acre,2022-23(1).pdf,157,previous_year
Mandi Bahauddin,M.B.Din,Tobacco,2021-22,Kharif,1.344278,13.6,maund/acre,2022-23(1).pdf,157,previous_year
Mianwali,Mianwali,Tobacco,2021-22,Kharif,3.95376,40.0,maund/acre,2022-23(1).pdf,157,previous_year
Muzaffargarh,Muzaffargarh,Tobacco,2021-22,Kharif,2.737979,27.7,maund/acre,2022-23(1).pdf,157,previous_year
Nankana Sahib,Nankana Sahib,Tobacco,2021-22,Kharif,1.561735,15.8,maund/acre,2022-23(1).pdf,157,previous_year
Narowal,Narowal,Tobacco,2021-22,Kharif,2.678672,27.1,maund/acre,2022-23(1).pdf,157,previous_year
Okara,Okara,Tobacco,2021-22,Kharif,3.489193,35.3,maund/acre,2022-23(1).pdf,157,previous_year
Pakpattan,Pakpattan,Tobacco,2021-22,Kharif,1.838498,18.6,maund/acre,2022-23(1).pdf,157,previous_year
Rahim Yar Khan,Rahim Yar Khan,Tobacco,2021-22,Kharif,1.462891,14.8,maund/acre,2022-23(1).pdf,157,previous_year
Rajanpur,Rajan Pur,Tobacco,2021-22,Kharif,3.70665,37.5,maund/acre,2022-23(1).pdf,157,previous_year
Rawalpindi,RAWALPINDI DV:,Tobacco,2021-22,Kharif,2.164684,21.9,maund/acre,2022-23(1).pdf,157,previous_year
Sahiwal,Sahiwal,Tobacco,2021-22,Kharif,2.253643,22.8,maund/acre,2022-23(1).pdf,157,previous_year
Sargodha,Sargodha,Tobacco,2021-22,Kharif,1.97688,20.0,maund/acre,2022-23(1).pdf,157,previous_year
Sheikhupura,Sheikhupura,Tobacco,2021-22,Kharif,2.263528,22.9,maund/acre,2022-23(1).pdf,157,previous_year
Sialkot,Sialkot,Tobacco,2021-22,Kharif,1.719886,17.4,maund/acre,2022-23(1).pdf,157,previous_year
Toba Tek Singh,T.T. Singh,Tobacco,2021-22,Kharif,2.243759,22.7,maund/acre,2022-23(1).pdf,157,previous_year
Vehari,Vehari,Tobacco,2021-22,Kharif,2.342603,23.7,maund/acre,2022-23(1).pdf,157,previous_year
Kasur,Kasur,Turmeric,2021-22,Kharif,23.426028,237.0,maund/acre,2022-23(1).pdf,87,previous_year
Okara,Okara,Turmeric,2021-22,Kharif,24.21678,245.0,maund/acre,2022-23(1).pdf,87,previous_year
Attock,Attock,Wheat,2021-22,Rabi,1.700117,17.2,maund/acre,2022-23(1).pdf,116,previous_year
Bahawalnagar,Bahawalnagar,Wheat,2021-22,Rabi,3.558384,36.0,maund/acre,2022-23(1).pdf,116,previous_year
Bahawalpur,Bahawalpur,Wheat,2021-22,Rabi,3.558384,36.0,maund/acre,2022-23(1).pdf,116,previous_year
Bhakkar,Bhakkar,Wheat,2021-22,Rabi,2.639135,26.7,maund/acre,2022-23(1).pdf,116,previous_year
Chakwal,Chakwal,Wheat,2021-22,Rabi,1.660579,16.8,maund/acre,2022-23(1).pdf,116,previous_year
Chiniot,Chiniot,Wheat,2021-22,Rabi,3.429887,34.7,maund/acre,2022-23(1).pdf,116,previous_year
Dera Ghazi Khan,D.G. Khan,Wheat,2021-22,Rabi,3.172892,32.1,maund/acre,2022-23(1).pdf,116,previous_year
Faisalabad,Faisalabad,Wheat,2021-22,Rabi,3.271736,33.1,maund/acre,2022-23(1).pdf,116,previous_year
Gujranwala,Gujranwala,Wheat,2021-22,Rabi,3.034511,30.7,maund/acre,2022-23(1).pdf,116,previous_year
Gujrat,Gujrat,Wheat,2021-22,Rabi,2.046071,20.7,maund/acre,2022-23(1).pdf,116,previous_year
Hafizabad,Hafizabad,Wheat,2021-22,Rabi,3.291505,33.3,maund/acre,2022-23(1).pdf,116,previous_year
Islamabad,Islamabad,Wheat,2021-22,Rabi,1.81873,18.4,maund/acre,2022-23(1).pdf,116,previous_year
Jhang,Jhang,Wheat,2021-22,Rabi,3.172892,32.1,maund/acre,2022-23(1).pdf,116,previous_year
Jhelum,Jhelum,Wheat,2021-22,Rabi,1.966996,19.9,maund/acre,2022-23(1).pdf,116,previous_year
Kasur,Kasur,Wheat,2021-22,Rabi,3.12347,31.6,maund/acre,2022-23(1).pdf,116,previous_year
Khanewal,Khanewal,Wheat,2021-22,Rabi,3.686881,37.3,maund/acre,2022-23(1).pdf,116,previous_year
Khushab,Khushab,Wheat,2021-22,Rabi,2.06584,20.9,maund/acre,2022-23(1).pdf,116,previous_year
Kot Addu,Kot Addu,Wheat,2021-22,Rabi,2.767632,28.0,maund/acre,2022-23(1).pdf,116,previous_year
Lahore,Lahore,Wheat,2021-22,Rabi,3.439771,34.8,maund/acre,2022-23(1).pdf,116,previous_year
Layyah,Layyah,Wheat,2021-22,Rabi,2.994973,30.3,maund/acre,2022-23(1).pdf,116,previous_year
Lodhran,Lodhran,Wheat,2021-22,Rabi,3.765956,38.1,maund/acre,2022-23(1).pdf,116,previous_year
Mandi Bahauddin,M.B.Din,Wheat,2021-22,Rabi,2.797285,28.3,maund/acre,2022-23(1).pdf,116,previous_year
Mianwali,Mianwali,Wheat,2021-22,Rabi,2.698441,27.3,maund/acre,2022-23(1).pdf,116,previous_year
Multan,Multan,Wheat,2021-22,Rabi,3.627575,36.7,maund/acre,2022-23(1).pdf,116,previous_year
Murree,Muree,Wheat,2021-22,Rabi,1.413469,14.3,maund/acre,2022-23(1).pdf,116,previous_year
Muzaffargarh,Muzzafargargh,Wheat,2021-22,Rabi,3.202546,32.4,maund/acre,2022-23(1).pdf,116,previous_year
Nankana Sahib,Nankana Sahib,Wheat,2021-22,Rabi,3.410118,34.5,maund/acre,2022-23(1).pdf,116,previous_year
Narowal,Narowal,Wheat,2021-22,Rabi,2.263528,22.9,maund/acre,2022-23(1).pdf,116,previous_year
Okara,Okara,Wheat,2021-22,Rabi,3.775841,38.2,maund/acre,2022-23(1).pdf,116,previous_year
Pakpattan,Pakpattan,Wheat,2021-22,Rabi,3.449656,34.9,maund/acre,2022-23(1).pdf,116,previous_year
Rahim Yar Khan,Rahim Yar Khan,Wheat,2021-22,Rabi,3.70665,37.5,maund/acre,2022-23(1).pdf,116,previous_year
Rajanpur,Rajan Pur,Wheat,2021-22,Rabi,3.469424,35.1,maund/acre,2022-23(1).pdf,116,previous_year
Rawalpindi,Rawalpindi,Wheat,2021-22,Rabi,1.966996,19.9,maund/acre,2022-23(1).pdf,116,previous_year
Sahiwal,Sahiwal,Wheat,2021-22,Rabi,3.410118,34.5,maund/acre,2022-23(1).pdf,116,previous_year
Sargodha,Sargodha,Wheat,2021-22,Rabi,2.797285,28.3,maund/acre,2022-23(1).pdf,116,previous_year
Sheikhupura,Sheikhupura,Wheat,2021-22,Rabi,3.024626,30.6,maund/acre,2022-23(1).pdf,116,previous_year
Sialkot,Sialkot,Wheat,2021-22,Rabi,2.490869,25.2,maund/acre,2022-23(1).pdf,116,previous_year
Talagang,Talagang,Wheat,2021-22,Rabi,1.700117,17.2,maund/acre,2022-23(1).pdf,116,previous_year
Toba Tek Singh,T.T. Singh,Wheat,2021-22,Rabi,3.340927,33.8,maund/acre,2022-23(1).pdf,116,previous_year
Vehari,Vehari,Wheat,2021-22,Rabi,3.489193,35.3,maund/acre,2022-23(1).pdf,116,previous_year
Wazirabad,Wazirabad,Wheat,2021-22,Rabi,2.817054,28.5,maund/acre,2022-23(1).pdf,116,previous_year
Bhakkar,Bhakkar,Arum,2022-23,Kharif,24.315624,246.0,maund/acre,2022-23(1).pdf,71,current
Chiniot,Chiniot,Arum,2022-23,Kharif,36.57228,370.0,maund/acre,2022-23(1).pdf,71,current
Jhang,Jhang,Arum,2022-23,Kharif,20.954928,212.0,maund/acre,2022-23(1).pdf,71,current
Kasur,Kasur,Arum,2022-23,Kharif,25.304064,256.0,maund/acre,2022-23(1).pdf,71,current
Khanewal,Khanewal,Arum,2022-23,Kharif,26.68788,270.0,maund/acre,2022-23(1).pdf,71,current
Khushab,Khushab,Arum,2022-23,Kharif,32.915052,333.0,maund/acre,2022-23(1).pdf,71,current
Lahore,Lahore,Arum,2022-23,Kharif,16.210416,164.0,maund/acre,2022-23(1).pdf,71,current
Multan,Multan,Arum,2022-23,Kharif,22.536432,228.0,maund/acre,2022-23(1).pdf,71,current
Muzaffargarh,Muzaffargarh,Arum,2022-23,Kharif,19.669956,199.0,maund/acre,2022-23(1).pdf,71,current
Okara,Okara,Arum,2022-23,Kharif,21.152616,214.0,maund/acre,2022-23(1).pdf,71,current
Pakpattan,Pakpattan,Arum,2022-23,Kharif,23.524872,238.0,maund/acre,2022-23(1).pdf,71,current
Vehari,Vehari,Arum,2022-23,Kharif,21.74568,220.0,maund/acre,2022-23(1).pdf,71,current
Attock,Attock,Bajra,2022-23,Kharif,2.075724,21.0,maund/acre,2022-23(1).pdf,56,current
Bahawalnagar,Bahawalnagar,Bajra,2022-23,Kharif,1.373932,13.9,maund/acre,2022-23(1).pdf,56,current
Bahawalpur,Bahawalpur,Bajra,2022-23,Kharif,0.98844,10.0,maund/acre,2022-23(1).pdf,56,current
Bhakkar,Bhakkar,Bajra,2022-23,Kharif,1.739654,17.6,maund/acre,2022-23(1).pdf,56,current
Chakwal,Chakwal,Bajra,2022-23,Kharif,1.344278,13.6,maund/acre,2022-23(1).pdf,56,current
Faisalabad,Faisalabad,Bajra,2022-23,Kharif,2.046071,20.7,maund/acre,2022-23(1).pdf,56,current
Gujrat,Gujrat,Bajra,2022-23,Kharif,1.087284,11.0,maund/acre,2022-23(1).pdf,56,current
Islamabad,Islamabad,Bajra,2022-23,Kharif,1.087284,11.0,maund/acre,2022-23(1).pdf,56,current
Jhang,Jhang,Bajra,2022-23,Kharif,1.878036,19.0,maund/acre,2022-23(1).pdf,56,current
Jhelum,Jhelum,Bajra,2022-23,Kharif,1.650695,16.7,maund/acre,2022-23(1).pdf,56,current
Kasur,Kasur,Bajra,2022-23,Kharif,1.838498,18.6,maund/acre,2022-23(1).pdf,56,current
Khanewal,Khanewal,Bajra,2022-23,Kharif,1.225666,12.4,maund/acre,2022-23(1).pdf,56,current
Khushab,Khushab,Bajra,2022-23,Kharif,1.314625,13.3,maund/acre,2022-23(1).pdf,56,current
Lahore,Lahore,Bajra,2022-23,Kharif,1.798961,18.2,maund/acre,2022-23(1).pdf,56,current
Layyah,Layyah,Bajra,2022-23,Kharif,0.968671,9.8,maund/acre,2022-23(1).pdf,56,current
Lodhran,Lodhran,Bajra,2022-23,Kharif,1.97688,20.0,maund/acre,2022-23(1).pdf,56,current
Mianwali,Mianwali,Bajra,2022-23,Kharif,0.850058,8.6,maund/acre,2022-23(1).pdf,56,current
Multan,Multan,Bajra,2022-23,Kharif,1.897805,19.2,maund/acre,2022-23(1).pdf,56,current
Muzaffargarh,Muzaffargarh,Bajra,2022-23,Kharif,1.561735,15.8,maund/acre,2022-23(1).pdf,56,current
Narowal,Narowal,Bajra,2022-23,Kharif,2.164684,21.9,maund/acre,2022-23(1).pdf,56,current
Pakpattan,Pakpattan,Bajra,2022-23,Kharif,1.383816,14.0,maund/acre,2022-23(1).pdf,56,current
Rajanpur,Rajan Pur,Bajra,2022-23,Kharif,0.49422,5.0,maund/acre,2022-23(1).pdf,56,current
Rawalpindi,Rawalpindi,Bajra,2022-23,Kharif,0.89948,9.1,maund/acre,2022-23(1).pdf,56,current
Toba Tek Singh,T.T. Singh,Bajra,2022-23,Kharif,1.650695,16.7,maund/acre,2022-23(1).pdf,56,current
Vehari,Vehari,Bajra,2022-23,Kharif,2.322834,23.5,maund/acre,2022-23(1).pdf,56,current
Attock,Attock,Barley,2022-23,Rabi,0.316301,3.2,maund/acre,2022-23(1).pdf,159,current
Bahawalnagar,Bahawalnagar,Barley,2022-23,Rabi,1.186128,12.0,maund/acre,2022-23(1).pdf,159,current
Bhakkar,Bhakkar,Barley,2022-23,Rabi,1.532082,15.5,maund/acre,2022-23(1).pdf,159,current
Chakwal,Chakwal,Barley,2022-23,Rabi,2.13503,21.6,maund/acre,2022-23(1).pdf,159,current
Jhang,Jhang,Barley,2022-23,Rabi,1.917574,19.4,maund/acre,2022-23(1).pdf,159,current
Jhelum,Jhelum,Barley,2022-23,Rabi,1.215781,12.3,maund/acre,2022-23(1).pdf,159,current
Khanewal,Khanewal,Barley,2022-23,Rabi,1.245434,12.6,maund/acre,2022-23(1).pdf,159,current
Khushab,Khushab,Barley,2022-23,Rabi,0.800636,8.1,maund/acre,2022-23(1).pdf,159,current
Mandi Bahauddin,M.B.Din,Barley,2022-23,Rabi,3.163008,32.0,maund/acre,2022-23(1).pdf,159,current
Mianwali,Mianwali,Barley,2022-23,Rabi,0.939018,9.5,maund/acre,2022-23(1).pdf,159,current
Narowal,Narowal,Barley,2022-23,Rabi,1.937342,19.6,maund/acre,2022-23(1).pdf,159,current
Rawalpindi,RAWALPINDI DV:,Barley,2022-23,Rabi,1.670464,16.9,maund/acre,2022-23(1).pdf,159,current
Sargodha,Sargodha,Barley,2022-23,Rabi,1.72977,17.5,maund/acre,2022-23(1).pdf,159,current
Bahawalnagar,Bahawalnagar,Beans,2022-23,Kharif,4.349136,44.0,maund/acre,2022-23(1).pdf,79,current
Bahawalpur,Bahawalpur,Beans,2022-23,Kharif,5.732952,58.0,maund/acre,2022-23(1).pdf,79,current
Bhakkar,Bhakkar,Beans,2022-23,Kharif,4.44798,45.0,maund/acre,2022-23(1).pdf,79,current
Faisalabad,Faisalabad,Beans,2022-23,Kharif,5.337576,54.0,maund/acre,2022-23(1).pdf,79,current
Gujranwala,Gujranwala,Beans,2022-23,Kharif,3.657228,37.0,maund/acre,2022-23(1).pdf,79,current
Gujrat,Gujrat,Beans,2022-23,Kharif,2.372256,24.0,maund/acre,2022-23(1).pdf,79,current
Kasur,Kasur,Beans,2022-23,Kharif,2.96532,30.0,maund/acre,2022-23(1).pdf,79,current
Khanewal,Khanewal,Beans,2022-23,Kharif,7.116768,72.0,maund/acre,2022-23(1).pdf,79,current
Lahore,Lahore,Beans,2022-23,Kharif,5.238732,53.0,maund/acre,2022-23(1).pdf,79,current
Lodhran,Lodhran,Beans,2022-23,Kharif,7.017924,71.0,maund/acre,2022-23(1).pdf,79,current
Multan,Multan,Beans,2022-23,Kharif,7.512144,76.0,maund/acre,2022-23(1).pdf,79,current
Nankana Sahib,Nankana Sahib,Beans,2022-23,Kharif,9.8844,100.0,maund/acre,2022-23(1).pdf,79,current
Narowal,Narowal,Beans,2022-23,Kharif,4.44798,45.0,maund/acre,2022-23(1).pdf,79,current
Okara,Okara,Beans,2022-23,Kharif,3.657228,37.0,maund/acre,2022-23(1).pdf,79,current
Pakpattan,Pakpattan,Beans,2022-23,Kharif,3.45954,35.0,maund/acre,2022-23(1).pdf,79,current
Rahim Yar Khan,Rahim Yar Khan,Beans,2022-23,Kharif,6.128328,62.0,maund/acre,2022-23(1).pdf,79,current
Sahiwal,Sahiwal,Beans,2022-23,Kharif,3.657228,37.0,maund/acre,2022-23(1).pdf,79,current
Sargodha,Sargodha,Beans,2022-23,Kharif,6.523704,66.0,maund/acre,2022-23(1).pdf,79,current
Sheikhupura,Sheikhupura,Beans,2022-23,Kharif,6.326016,64.0,maund/acre,2022-23(1).pdf,79,current
Sialkot,Sialkot,Beans,2022-23,Kharif,3.875,3875.0,kg/ha,2022-23(1).pdf,80,current
Toba Tek Singh,T.T. Singh,Beans,2022-23,Kharif,4.052604,41.0,maund/acre,2022-23(1).pdf,79,current
Vehari,Vehari,Beans,2022-23,Kharif,4.151448,42.0,maund/acre,2022-23(1).pdf,79,current
Attock,Attock,Bitter Gourd,2022-23,Kharif,4.744512,48.0,maund/acre,2022-23(1).pdf,61,current
Bahawalnagar,Bahawalnagar,Bitter Gourd,2022-23,Kharif,14.134692,143.0,maund/acre,2022-23(1).pdf,61,current
Bahawalpur,Bahawalpur,Bitter Gourd,2022-23,Kharif,3.558384,36.0,maund/acre,2022-23(1).pdf,61,current
Bhakkar,Bhakkar,Bitter Gourd,2022-23,Kharif,10.87284,110.0,maund/acre,2022-23(1).pdf,61,current
Faisalabad,Faisalabad,Bitter Gourd,2022-23,Kharif,16.605792,168.0,maund/acre,2022-23(1).pdf,61,current
Gujranwala,Gujranwala,Bitter Gourd,2022-23,Kharif,18.582672,188.0,maund/acre,2022-23(1).pdf,61,current
Gujrat,Gujrat,Bitter Gourd,2022-23,Kharif,10.576308,107.0,maund/acre,2022-23(1).pdf,61,current
Hafizabad,Hafizabad,Bitter Gourd,2022-23,Kharif,15.419664,156.0,maund/acre,2022-23(1).pdf,61,current
Islamabad,Islamabad,Bitter Gourd,2022-23,Kharif,11.86128,120.0,maund/acre,2022-23(1).pdf,61,current
Jhang,Jhang,Bitter Gourd,2022-23,Kharif,15.617352,158.0,maund/acre,2022-23(1).pdf,61,current
Kasur,Kasur,Bitter Gourd,2022-23,Kharif,21.74568,220.0,maund/acre,2022-23(1).pdf,61,current
Khanewal,Khanewal,Bitter Gourd,2022-23,Kharif,24.21678,245.0,maund/acre,2022-23(1).pdf,61,current
Khushab,Khushab,Bitter Gourd,2022-23,Kharif,7.4133,75.0,maund/acre,2022-23(1).pdf,61,current
Lahore,Lahore,Bitter Gourd,2022-23,Kharif,15.024288,152.0,maund/acre,2022-23(1).pdf,61,current
Lodhran,Lodhran,Bitter Gourd,2022-23,Kharif,22.73412,230.0,maund/acre,2022-23(1).pdf,61,current
Mandi Bahauddin,M.B. Din,Bitter Gourd,2022-23,Kharif,11.960124,121.0,maund/acre,2022-23(1).pdf,61,current
Multan,Multan,Bitter Gourd,2022-23,Kharif,14.727756,149.0,maund/acre,2022-23(1).pdf,61,current
Muzaffargarh,Muzaffargarh,Bitter Gourd,2022-23,Kharif,13.047408,132.0,maund/acre,2022-23(1).pdf,61,current
Nankana Sahib,Nankana Sahib,Bitter Gourd,2022-23,Kharif,15.221976,154.0,maund/acre,2022-23(1).pdf,61,current
Narowal,Narowal,Bitter Gourd,2022-23,Kharif,17.198856,174.0,maund/acre,2022-23(1).pdf,61,current
Okara,Okara,Bitter Gourd,2022-23,Kharif,39.339912,398.0,maund/acre,2022-23(1).pdf,61,current
Pakpattan,Pakpattan,Bitter Gourd,2022-23,Kharif,20.559552,208.0,maund/acre,2022-23(1).pdf,61,current
Rahim Yar Khan,Rahim Yar Khan,Bitter Gourd,2022-23,Kharif,15.221976,154.0,maund/acre,2022-23(1).pdf,61,current
Rajanpur,Rajan Pur,Bitter Gourd,2022-23,Kharif,12.84972,130.0,maund/acre,2022-23(1).pdf,61,current
Rawalpindi,Rawalpindi,Bitter Gourd,2022-23,Kharif,12.84972,130.0,maund/acre,2022-23(1).pdf,61,current
Sahiwal,Sahiwal,Bitter Gourd,2022-23,Kharif,37.56072,380.0,maund/acre,2022-23(1).pdf,61,current
Sargodha,Sargodha,Bitter Gourd,2022-23,Kharif,12.652032,128.0,maund/acre,2022-23(1).pdf,61,current
Sheikhupura,Sheikhupura,Bitter Gourd,2022-23,Kharif,6.227172,63.0,maund/acre,2022-23(1).pdf,61,current
Sialkot,Sialkot,Bitter Gourd,2022-23,Kharif,16.30926,165.0,maund/acre,2022-23(1).pdf,61,current
Toba Tek Singh,T.T. Singh,Bitter Gourd,2022-23,Kharif,17.495388,177.0,maund/acre,2022-23(1).pdf,61,current
Vehari,Vehari,Bitter Gourd,2022-23,Kharif,39.241068,397.0,maund/acre,2022-23(1).pdf,61,current
Attock,Attock,Bottle Gourd,2022-23,Kharif,6.622548,67.0,maund/acre,2022-23(1).pdf,65,current
Bahawalnagar,Bahawalnagar,Bottle Gourd,2022-23,Kharif,24.711,250.0,maund/acre,2022-23(1).pdf,65,current
Bahawalpur,Bahawalpur,Bottle Gourd,2022-23,Kharif,35.08962,355.0,maund/acre,2022-23(1).pdf,65,current
Bhakkar,Bhakkar,Bottle Gourd,2022-23,Kharif,27.874008,282.0,maund/acre,2022-23(1).pdf,65,current
Chakwal,Chakwal,Bottle Gourd,2022-23,Kharif,12.652032,128.0,maund/acre,2022-23(1).pdf,65,current
Chiniot,Chiniot,Bottle Gourd,2022-23,Kharif,22.141056,224.0,maund/acre,2022-23(1).pdf,65,current
Dera Ghazi Khan,D.G. Khan,Bottle Gourd,2022-23,Kharif,11.268216,114.0,maund/acre,2022-23(1).pdf,65,current
Faisalabad,Faisalabad,Bottle Gourd,2022-23,Kharif,15.024288,152.0,maund/acre,2022-23(1).pdf,65,current
Gujranwala,Gujranwala,Bottle Gourd,2022-23,Kharif,22.437588,227.0,maund/acre,2022-23(1).pdf,65,current
Gujrat,Gujrat,Bottle Gourd,2022-23,Kharif,11.268216,114.0,maund/acre,2022-23(1).pdf,65,current
Hafizabad,Hafizabad,Bottle Gourd,2022-23,Kharif,16.111572,163.0,maund/acre,2022-23(1).pdf,65,current
Jhang,Jhang,Bottle Gourd,2022-23,Kharif,34.5954,350.0,maund/acre,2022-23(1).pdf,65,current
Jhelum,Jhelum,Bottle Gourd,2022-23,Kharif,17.79192,180.0,maund/acre,2022-23(1).pdf,65,current
Kasur,Kasur,Bottle Gourd,2022-23,Kharif,28.467072,288.0,maund/acre,2022-23(1).pdf,65,current
Khanewal,Khanewal,Bottle Gourd,2022-23,Kharif,24.21678,245.0,maund/acre,2022-23(1).pdf,65,current
Khushab,Khushab,Bottle Gourd,2022-23,Kharif,9.39018,95.0,maund/acre,2022-23(1).pdf,65,current
Lahore,Lahore,Bottle Gourd,2022-23,Kharif,9.093648,92.0,maund/acre,2022-23(1).pdf,65,current
Lodhran,Lodhran,Bottle Gourd,2022-23,Kharif,36.868812,373.0,maund/acre,2022-23(1).pdf,65,current
Mandi Bahauddin,M.B. Din,Bottle Gourd,2022-23,Kharif,19.571112,198.0,maund/acre,2022-23(1).pdf,65,current
Mianwali,Mianwali,Bottle Gourd,2022-23,Kharif,9.093648,92.0,maund/acre,2022-23(1).pdf,65,current
Multan,Multan,Bottle Gourd,2022-23,Kharif,14.233536,144.0,maund/acre,2022-23(1).pdf,65,current
Muzaffargarh,Muzaffargarh,Bottle Gourd,2022-23,Kharif,30.048576,304.0,maund/acre,2022-23(1).pdf,65,current
Nankana Sahib,Nankana Sahib,Bottle Gourd,2022-23,Kharif,19.27458,195.0,maund/acre,2022-23(1).pdf,65,current
Narowal,Narowal,Bottle Gourd,2022-23,Kharif,10.87284,110.0,maund/acre,2022-23(1).pdf,65,current
Okara,Okara,Bottle Gourd,2022-23,Kharif,38.54916,390.0,maund/acre,2022-23(1).pdf,65,current
Pakpattan,Pakpattan,Bottle Gourd,2022-23,Kharif,10.477464,106.0,maund/acre,2022-23(1).pdf,65,current
Rahim Yar Khan,Rahim Yar Khan,Bottle Gourd,2022-23,Kharif,29.257824,296.0,maund/acre,2022-23(1).pdf,65,current
Rajanpur,Rajan Pur,Bottle Gourd,2022-23,Kharif,8.302896,84.0,maund/acre,2022-23(1).pdf,65,current
Rawalpindi,Rawalpindi,Bottle Gourd,2022-23,Kharif,17.2977,175.0,maund/acre,2022-23(1).pdf,65,current
Sahiwal,Sahiwal,Bottle Gourd,2022-23,Kharif,9.785556,99.0,maund/acre,2022-23(1).pdf,65,current
Sargodha,Sargodha,Bottle Gourd,2022-23,Kharif,11.960124,121.0,maund/acre,2022-23(1).pdf,65,current
Sheikhupura,Sheikhupura,Bottle Gourd,2022-23,Kharif,15.716196,159.0,maund/acre,2022-23(1).pdf,65,current
Sialkot,Sialkot,Bottle Gourd,2022-23,Kharif,10.180932,103.0,maund/acre,2022-23(1).pdf,65,current
Toba Tek Singh,T.T. Singh,Bottle Gourd,2022-23,Kharif,26.984412,273.0,maund/acre,2022-23(1).pdf,65,current
Vehari,Vehari,Bottle Gourd,2022-23,Kharif,36.07806,365.0,maund/acre,2022-23(1).pdf,65,current
Attock,Attock,Brinjal,2022-23,Kharif,10.773996,109.0,maund/acre,2022-23(1).pdf,67,current
Bahawalnagar,Bahawalnagar,Brinjal,2022-23,Kharif,25.007532,253.0,maund/acre,2022-23(1).pdf,67,current
Bahawalpur,Bahawalpur,Brinjal,2022-23,Kharif,13.541628,137.0,maund/acre,2022-23(1).pdf,67,current
Chakwal,Chakwal,Brinjal,2022-23,Kharif,9.39018,95.0,maund/acre,2022-23(1).pdf,67,current
Faisalabad,Faisalabad,Brinjal,2022-23,Kharif,15.913884,161.0,maund/acre,2022-23(1).pdf,67,current
Gujranwala,Gujranwala,Brinjal,2022-23,Kharif,16.408104,166.0,maund/acre,2022-23(1).pdf,67,current
Gujrat,Gujrat,Brinjal,2022-23,Kharif,12.652032,128.0,maund/acre,2022-23(1).pdf,67,current
Hafizabad,Hafizabad,Brinjal,2022-23,Kharif,37.363032,378.0,maund/acre,2022-23(1).pdf,67,current
Jhang,Jhang,Brinjal,2022-23,Kharif,22.635276,229.0,maund/acre,2022-23(1).pdf,67,current
Jhelum,Jhelum,Brinjal,2022-23,Kharif,11.960124,121.0,maund/acre,2022-23(1).pdf,67,current
Kasur,Kasur,Brinjal,2022-23,Kharif,42.0087,425.0,maund/acre,2022-23(1).pdf,67,current
Khanewal,Khanewal,Brinjal,2022-23,Kharif,19.373424,196.0,maund/acre,2022-23(1).pdf,67,current
Khushab,Khushab,Brinjal,2022-23,Kharif,10.971684,111.0,maund/acre,2022-23(1).pdf,67,current
Lahore,Lahore,Brinjal,2022-23,Kharif,25.402908,257.0,maund/acre,2022-23(1).pdf,67,current
Lodhran,Lodhran,Brinjal,2022-23,Kharif,31.432392,318.0,maund/acre,2022-23(1).pdf,67,current
Mandi Bahauddin,M.B. Din,Brinjal,2022-23,Kharif,14.8266,150.0,maund/acre,2022-23(1).pdf,67,current
Multan,Multan,Brinjal,2022-23,Kharif,15.617352,158.0,maund/acre,2022-23(1).pdf,67,current
Muzaffargarh,Muzaffargarh,Brinjal,2022-23,Kharif,16.80348,170.0,maund/acre,2022-23(1).pdf,67,current
Nankana Sahib,Nankana Sahib,Brinjal,2022-23,Kharif,32.915052,333.0,maund/acre,2022-23(1).pdf,67,current
Narowal,Narowal,Brinjal,2022-23,Kharif,10.180932,103.0,maund/acre,2022-23(1).pdf,67,current
Okara,Okara,Brinjal,2022-23,Kharif,40.921416,414.0,maund/acre,2022-23(1).pdf,67,current
Pakpattan,Pakpattan,Brinjal,2022-23,Kharif,37.363032,378.0,maund/acre,2022-23(1).pdf,67,current
Rahim Yar Khan,Rahim Yar Khan,Brinjal,2022-23,Kharif,45.665928,462.0,maund/acre,2022-23(1).pdf,67,current
Rawalpindi,Rawalpindi,Brinjal,2022-23,Kharif,16.605792,168.0,maund/acre,2022-23(1).pdf,67,current
Sahiwal,Sahiwal,Brinjal,2022-23,Kharif,7.90752,80.0,maund/acre,2022-23(1).pdf,67,current
Sargodha,Sargodha,Brinjal,2022-23,Kharif,21.152616,214.0,maund/acre,2022-23(1).pdf,67,current
Sheikhupura,Sheikhupura,Brinjal,2022-23,Kharif,28.17054,285.0,maund/acre,2022-23(1).pdf,67,current
Sialkot,Sialkot,Brinjal,2022-23,Kharif,13.047408,132.0,maund/acre,2022-23(1).pdf,67,current
Toba Tek Singh,T.T. Singh,Brinjal,2022-23,Kharif,36.275748,367.0,maund/acre,2022-23(1).pdf,67,current
Vehari,Vehari,Brinjal,2022-23,Kharif,7.808676,79.0,maund/acre,2022-23(1).pdf,67,current
Bahawalnagar,Bahawalnagar,Canola,2022-23,Rabi,2.481973,25.11,maund/acre,2022-23(1).pdf,139,current
Bahawalpur,Bahawalpur,Canola,2022-23,Rabi,1.882978,19.05,maund/acre,2022-23(1).pdf,139,current
Bhakkar,Bhakkar,Canola,2022-23,Rabi,1.260261,12.75,maund/acre,2022-23(1).pdf,139,current
Chiniot,Chiniot,Canola,2022-23,Rabi,1.631914,16.51,maund/acre,2022-23(1).pdf,139,current
Dera Ghazi Khan,D.G. Khan,Canola,2022-23,Rabi,1.275088,12.9,maund/acre,2022-23(1).pdf,139,current
Faisalabad,Faisalabad,Canola,2022-23,Rabi,1.51429,15.32,maund/acre,2022-23(1).pdf,139,current
Gujrat,Gujrat,Canola,2022-23,Rabi,1.111995,11.25,maund/acre,2022-23(1).pdf,139,current
Jhang,Jhang,Canola,2022-23,Rabi,1.695175,17.15,maund/acre,2022-23(1).pdf,139,current
Kasur,Kasur,Canola,2022-23,Rabi,2.036186,20.6,maund/acre,2022-23(1).pdf,139,current
Khanewal,Khanewal,Canola,2022-23,Rabi,1.728782,17.49,maund/acre,2022-23(1).pdf,139,current
Khushab,Khushab,Canola,2022-23,Rabi,1.466845,14.84,maund/acre,2022-23(1).pdf,139,current
Kot Addu,Kot Addu,Canola,2022-23,Rabi,1.785123,18.06,maund/acre,2022-23(1).pdf,139,current
Lahore,Lahore,Canola,2022-23,Rabi,2.230909,22.57,maund/acre,2022-23(1).pdf,139,current
Layyah,Layyah,Canola,2022-23,Rabi,1.979845,20.03,maund/acre,2022-23(1).pdf,139,current
Lodhran,Lodhran,Canola,2022-23,Rabi,1.726805,17.47,maund/acre,2022-23(1).pdf,139,current
Mianwali,Mianwali,Canola,2022-23,Rabi,2.075724,21.0,maund/acre,2022-23(1).pdf,139,current
Multan,Multan,Canola,2022-23,Rabi,1.971938,19.95,maund/acre,2022-23(1).pdf,139,current
Muzaffargarh,Muzzafargargh,Canola,2022-23,Rabi,1.52714,15.45,maund/acre,2022-23(1).pdf,139,current
Nankana Sahib,Nankana Sahib,Canola,2022-23,Rabi,1.764365,17.85,maund/acre,2022-23(1).pdf,139,current
Narowal,Narowal,Canola,2022-23,Rabi,1.333406,13.49,maund/acre,2022-23(1).pdf,139,current
Okara,Okara,Canola,2022-23,Rabi,2.102412,21.27,maund/acre,2022-23(1).pdf,139,current
Pakpattan,Pakpattan,Canola,2022-23,Rabi,1.553828,15.72,maund/acre,2022-23(1).pdf,139,current
Rahim Yar Khan,Rahim Yar Khan,Canola,2022-23,Rabi,1.548885,15.67,maund/acre,2022-23(1).pdf,139,current
Rajanpur,Rajan Pur,Canola,2022-23,Rabi,1.9581,19.81,maund/acre,2022-23(1).pdf,139,current
Sahiwal,Sahiwal,Canola,2022-23,Rabi,1.531094,15.49,maund/acre,2022-23(1).pdf,139,current
Sargodha,Sargodha,Canola,2022-23,Rabi,1.519232,15.37,maund/acre,2022-23(1).pdf,139,current
Sheikhupura,Sheikhupura,Canola,2022-23,Rabi,1.898793,19.21,maund/acre,2022-23(1).pdf,139,current
Sialkot,Sialkot,Canola,2022-23,Rabi,1.335382,13.51,maund/acre,2022-23(1).pdf,139,current
Toba Tek Singh,T.T. Singh,Canola,2022-23,Rabi,1.433238,14.5,maund/acre,2022-23(1).pdf,139,current
Vehari,Vehari,Canola,2022-23,Rabi,1.715932,17.36,maund/acre,2022-23(1).pdf,139,current
Bahawalnagar,Bahawalnagar,Cotton,2022-23,Kharif,0.960764,9.72,maund/acre,2022-23(1).pdf,4,current
Bahawalpur,Bahawalpur,Cotton,2022-23,Kharif,1.078388,10.91,maund/acre,2022-23(1).pdf,4,current
Bhakkar,Bhakkar,Cotton,2022-23,Kharif,1.531094,15.49,maund/acre,2022-23(1).pdf,4,current
Dera Ghazi Khan,D.G. Khan,Cotton,2022-23,Kharif,0.524862,5.31,maund/acre,2022-23(1).pdf,4,current
Faisalabad,Faisalabad,Cotton,2022-23,Kharif,0.632602,6.4,maund/acre,2022-23(1).pdf,4,current
Jhang,Jhang,Cotton,2022-23,Kharif,1.184151,11.98,maund/acre,2022-23(1).pdf,4,current
Kasur,Kasur,Cotton,2022-23,Kharif,0.726503,7.35,maund/acre,2022-23(1).pdf,4,current
Khanewal,Khanewal,Cotton,2022-23,Kharif,1.156475,11.7,maund/acre,2022-23(1).pdf,4,current
Khushab,Khushab,Cotton,2022-23,Kharif,1.067515,10.8,maund/acre,2022-23(1).pdf,4,current
Layyah,Layyah,Cotton,2022-23,Kharif,1.11496,11.28,maund/acre,2022-23(1).pdf,4,current
Lodhran,Lodhran,Cotton,2022-23,Kharif,1.179209,11.93,maund/acre,2022-23(1).pdf,4,current
Mianwali,Mianwali,Cotton,2022-23,Kharif,1.844429,18.66,maund/acre,2022-23(1).pdf,4,current
Multan,Multan,Cotton,2022-23,Kharif,0.930122,9.41,maund/acre,2022-23(1).pdf,4,current
Muzaffargarh,Muzzafargargh,Cotton,2022-23,Kharif,0.670162,6.78,maund/acre,2022-23(1).pdf,4,current
Okara,Okara,Cotton,2022-23,Kharif,2.076712,21.01,maund/acre,2022-23(1).pdf,4,current
Pakpattan,Pakpattan,Cotton,2022-23,Kharif,1.767331,17.88,maund/acre,2022-23(1).pdf,4,current
Rahim Yar Khan,Rahim Yar Khan,Cotton,2022-23,Kharif,0.917272,9.28,maund/acre,2022-23(1).pdf,4,current
Rajanpur,Rajan Pur,Cotton,2022-23,Kharif,0.58318,5.9,maund/acre,2022-23(1).pdf,4,current
Sahiwal,Sahiwal,Cotton,2022-23,Kharif,1.46388,14.81,maund/acre,2022-23(1).pdf,4,current
Sargodha,Sargodha,Cotton,2022-23,Kharif,0.800636,8.1,maund/acre,2022-23(1).pdf,4,current
Toba Tek Singh,T.T. Singh,Cotton,2022-23,Kharif,0.602948,6.1,maund/acre,2022-23(1).pdf,4,current
Vehari,Vehari,Cotton,2022-23,Kharif,1.224677,12.39,maund/acre,2022-23(1).pdf,4,current
Bahawalpur,Bahawalpur,Cucumber,2022-23,Kharif,53.672292,543.0,maund/acre,2022-23(1).pdf,77,current
Chiniot,Chiniot,Cucumber,2022-23,Kharif,37.0665,375.0,maund/acre,2022-23(1).pdf,77,current
Faisalabad,Faisalabad,Cucumber,2022-23,Kharif,46.654368,472.0,maund/acre,2022-23(1).pdf,77,current
Gujranwala,Gujranwala,Cucumber,2022-23,Kharif,14.134692,143.0,maund/acre,2022-23(1).pdf,77,current
Gujrat,Gujrat,Cucumber,2022-23,Kharif,12.652032,128.0,maund/acre,2022-23(1).pdf,77,current
Jhang,Jhang,Cucumber,2022-23,Kharif,42.0087,425.0,maund/acre,2022-23(1).pdf,77,current
Jhelum,Jhelum,Cucumber,2022-23,Kharif,39.5376,400.0,maund/acre,2022-23(1).pdf,77,current
Kasur,Kasur,Cucumber,2022-23,Kharif,37.659564,381.0,maund/acre,2022-23(1).pdf,77,current
Khushab,Khushab,Cucumber,2022-23,Kharif,37.0665,375.0,maund/acre,2022-23(1).pdf,77,current
Lahore,Lahore,Cucumber,2022-23,Kharif,31.63008,320.0,maund/acre,2022-23(1).pdf,77,current
Lodhran,Lodhran,Cucumber,2022-23,Kharif,51.300036,519.0,maund/acre,2022-23(1).pdf,77,current
Multan,Multan,Cucumber,2022-23,Kharif,11.070528,112.0,maund/acre,2022-23(1).pdf,77,current
Muzaffargarh,Muzaffargarh,Cucumber,2022-23,Kharif,12.750876,129.0,maund/acre,2022-23(1).pdf,77,current
Nankana Sahib,Nankana Sahib,Cucumber,2022-23,Kharif,35.287308,357.0,maund/acre,2022-23(1).pdf,77,current
Narowal,Narowal,Cucumber,2022-23,Kharif,14.8266,150.0,maund/acre,2022-23(1).pdf,77,current
Okara,Okara,Cucumber,2022-23,Kharif,51.991944,526.0,maund/acre,2022-23(1).pdf,77,current
Pakpattan,Pakpattan,Cucumber,2022-23,Kharif,35.287308,357.0,maund/acre,2022-23(1).pdf,77,current
Rawalpindi,Rawalpindi,Cucumber,2022-23,Kharif,31.63008,320.0,maund/acre,2022-23(1).pdf,77,current
Sahiwal,Sahiwal,Cucumber,2022-23,Kharif,23.920248,242.0,maund/acre,2022-23(1).pdf,77,current
Sialkot,Sialkot,Cucumber,2022-23,Kharif,14.25,14250.0,kg/ha,2022-23(1).pdf,78,current
Toba Tek Singh,T.T. Singh,Cucumber,2022-23,Kharif,44.4798,450.0,maund/acre,2022-23(1).pdf,77,current
Vehari,Vehari,Cucumber,2022-23,Kharif,50.113908,507.0,maund/acre,2022-23(1).pdf,77,current
Bahawalnagar,Bahawalnagar,Dates,2022-23,Kharif,9.686712,98.0,maund/acre,2022-23(1).pdf,93,current
Bahawalpur,Bahawalpur,Dates,2022-23,Kharif,10.675152,108.0,maund/acre,2022-23(1).pdf,93,current
Bhakkar,Bhakkar,Dates,2022-23,Kharif,9.785556,99.0,maund/acre,2022-23(1).pdf,93,current
Chiniot,Chiniot,Dates,2022-23,Kharif,5.93064,60.0,maund/acre,2022-23(1).pdf,93,current
Dera Ghazi Khan,D.G. Khan,Dates,2022-23,Kharif,7.017924,71.0,maund/acre,2022-23(1).pdf,93,current
Faisalabad,Faisalabad,Dates,2022-23,Kharif,8.105208,82.0,maund/acre,2022-23(1).pdf,93,current
Hafizabad,Hafizabad,Dates,2022-23,Kharif,12.84972,130.0,maund/acre,2022-23(1).pdf,93,current
Jhang,Jhang,Dates,2022-23,Kharif,16.012728,162.0,maund/acre,2022-23(1).pdf,93,current
Khanewal,Khanewal,Dates,2022-23,Kharif,4.9422,50.0,maund/acre,2022-23(1).pdf,93,current
Khushab,Khushab,Dates,2022-23,Kharif,13.245096,134.0,maund/acre,2022-23(1).pdf,93,current
Lahore,Lahore,Dates,2022-23,Kharif,4.9422,50.0,maund/acre,2022-23(1).pdf,93,current
Layyah,Layyah,Dates,2022-23,Kharif,8.204052,83.0,maund/acre,2022-23(1).pdf,93,current
Lodhran,Lodhran,Dates,2022-23,Kharif,7.4133,75.0,maund/acre,2022-23(1).pdf,93,current
Mianwali,Mianwali,Dates,2022-23,Kharif,7.709832,78.0,maund/acre,2022-23(1).pdf,93,current
Multan,Multan,Dates,2022-23,Kharif,9.489024,96.0,maund/acre,2022-23(1).pdf,93,current
Muzaffargarh,Muzaffargarh,Dates,2022-23,Kharif,11.070528,112.0,maund/acre,2022-23(1).pdf,93,current
Narowal,Narowal * *,Dates,2022-23,Kharif,12.85,12850.0,kg/ha,2022-23(1).pdf,94,current
Okara,Okara,Dates,2022-23,Kharif,5.43642,55.0,maund/acre,2022-23(1).pdf,93,current
Rahim Yar Khan,Rahim Yar Khan,Dates,2022-23,Kharif,7.90752,80.0,maund/acre,2022-23(1).pdf,93,current
Rajanpur,Rajan Pur,Dates,2022-23,Kharif,5.93064,60.0,maund/acre,2022-23(1).pdf,93,current
Sahiwal,Sahiwal,Dates,2022-23,Kharif,6.42486,65.0,maund/acre,2022-23(1).pdf,93,current
Sargodha,Sargodha,Dates,2022-23,Kharif,7.4133,75.0,maund/acre,2022-23(1).pdf,93,current
Toba Tek Singh,T.T. Singh,Dates,2022-23,Kharif,5.535264,56.0,maund/acre,2022-23(1).pdf,93,current
Vehari,Vehari,Dates,2022-23,Kharif,5.43642,55.0,maund/acre,2022-23(1).pdf,93,current
Attock,Attock,Gram,2022-23,Rabi,0.950879,9.62,maund/acre,2022-23(1).pdf,121,current
Bahawalnagar,Bahawalnagar,Gram,2022-23,Rabi,0.853024,8.63,maund/acre,2022-23(1).pdf,121,current
Bahawalpur,Bahawalpur,Gram,2022-23,Rabi,1.48266,15.0,maund/acre,2022-23(1).pdf,121,current
Bhakkar,Bhakkar,Gram,2022-23,Rabi,0.135416,1.37,maund/acre,2022-23(1).pdf,121,current
Chakwal,Chakwal,Gram,2022-23,Rabi,1.018093,10.3,maund/acre,2022-23(1).pdf,121,current
Dera Ghazi Khan,D.G. Khan,Gram,2022-23,Rabi,0.944949,9.56,maund/acre,2022-23(1).pdf,121,current
Gujrat,Gujrat,Gram,2022-23,Rabi,0.154197,1.56,maund/acre,2022-23(1).pdf,121,current
Jhang,Jhang,Gram,2022-23,Rabi,0.221411,2.24,maund/acre,2022-23(1).pdf,121,current
Khushab,Khushab,Gram,2022-23,Rabi,0.266879,2.7,maund/acre,2022-23(1).pdf,121,current
Kot Addu,Kot Addu,Gram,2022-23,Rabi,0.766041,7.75,maund/acre,2022-23(1).pdf,121,current
Layyah,Layyah,Gram,2022-23,Rabi,0.358804,3.63,maund/acre,2022-23(1).pdf,121,current
Mianwali,Mianwali,Gram,2022-23,Rabi,0.63359,6.41,maund/acre,2022-23(1).pdf,121,current
Rawalpindi,RAWALPINDI DV:,Gram,2022-23,Rabi,0.831278,8.41,maund/acre,2022-23(1).pdf,121,current
Talagang,Talagang,Gram,2022-23,Rabi,0.734411,7.43,maund/acre,2022-23(1).pdf,121,current
Toba Tek Singh,T.T. Singh,Gram,2022-23,Rabi,0.137393,1.39,maund/acre,2022-23(1).pdf,121,current
Attock,Attock,Groundnut,2022-23,Kharif,1.027978,10.4,maund/acre,2022-23(1).pdf,36,current
Bhakkar,Bhakkar,Groundnut,2022-23,Kharif,0.602948,6.1,maund/acre,2022-23(1).pdf,36,current
Chakwal,Chakwal,Groundnut,2022-23,Kharif,0.74133,7.5,maund/acre,2022-23(1).pdf,36,current
Jhelum,Jhelum,Groundnut,2022-23,Kharif,1.126822,11.4,maund/acre,2022-23(1).pdf,36,current
Khushab,Khushab,Groundnut,2022-23,Kharif,0.454682,4.6,maund/acre,2022-23(1).pdf,36,current
Mianwali,Mianwali,Groundnut,2022-23,Kharif,1.23555,12.5,maund/acre,2022-23(1).pdf,36,current
Muzaffargarh,Muzaffargarh,Groundnut,2022-23,Kharif,0.49422,5.0,maund/acre,2022-23(1).pdf,36,current
Rahim Yar Khan,Rahim Yar Khan,Groundnut,2022-23,Kharif,0.345954,3.5,maund/acre,2022-23(1).pdf,36,current
Rajanpur,Rajan Pur,Groundnut,2022-23,Kharif,1.087284,11.0,maund/acre,2022-23(1).pdf,36,current
Rawalpindi,Rawalpindi,Groundnut,2022-23,Kharif,1.532082,15.5,maund/acre,2022-23(1).pdf,36,current
Bhakkar,Bhakkar,Guarseed,2022-23,Kharif,0.385492,3.9,maund/acre,2022-23(1).pdf,46,current
Chakwal,Chakwal,Guarseed,2022-23,Kharif,0.573295,5.8,maund/acre,2022-23(1).pdf,46,current
Dera Ghazi Khan,D.G. Khan,Guarseed,2022-23,Kharif,0.65237,6.6,maund/acre,2022-23(1).pdf,46,current
Kasur,Kasur,Guarseed,2022-23,Kharif,0.296532,3.0,maund/acre,2022-23(1).pdf,46,current
Khanewal,Khanewal,Guarseed,2022-23,Kharif,0.593064,6.0,maund/acre,2022-23(1).pdf,46,current
Khushab,Khushab,Guarseed,2022-23,Kharif,0.355838,3.6,maund/acre,2022-23(1).pdf,46,current
Layyah,Layyah,Guarseed,2022-23,Kharif,0.790752,8.0,maund/acre,2022-23(1).pdf,46,current
Mianwali,Mianwali,Guarseed,2022-23,Kharif,0.533758,5.4,maund/acre,2022-23(1).pdf,46,current
Multan,Multan,Guarseed,2022-23,Kharif,0.49422,5.0,maund/acre,2022-23(1).pdf,46,current
Rawalpindi,RAWALPINDI DV:,Guarseed,2022-23,Kharif,0.573295,5.8,maund/acre,2022-23(1).pdf,46,current
Attock,Attock,Guava,2022-23,Kharif,4.250292,43.0,maund/acre,2022-23(1).pdf,189,current
Bahawalnagar,Bahawalnagar,Guava,2022-23,Kharif,11.465904,116.0,maund/acre,2022-23(1).pdf,189,current
Bahawalpur,Bahawalpur,Guava,2022-23,Kharif,15.617352,158.0,maund/acre,2022-23(1).pdf,189,current
Bhakkar,Bhakkar,Guava,2022-23,Kharif,14.628912,148.0,maund/acre,2022-23(1).pdf,189,current
Chiniot,Chiniot,Guava,2022-23,Kharif,5.93064,60.0,maund/acre,2022-23(1).pdf,189,current
Dera Ghazi Khan,D.G. Khan,Guava,2022-23,Kharif,8.797116,89.0,maund/acre,2022-23(1).pdf,189,current
Faisalabad,Faisalabad,Guava,2022-23,Kharif,22.635276,229.0,maund/acre,2022-23(1).pdf,189,current
Gujranwala,Gujranwala,Guava,2022-23,Kharif,10.971684,111.0,maund/acre,2022-23(1).pdf,189,current
Gujrat,Gujrat,Guava,2022-23,Kharif,7.808676,79.0,maund/acre,2022-23(1).pdf,189,current
Hafizabad,Hafizabad,Guava,2022-23,Kharif,19.7688,200.0,maund/acre,2022-23(1).pdf,189,current
Jhang,Jhang,Guava,2022-23,Kharif,14.628912,148.0,maund/acre,2022-23(1).pdf,189,current
Jhelum,Jhelum,Guava,2022-23,Kharif,2.4711,25.0,maund/acre,2022-23(1).pdf,189,current
Kasur,Kasur,Guava,2022-23,Kharif,15.221976,154.0,maund/acre,2022-23(1).pdf,189,current
Khanewal,Khanewal,Guava,2022-23,Kharif,10.180932,103.0,maund/acre,2022-23(1).pdf,189,current
Khushab,Khushab,Guava,2022-23,Kharif,6.721392,68.0,maund/acre,2022-23(1).pdf,189,current
Lahore,Lahore,Guava,2022-23,Kharif,13.146252,133.0,maund/acre,2022-23(1).pdf,189,current
Layyah,Layyah,Guava,2022-23,Kharif,9.489024,96.0,maund/acre,2022-23(1).pdf,189,current
Lodhran,Lodhran,Guava,2022-23,Kharif,10.477464,106.0,maund/acre,2022-23(1).pdf,189,current
Mandi Bahauddin,M.B.Din,Guava,2022-23,Kharif,12.157812,123.0,maund/acre,2022-23(1).pdf,189,current
Mianwali,Mianwali,Guava,2022-23,Kharif,8.599428,87.0,maund/acre,2022-23(1).pdf,189,current
Multan,Multan,Guava,2022-23,Kharif,8.204052,83.0,maund/acre,2022-23(1).pdf,189,current
Muzaffargarh,Muzaffargarh,Guava,2022-23,Kharif,13.937004,141.0,maund/acre,2022-23(1).pdf,189,current
Nankana Sahib,Nankana Sahib,Guava,2022-23,Kharif,35.781528,362.0,maund/acre,2022-23(1).pdf,189,current
Narowal,Narowal,Guava,2022-23,Kharif,12.3555,125.0,maund/acre,2022-23(1).pdf,189,current
Okara,Okara,Guava,2022-23,Kharif,22.437588,227.0,maund/acre,2022-23(1).pdf,189,current
Pakpattan,Pakpattan,Guava,2022-23,Kharif,10.477464,106.0,maund/acre,2022-23(1).pdf,189,current
Rahim Yar Khan,Rahim Yar Khan,Guava,2022-23,Kharif,13.245096,134.0,maund/acre,2022-23(1).pdf,189,current
Rajanpur,Rajan Pur,Guava,2022-23,Kharif,10.279776,104.0,maund/acre,2022-23(1).pdf,189,current
Rawalpindi,Rawalpindi,Guava,2022-23,Kharif,17.495388,177.0,maund/acre,2022-23(1).pdf,189,current
Sahiwal,Sahiwal,Guava,2022-23,Kharif,30.839328,312.0,maund/acre,2022-23(1).pdf,189,current
Sargodha,Sargodha,Guava,2022-23,Kharif,8.89596,90.0,maund/acre,2022-23(1).pdf,189,current
Sheikhupura,Sheikhupura,Guava,2022-23,Kharif,13.047408,132.0,maund/acre,2022-23(1).pdf,189,current
Sialkot,Sialkot,Guava,2022-23,Kharif,20.361864,206.0,maund/acre,2022-23(1).pdf,189,current
Toba Tek Singh,T.T. Singh,Guava,2022-23,Kharif,11.960124,121.0,maund/acre,2022-23(1).pdf,189,current
Vehari,Vehari,Guava,2022-23,Kharif,16.30926,165.0,maund/acre,2022-23(1).pdf,189,current
Attock,Attock,Jowar,2022-23,Kharif,0.326185,3.3,maund/acre,2022-23(1).pdf,51,current
Bahawalpur,Bahawalpur,Jowar,2022-23,Kharif,0.395376,4.0,maund/acre,2022-23(1).pdf,51,current
Chakwal,Chakwal,Jowar,2022-23,Kharif,0.385492,3.9,maund/acre,2022-23(1).pdf,51,current
Chiniot,Chiniot,Jowar,2022-23,Kharif,0.889596,9.0,maund/acre,2022-23(1).pdf,51,current
Dera Ghazi Khan,D.G. Khan,Jowar,2022-23,Kharif,0.345954,3.5,maund/acre,2022-23(1).pdf,51,current
Gujrat,Gujrat,Jowar,2022-23,Kharif,0.889596,9.0,maund/acre,2022-23(1).pdf,51,current
Hafizabad,Hafizabad,Jowar,2022-23,Kharif,0.593064,6.0,maund/acre,2022-23(1).pdf,51,current
Jhang,Jhang,Jowar,2022-23,Kharif,1.72977,17.5,maund/acre,2022-23(1).pdf,51,current
Khanewal,Khanewal,Jowar,2022-23,Kharif,0.593064,6.0,maund/acre,2022-23(1).pdf,51,current
Layyah,Layyah,Jowar,2022-23,Kharif,0.395376,4.0,maund/acre,2022-23(1).pdf,51,current
Mandi Bahauddin,M.B. Din,Jowar,2022-23,Kharif,0.790752,8.0,maund/acre,2022-23(1).pdf,51,current
Mianwali,Mianwali,Jowar,2022-23,Kharif,0.691908,7.0,maund/acre,2022-23(1).pdf,51,current
Multan,Multan,Jowar,2022-23,Kharif,0.632602,6.4,maund/acre,2022-23(1).pdf,51,current
Rahim Yar Khan,Rahim Yar Khan,Jowar,2022-23,Kharif,0.790752,8.0,maund/acre,2022-23(1).pdf,51,current
Rajanpur,Rajan Pur,Jowar,2022-23,Kharif,0.444798,4.5,maund/acre,2022-23(1).pdf,51,current
Rawalpindi,Rawalpindi,Jowar,2022-23,Kharif,0.859943,8.7,maund/acre,2022-23(1).pdf,51,current
Toba Tek Singh,T.T. Singh,Jowar,2022-23,Kharif,1.907689,19.3,maund/acre,2022-23(1).pdf,51,current
Vehari,Vehari,Jowar,2022-23,Kharif,1.957111,19.8,maund/acre,2022-23(1).pdf,51,current
Attock,Attock,Kharif Fodder,2022-23,Kharif,19.7688,200.0,maund/acre,2022-23(1).pdf,111,current
Bahawalnagar,Bahawalnagar,Kharif Fodder,2022-23,Kharif,45.46824,460.0,maund/acre,2022-23(1).pdf,111,current
Bahawalpur,Bahawalpur,Kharif Fodder,2022-23,Kharif,39.735288,402.0,maund/acre,2022-23(1).pdf,111,current
Bhakkar,Bhakkar,Kharif Fodder,2022-23,Kharif,33.60696,340.0,maund/acre,2022-23(1).pdf,111,current
Chakwal,Chakwal,Kharif Fodder,2022-23,Kharif,25.501752,258.0,maund/acre,2022-23(1).pdf,111,current
Chiniot,Chiniot,Kharif Fodder,2022-23,Kharif,30.740484,311.0,maund/acre,2022-23(1).pdf,111,current
Dera Ghazi Khan,D.G. Khan,Kharif Fodder,2022-23,Kharif,28.862448,292.0,maund/acre,2022-23(1).pdf,111,current
Faisalabad,Faisalabad,Kharif Fodder,2022-23,Kharif,36.374592,368.0,maund/acre,2022-23(1).pdf,111,current
Gujranwala,Gujranwala,Kharif Fodder,2022-23,Kharif,40.52604,410.0,maund/acre,2022-23(1).pdf,111,current
Gujrat,Gujrat,Kharif Fodder,2022-23,Kharif,34.397712,348.0,maund/acre,2022-23(1).pdf,111,current
Hafizabad,Hafizabad,Kharif Fodder,2022-23,Kharif,32.321988,327.0,maund/acre,2022-23(1).pdf,111,current
Islamabad,Islamabad,Kharif Fodder,2022-23,Kharif,22.2399,225.0,maund/acre,2022-23(1).pdf,111,current
Jhang,Jhang,Kharif Fodder,2022-23,Kharif,37.659564,381.0,maund/acre,2022-23(1).pdf,111,current
Jhelum,Jhelum,Kharif Fodder,2022-23,Kharif,26.984412,273.0,maund/acre,2022-23(1).pdf,111,current
Kasur,Kasur,Kharif Fodder,2022-23,Kharif,35.484996,359.0,maund/acre,2022-23(1).pdf,111,current
Khanewal,Khanewal,Kharif Fodder,2022-23,Kharif,33.211584,336.0,maund/acre,2022-23(1).pdf,111,current
Khushab,Khushab,Kharif Fodder,2022-23,Kharif,17.693076,179.0,maund/acre,2022-23(1).pdf,111,current
Lahore,Lahore,Kharif Fodder,2022-23,Kharif,32.223144,326.0,maund/acre,2022-23(1).pdf,111,current
Layyah,Layyah,Kharif Fodder,2022-23,Kharif,24.809844,251.0,maund/acre,2022-23(1).pdf,111,current
Lodhran,Lodhran,Kharif Fodder,2022-23,Kharif,38.944536,394.0,maund/acre,2022-23(1).pdf,111,current
Mandi Bahauddin,M.B. Din,Kharif Fodder,2022-23,Kharif,41.613324,421.0,maund/acre,2022-23(1).pdf,111,current
Mianwali,Mianwali,Kharif Fodder,2022-23,Kharif,31.234704,316.0,maund/acre,2022-23(1).pdf,111,current
Multan,Multan,Kharif Fodder,2022-23,Kharif,34.891932,353.0,maund/acre,2022-23(1).pdf,111,current
Muzaffargarh,Muzzafargargh,Kharif Fodder,2022-23,Kharif,37.0665,375.0,maund/acre,2022-23(1).pdf,111,current
Nankana Sahib,Nankana Sahib,Kharif Fodder,2022-23,Kharif,39.142224,396.0,maund/acre,2022-23(1).pdf,111,current
Narowal,Narowal,Kharif Fodder,2022-23,Kharif,25.20522,255.0,maund/acre,2022-23(1).pdf,111,current
Okara,Okara,Kharif Fodder,2022-23,Kharif,38.845692,393.0,maund/acre,2022-23(1).pdf,111,current
Pakpattan,Pakpattan,Kharif Fodder,2022-23,Kharif,33.903492,343.0,maund/acre,2022-23(1).pdf,111,current
Rahim Yar Khan,Rahim Yar Khan,Kharif Fodder,2022-23,Kharif,41.415636,419.0,maund/acre,2022-23(1).pdf,111,current
Rajanpur,Rajan Pur,Kharif Fodder,2022-23,Kharif,27.577476,279.0,maund/acre,2022-23(1).pdf,111,current
Rawalpindi,Rawalpindi,Kharif Fodder,2022-23,Kharif,26.094816,264.0,maund/acre,2022-23(1).pdf,111,current
Sahiwal,Sahiwal,Kharif Fodder,2022-23,Kharif,36.176904,366.0,maund/acre,2022-23(1).pdf,111,current
Sargodha,Sargodha,Kharif Fodder,2022-23,Kharif,34.496556,349.0,maund/acre,2022-23(1).pdf,111,current
Sheikhupura,Sheikhupura,Kharif Fodder,2022-23,Kharif,35.979216,364.0,maund/acre,2022-23(1).pdf,111,current
Sialkot,Sialkot,Kharif Fodder,2022-23,Kharif,37.758408,382.0,maund/acre,2022-23(1).pdf,111,current
Toba Tek Singh,T.T. Singh,Kharif Fodder,2022-23,Kharif,35.287308,357.0,maund/acre,2022-23(1).pdf,111,current
Vehari,Vehari,Kharif Fodder,2022-23,Kharif,34.891932,353.0,maund/acre,2022-23(1).pdf,111,current
Attock,Attock,Ladyfinger,2022-23,Kharif,28.17054,285.0,maund/acre,2022-23(1).pdf,59,current
Bahawalnagar,Bahawalnagar,Ladyfinger,2022-23,Kharif,16.704636,169.0,maund/acre,2022-23(1).pdf,59,current
Bahawalpur,Bahawalpur,Ladyfinger,2022-23,Kharif,15.617352,158.0,maund/acre,2022-23(1).pdf,59,current
Bhakkar,Bhakkar,Ladyfinger,2022-23,Kharif,4.546824,46.0,maund/acre,2022-23(1).pdf,59,current
Chakwal,Chakwal,Ladyfinger,2022-23,Kharif,16.30926,165.0,maund/acre,2022-23(1).pdf,59,current
Chiniot,Chiniot,Ladyfinger,2022-23,Kharif,8.500584,86.0,maund/acre,2022-23(1).pdf,59,current
Dera Ghazi Khan,D.G. Khan,Ladyfinger,2022-23,Kharif,16.605792,168.0,maund/acre,2022-23(1).pdf,59,current
Faisalabad,Faisalabad,Ladyfinger,2022-23,Kharif,13.937004,141.0,maund/acre,2022-23(1).pdf,59,current
Gujranwala,Gujranwala,Ladyfinger,2022-23,Kharif,15.617352,158.0,maund/acre,2022-23(1).pdf,59,current
Gujrat,Gujrat,Ladyfinger,2022-23,Kharif,11.36706,115.0,maund/acre,2022-23(1).pdf,59,current
Hafizabad,Hafizabad,Ladyfinger,2022-23,Kharif,5.831796,59.0,maund/acre,2022-23(1).pdf,59,current
Islamabad,Islamabad,Ladyfinger,2022-23,Kharif,15.81504,160.0,maund/acre,2022-23(1).pdf,59,current
Jhang,Jhang,Ladyfinger,2022-23,Kharif,4.349136,44.0,maund/acre,2022-23(1).pdf,59,current
Jhelum,Jhelum,Ladyfinger,2022-23,Kharif,14.8266,150.0,maund/acre,2022-23(1).pdf,59,current
Kasur,Kasur,Ladyfinger,2022-23,Kharif,11.86128,120.0,maund/acre,2022-23(1).pdf,59,current
Khanewal,Khanewal,Ladyfinger,2022-23,Kharif,15.024288,152.0,maund/acre,2022-23(1).pdf,59,current
Khushab,Khushab,Ladyfinger,2022-23,Kharif,9.39018,95.0,maund/acre,2022-23(1).pdf,59,current
Lahore,Lahore,Ladyfinger,2022-23,Kharif,10.37862,105.0,maund/acre,2022-23(1).pdf,59,current
Lodhran,Lodhran,Ladyfinger,2022-23,Kharif,9.983244,101.0,maund/acre,2022-23(1).pdf,59,current
Mandi Bahauddin,M.B. Din,Ladyfinger,2022-23,Kharif,16.408104,166.0,maund/acre,2022-23(1).pdf,59,current
Mianwali,Mianwali,Ladyfinger,2022-23,Kharif,17.198856,174.0,maund/acre,2022-23(1).pdf,59,current
Multan,Multan,Ladyfinger,2022-23,Kharif,19.373424,196.0,maund/acre,2022-23(1).pdf,59,current
Muzaffargarh,Muzaffargarh,Ladyfinger,2022-23,Kharif,9.291336,94.0,maund/acre,2022-23(1).pdf,59,current
Nankana Sahib,Nankana Sahib,Ladyfinger,2022-23,Kharif,19.7688,200.0,maund/acre,2022-23(1).pdf,59,current
Narowal,Narowal,Ladyfinger,2022-23,Kharif,10.180932,103.0,maund/acre,2022-23(1).pdf,59,current
Okara,Okara,Ladyfinger,2022-23,Kharif,11.762436,119.0,maund/acre,2022-23(1).pdf,59,current
Pakpattan,Pakpattan,Ladyfinger,2022-23,Kharif,8.599428,87.0,maund/acre,2022-23(1).pdf,59,current
Rahim Yar Khan,Rahim Yar Khan,Ladyfinger,2022-23,Kharif,20.26302,205.0,maund/acre,2022-23(1).pdf,59,current
Rajanpur,Rajan Pur,Ladyfinger,2022-23,Kharif,6.227172,63.0,maund/acre,2022-23(1).pdf,59,current
Rawalpindi,Rawalpindi,Ladyfinger,2022-23,Kharif,15.81504,160.0,maund/acre,2022-23(1).pdf,59,current
Sahiwal,Sahiwal,Ladyfinger,2022-23,Kharif,18.879204,191.0,maund/acre,2022-23(1).pdf,59,current
Sargodha,Sargodha,Ladyfinger,2022-23,Kharif,13.541628,137.0,maund/acre,2022-23(1).pdf,59,current
Sheikhupura,Sheikhupura,Ladyfinger,2022-23,Kharif,8.698272,88.0,maund/acre,2022-23(1).pdf,59,current
Sialkot,Sialkot,Ladyfinger,2022-23,Kharif,19.472268,197.0,maund/acre,2022-23(1).pdf,59,current
Toba Tek Singh,T.T. Singh,Ladyfinger,2022-23,Kharif,22.042212,223.0,maund/acre,2022-23(1).pdf,59,current
Vehari,Vehari,Ladyfinger,2022-23,Kharif,15.716196,159.0,maund/acre,2022-23(1).pdf,59,current
Chiniot,Chiniot,Litchi,2022-23,Kharif,0.197688,2.0,maund/acre,2022-23(1).pdf,105,current
Gujranwala,Gujranwala,Litchi,2022-23,Kharif,0.296532,3.0,maund/acre,2022-23(1).pdf,105,current
Hafizabad,Hafizabad,Litchi,2022-23,Kharif,4.745,4745.0,kg/ha,2022-23(1).pdf,106,current
Jhang,Jhang,Litchi,2022-23,Kharif,0.098844,1.0,maund/acre,2022-23(1).pdf,105,current
Kasur,Kasur,Litchi,2022-23,Kharif,1.087284,11.0,maund/acre,2022-23(1).pdf,105,current
Khanewal,Khanewal,Litchi,2022-23,Kharif,0.790752,8.0,maund/acre,2022-23(1).pdf,105,current
Lahore,Lahore,Litchi,2022-23,Kharif,0.197688,2.0,maund/acre,2022-23(1).pdf,105,current
Mandi Bahauddin,M.B. Din,Litchi,2022-23,Kharif,0.098844,1.0,maund/acre,2022-23(1).pdf,105,current
Multan,Multan,Litchi,2022-23,Kharif,4.250292,43.0,maund/acre,2022-23(1).pdf,105,current
Nankana Sahib,Nankana Sahib,Litchi,2022-23,Kharif,3.45954,35.0,maund/acre,2022-23(1).pdf,105,current
Narowal,Narowal,Litchi,2022-23,Kharif,0.395376,4.0,maund/acre,2022-23(1).pdf,105,current
Okara,Okara,Litchi,2022-23,Kharif,0.197688,2.0,maund/acre,2022-23(1).pdf,105,current
Pakpattan,Pakpattan,Litchi,2022-23,Kharif,0.691908,7.0,maund/acre,2022-23(1).pdf,105,current
Sahiwal,Sahiwal,Litchi,2022-23,Kharif,2.4711,25.0,maund/acre,2022-23(1).pdf,105,current
Sheikhupura,Sheikhupura,Litchi,2022-23,Kharif,8.204052,83.0,maund/acre,2022-23(1).pdf,105,current
Sialkot,Sialkot,Litchi,2022-23,Kharif,7.808676,79.0,maund/acre,2022-23(1).pdf,105,current
Vehari,Vehari,Litchi,2022-23,Kharif,0.197688,2.0,maund/acre,2022-23(1).pdf,105,current
Bahawalpur,Bahawalpur,Long Melon,2022-23,Kharif,13.937004,141.0,maund/acre,2022-23(1).pdf,75,current
Bhakkar,Bhakkar,Long Melon,2022-23,Kharif,5.43642,55.0,maund/acre,2022-23(1).pdf,75,current
Chiniot,Chiniot,Long Melon,2022-23,Kharif,6.128328,62.0,maund/acre,2022-23(1).pdf,75,current
Faisalabad,Faisalabad,Long Melon,2022-23,Kharif,5.634108,57.0,maund/acre,2022-23(1).pdf,75,current
Gujranwala,Gujranwala,Long Melon,2022-23,Kharif,7.90752,80.0,maund/acre,2022-23(1).pdf,75,current
Hafizabad,Hafizabad,Long Melon,2022-23,Kharif,8.994804,91.0,maund/acre,2022-23(1).pdf,75,current
Jhang,Jhang,Long Melon,2022-23,Kharif,5.93064,60.0,maund/acre,2022-23(1).pdf,75,current
Kasur,Kasur,Long Melon,2022-23,Kharif,4.9422,50.0,maund/acre,2022-23(1).pdf,75,current
Khanewal,Khanewal,Long Melon,2022-23,Kharif,7.4133,75.0,maund/acre,2022-23(1).pdf,75,current
Lahore,Lahore,Long Melon,2022-23,Kharif,9.686712,98.0,maund/acre,2022-23(1).pdf,75,current
Lodhran,Lodhran,Long Melon,2022-23,Kharif,5.93064,60.0,maund/acre,2022-23(1).pdf,75,current
Mandi Bahauddin,M.B. Din,Long Melon,2022-23,Kharif,7.116768,72.0,maund/acre,2022-23(1).pdf,75,current
Mianwali,Mianwali,Long Melon,2022-23,Kharif,4.645668,47.0,maund/acre,2022-23(1).pdf,75,current
Multan,Multan,Long Melon,2022-23,Kharif,7.4133,75.0,maund/acre,2022-23(1).pdf,75,current
Nankana Sahib,Nankana Sahib,Long Melon,2022-23,Kharif,7.4133,75.0,maund/acre,2022-23(1).pdf,75,current
Narowal,Narowal,Long Melon,2022-23,Kharif,9.39018,95.0,maund/acre,2022-23(1).pdf,75,current
Okara,Okara,Long Melon,2022-23,Kharif,8.994804,91.0,maund/acre,2022-23(1).pdf,75,current
Pakpattan,Pakpattan,Long Melon,2022-23,Kharif,9.785556,99.0,maund/acre,2022-23(1).pdf,75,current
Rahim Yar Khan,Rahim Yar Khan,Long Melon,2022-23,Kharif,11.070528,112.0,maund/acre,2022-23(1).pdf,75,current
Sahiwal,Sahiwal,Long Melon,2022-23,Kharif,8.797116,89.0,maund/acre,2022-23(1).pdf,75,current
Sargodha,Sargodha,Long Melon,2022-23,Kharif,6.42486,65.0,maund/acre,2022-23(1).pdf,75,current
Sheikhupura,Sheikhupura,Long Melon,2022-23,Kharif,9.093648,92.0,maund/acre,2022-23(1).pdf,75,current
Sialkot,Sialkot,Long Melon,2022-23,Kharif,8.204052,83.0,maund/acre,2022-23(1).pdf,75,current
Toba Tek Singh,T.T. Singh,Long Melon,2022-23,Kharif,6.91908,70.0,maund/acre,2022-23(1).pdf,75,current
Bahawalnagar,Bahawalnagar,Lufa,2022-23,Kharif,10.180932,103.0,maund/acre,2022-23(1).pdf,73,current
Bahawalpur,Bahawalpur,Lufa,2022-23,Kharif,10.773996,109.0,maund/acre,2022-23(1).pdf,73,current
Bhakkar,Bhakkar,Lufa,2022-23,Kharif,12.157812,123.0,maund/acre,2022-23(1).pdf,73,current
Chiniot,Chiniot,Lufa,2022-23,Kharif,12.157812,123.0,maund/acre,2022-23(1).pdf,73,current
Dera Ghazi Khan,D.G. Khan,Lufa,2022-23,Kharif,11.762436,119.0,maund/acre,2022-23(1).pdf,73,current
Faisalabad,Faisalabad,Lufa,2022-23,Kharif,14.727756,149.0,maund/acre,2022-23(1).pdf,73,current
Gujranwala,Gujranwala,Lufa,2022-23,Kharif,9.686712,98.0,maund/acre,2022-23(1).pdf,73,current
Gujrat,Gujrat,Lufa,2022-23,Kharif,11.465904,116.0,maund/acre,2022-23(1).pdf,73,current
Hafizabad,Hafizabad,Lufa,2022-23,Kharif,10.37862,105.0,maund/acre,2022-23(1).pdf,73,current
Islamabad,Islamabad,Lufa,2022-23,Kharif,12.948564,131.0,maund/acre,2022-23(1).pdf,73,current
Jhang,Jhang,Lufa,2022-23,Kharif,7.4133,75.0,maund/acre,2022-23(1).pdf,73,current
Jhelum,Jhelum,Lufa,2022-23,Kharif,14.431224,146.0,maund/acre,2022-23(1).pdf,73,current
Kasur,Kasur,Lufa,2022-23,Kharif,16.704636,169.0,maund/acre,2022-23(1).pdf,73,current
Khanewal,Khanewal,Lufa,2022-23,Kharif,11.564748,117.0,maund/acre,2022-23(1).pdf,73,current
Lahore,Lahore,Lufa,2022-23,Kharif,8.006364,81.0,maund/acre,2022-23(1).pdf,73,current
Lodhran,Lodhran,Lufa,2022-23,Kharif,24.21678,245.0,maund/acre,2022-23(1).pdf,73,current
Mandi Bahauddin,M.B. Din,Lufa,2022-23,Kharif,11.36706,115.0,maund/acre,2022-23(1).pdf,73,current
Mianwali,Mianwali,Lufa,2022-23,Kharif,10.082088,102.0,maund/acre,2022-23(1).pdf,73,current
Multan,Multan,Lufa,2022-23,Kharif,13.34394,135.0,maund/acre,2022-23(1).pdf,73,current
Muzaffargarh,Muzaffargarh,Lufa,2022-23,Kharif,13.047408,132.0,maund/acre,2022-23(1).pdf,73,current
Nankana Sahib,Nankana Sahib,Lufa,2022-23,Kharif,13.245096,134.0,maund/acre,2022-23(1).pdf,73,current
Narowal,Narowal,Lufa,2022-23,Kharif,9.39018,95.0,maund/acre,2022-23(1).pdf,73,current
Okara,Okara,Lufa,2022-23,Kharif,16.408104,166.0,maund/acre,2022-23(1).pdf,73,current
Pakpattan,Pakpattan,Lufa,2022-23,Kharif,16.80348,170.0,maund/acre,2022-23(1).pdf,73,current
Rahim Yar Khan,Rahim Yar Khan,Lufa,2022-23,Kharif,25.897128,262.0,maund/acre,2022-23(1).pdf,73,current
Rajanpur,Rajan Pur,Lufa,2022-23,Kharif,5.535264,56.0,maund/acre,2022-23(1).pdf,73,current
Rawalpindi,Rawalpindi,Lufa,2022-23,Kharif,5.535264,56.0,maund/acre,2022-23(1).pdf,73,current
Sahiwal,Sahiwal,Lufa,2022-23,Kharif,14.035848,142.0,maund/acre,2022-23(1).pdf,73,current
Sargodha,Sargodha,Lufa,2022-23,Kharif,9.587868,97.0,maund/acre,2022-23(1).pdf,73,current
Sheikhupura,Sheikhupura,Lufa,2022-23,Kharif,18.582672,188.0,maund/acre,2022-23(1).pdf,73,current
Sialkot,Sialkot,Lufa,2022-23,Kharif,10.0,10000.0,kg/ha,2022-23(1).pdf,74,current
Toba Tek Singh,T.T. Singh,Lufa,2022-23,Kharif,9.093648,92.0,maund/acre,2022-23(1).pdf,73,current
Vehari,Vehari,Lufa,2022-23,Kharif,6.820236,69.0,maund/acre,2022-23(1).pdf,73,current
Attock,Attock,Maize (Autumn),2022-23,Kharif,4.71387,47.69,maund/acre,2022-23(1).pdf,14,current
Bahawalnagar,Bahawalnagar,Maize (Autumn),2022-23,Kharif,8.016248,81.1,maund/acre,2022-23(1).pdf,14,current
Bahawalpur,Bahawalpur,Maize (Autumn),2022-23,Kharif,7.182005,72.66,maund/acre,2022-23(1).pdf,14,current
Chakwal,Chakwal,Maize (Autumn),2022-23,Kharif,1.169325,11.83,maund/acre,2022-23(1).pdf,14,current
Chiniot,Chiniot,Maize (Autumn),2022-23,Kharif,7.35597,74.42,maund/acre,2022-23(1).pdf,14,current
Dera Ghazi Khan,D.G. Khan,Maize (Autumn),2022-23,Kharif,4.9422,50.0,maund/acre,2022-23(1).pdf,14,current
Faisalabad,Faisalabad,Maize (Autumn),2022-23,Kharif,6.98234,70.64,maund/acre,2022-23(1).pdf,14,current
Gujranwala,Gujranwala,Maize (Autumn),2022-23,Kharif,4.9422,50.0,maund/acre,2022-23(1).pdf,14,current
Jhang,Jhang,Maize (Autumn),2022-23,Kharif,3.248014,32.86,maund/acre,2022-23(1).pdf,14,current
Jhelum,Jhelum,Maize (Autumn),2022-23,Kharif,4.736604,47.92,maund/acre,2022-23(1).pdf,14,current
Kasur,Kasur,Maize (Autumn),2022-23,Kharif,6.303282,63.77,maund/acre,2022-23(1).pdf,14,current
Khanewal,Khanewal,Maize (Autumn),2022-23,Kharif,7.563543,76.52,maund/acre,2022-23(1).pdf,14,current
Lahore,Lahore,Maize (Autumn),2022-23,Kharif,7.90752,80.0,maund/acre,2022-23(1).pdf,14,current
Lodhran,Lodhran,Maize (Autumn),2022-23,Kharif,6.582022,66.59,maund/acre,2022-23(1).pdf,14,current
Mandi Bahauddin,M.B.Din,Maize (Autumn),2022-23,Kharif,3.261852,33.0,maund/acre,2022-23(1).pdf,14,current
Multan,Multan,Maize (Autumn),2022-23,Kharif,6.981352,70.63,maund/acre,2022-23(1).pdf,14,current
Muzaffargarh,Muzzafargargh,Maize (Autumn),2022-23,Kharif,6.916115,69.97,maund/acre,2022-23(1).pdf,14,current
Nankana Sahib,Nankana Sahib,Maize (Autumn),2022-23,Kharif,7.201774,72.86,maund/acre,2022-23(1).pdf,14,current
Narowal,Narowal,Maize (Autumn),2022-23,Kharif,7.4133,75.0,maund/acre,2022-23(1).pdf,14,current
Okara,Okara,Maize (Autumn),2022-23,Kharif,6.25386,63.27,maund/acre,2022-23(1).pdf,14,current
Pakpattan,Pakpattan,Maize (Autumn),2022-23,Kharif,7.230439,73.15,maund/acre,2022-23(1).pdf,14,current
Rahim Yar Khan,Rahim Yar Khan,Maize (Autumn),2022-23,Kharif,7.104907,71.88,maund/acre,2022-23(1).pdf,14,current
Rawalpindi,Rawalpindi,Maize (Autumn),2022-23,Kharif,1.63488,16.54,maund/acre,2022-23(1).pdf,14,current
Sahiwal,Sahiwal,Maize (Autumn),2022-23,Kharif,6.689762,67.68,maund/acre,2022-23(1).pdf,14,current
Sargodha,Sargodha,Maize (Autumn),2022-23,Kharif,5.218963,52.8,maund/acre,2022-23(1).pdf,14,current
Sialkot,Sialkot,Maize (Autumn),2022-23,Kharif,2.174568,22.0,maund/acre,2022-23(1).pdf,14,current
Toba Tek Singh,T.T. Singh,Maize (Autumn),2022-23,Kharif,6.605745,66.83,maund/acre,2022-23(1).pdf,14,current
Vehari,Vehari,Maize (Autumn),2022-23,Kharif,7.055485,71.38,maund/acre,2022-23(1).pdf,14,current
Bahawalnagar,Bahawalnagar,Maize (Spring),2022-23,Kharif,10.677129,108.02,maund/acre,2022-23(1).pdf,126,current
Bahawalpur,Bahawalpur,Maize (Spring),2022-23,Kharif,7.241311,73.26,maund/acre,2022-23(1).pdf,126,current
Chakwal,Chakwal,Maize (Spring),2022-23,Kharif,2.982123,30.17,maund/acre,2022-23(1).pdf,126,current
Chiniot,Chiniot,Maize (Spring),2022-23,Kharif,9.872539,99.88,maund/acre,2022-23(1).pdf,126,current
Dera Ghazi Khan,D.G. Khan,Maize (Spring),2022-23,Kharif,9.547342,96.59,maund/acre,2022-23(1).pdf,126,current
Faisalabad,Faisalabad,Maize (Spring),2022-23,Kharif,10.195759,103.15,maund/acre,2022-23(1).pdf,126,current
Gujranwala,Gujranwala,Maize (Spring),2022-23,Kharif,9.178654,92.86,maund/acre,2022-23(1).pdf,126,current
Hafizabad,Hafizabad,Maize (Spring),2022-23,Kharif,2.4711,25.0,maund/acre,2022-23(1).pdf,126,current
Jhang,Jhang,Maize (Spring),2022-23,Kharif,12.280379,124.24,maund/acre,2022-23(1).pdf,126,current
Jhelum,Jhelum,Maize (Spring),2022-23,Kharif,4.829518,48.86,maund/acre,2022-23(1).pdf,126,current
Kasur,Kasur,Maize (Spring),2022-23,Kharif,10.826383,109.53,maund/acre,2022-23(1).pdf,126,current
Khanewal,Khanewal,Maize (Spring),2022-23,Kharif,9.524608,96.36,maund/acre,2022-23(1).pdf,126,current
Lahore,Lahore,Maize (Spring),2022-23,Kharif,4.99953,50.58,maund/acre,2022-23(1).pdf,126,current
Lodhran,Lodhran,Maize (Spring),2022-23,Kharif,8.386913,84.85,maund/acre,2022-23(1).pdf,126,current
Mandi Bahauddin,M.B.Din,Maize (Spring),2022-23,Kharif,5.295073,53.57,maund/acre,2022-23(1).pdf,126,current
Multan,Multan,Maize (Spring),2022-23,Kharif,7.296664,73.82,maund/acre,2022-23(1).pdf,126,current
Muzaffargarh,Muzzafargargh,Maize (Spring),2022-23,Kharif,5.107269,51.67,maund/acre,2022-23(1).pdf,126,current
Nankana Sahib,Nankana Sahib,Maize (Spring),2022-23,Kharif,10.183897,103.03,maund/acre,2022-23(1).pdf,126,current
Okara,Okara,Maize (Spring),2022-23,Kharif,8.917706,90.22,maund/acre,2022-23(1).pdf,126,current
Pakpattan,Pakpattan,Maize (Spring),2022-23,Kharif,9.552284,96.64,maund/acre,2022-23(1).pdf,126,current
Rahim Yar Khan,Rahim Yar Khan,Maize (Spring),2022-23,Kharif,9.450475,95.61,maund/acre,2022-23(1).pdf,126,current
Rawalpindi,RAWALPINDI DV:,Maize (Spring),2022-23,Kharif,4.633807,46.88,maund/acre,2022-23(1).pdf,126,current
Sahiwal,Sahiwal,Maize (Spring),2022-23,Kharif,10.08703,102.05,maund/acre,2022-23(1).pdf,126,current
Sargodha,Sargodha,Maize (Spring),2022-23,Kharif,8.564833,86.65,maund/acre,2022-23(1).pdf,126,current
Sheikhupura,Sheikhupura,Maize (Spring),2022-23,Kharif,6.775756,68.55,maund/acre,2022-23(1).pdf,126,current
Sialkot,Sialkot,Maize (Spring),2022-23,Kharif,12.373292,125.18,maund/acre,2022-23(1).pdf,126,current
Talagang,Talagang,Maize (Spring),2022-23,Kharif,2.474065,25.03,maund/acre,2022-23(1).pdf,126,current
Toba Tek Singh,T.T. Singh,Maize (Spring),2022-23,Kharif,9.422799,95.33,maund/acre,2022-23(1).pdf,126,current
Vehari,Vehari,Maize (Spring),2022-23,Kharif,8.219867,83.16,maund/acre,2022-23(1).pdf,126,current
Wazirabad,Wazirabad,Maize (Spring),2022-23,Kharif,6.870646,69.51,maund/acre,2022-23(1).pdf,126,current
Bahawalnagar,Bahawalnagar,Mango,2022-23,Kharif,12.553188,127.0,maund/acre,2022-23(1).pdf,97,current
Bahawalpur,Bahawalpur,Mango,2022-23,Kharif,9.587868,97.0,maund/acre,2022-23(1).pdf,97,current
Bhakkar,Bhakkar,Mango,2022-23,Kharif,8.994804,91.0,maund/acre,2022-23(1).pdf,97,current
Chiniot,Chiniot,Mango,2022-23,Kharif,8.302896,84.0,maund/acre,2022-23(1).pdf,97,current
Dera Ghazi Khan,D.G. Khan,Mango,2022-23,Kharif,12.84972,130.0,maund/acre,2022-23(1).pdf,97,current
Faisalabad,Faisalabad,Mango,2022-23,Kharif,12.454344,126.0,maund/acre,2022-23(1).pdf,97,current
Gujranwala,Gujranwala,Mango,2022-23,Kharif,5.93064,60.0,maund/acre,2022-23(1).pdf,97,current
Gujrat,Gujrat,Mango,2022-23,Kharif,6.91908,70.0,maund/acre,2022-23(1).pdf,97,current
Hafizabad,Hafizabad,Mango,2022-23,Kharif,8.89596,90.0,maund/acre,2022-23(1).pdf,97,current
Jhang,Jhang,Mango,2022-23,Kharif,9.686712,98.0,maund/acre,2022-23(1).pdf,97,current
Jhelum,Jhelum,Mango,2022-23,Kharif,7.215612,73.0,maund/acre,2022-23(1).pdf,97,current
Kasur,Kasur,Mango,2022-23,Kharif,9.39018,95.0,maund/acre,2022-23(1).pdf,97,current
Khanewal,Khanewal,Mango,2022-23,Kharif,12.454344,126.0,maund/acre,2022-23(1).pdf,97,current
Khushab,Khushab,Mango,2022-23,Kharif,6.029484,61.0,maund/acre,2022-23(1).pdf,97,current
Lahore,Lahore,Mango,2022-23,Kharif,13.245096,134.0,maund/acre,2022-23(1).pdf,97,current
Layyah,Layyah,Mango,2022-23,Kharif,13.442784,136.0,maund/acre,2022-23(1).pdf,97,current
Lodhran,Lodhran,Mango,2022-23,Kharif,14.134692,143.0,maund/acre,2022-23(1).pdf,97,current
Mandi Bahauddin,M.B. Din,Mango,2022-23,Kharif,12.84972,130.0,maund/acre,2022-23(1).pdf,97,current
Mianwali,Mianwali,Mango,2022-23,Kharif,11.465904,116.0,maund/acre,2022-23(1).pdf,97,current
Multan,Multan,Mango,2022-23,Kharif,15.518508,157.0,maund/acre,2022-23(1).pdf,97,current
Muzaffargarh,Muzaffargarh,Mango,2022-23,Kharif,17.2977,175.0,maund/acre,2022-23(1).pdf,97,current
Nankana Sahib,Nankana Sahib,Mango,2022-23,Kharif,8.994804,91.0,maund/acre,2022-23(1).pdf,97,current
Narowal,Narowal,Mango,2022-23,Kharif,7.4133,75.0,maund/acre,2022-23(1).pdf,97,current
Okara,Okara,Mango,2022-23,Kharif,9.785556,99.0,maund/acre,2022-23(1).pdf,97,current
Pakpattan,Pakpattan,Mango,2022-23,Kharif,14.134692,143.0,maund/acre,2022-23(1).pdf,97,current
Rahim Yar Khan,Rahim Yar Khan,Mango,2022-23,Kharif,12.84972,130.0,maund/acre,2022-23(1).pdf,97,current
Rajanpur,Rajan Pur,Mango,2022-23,Kharif,11.86128,120.0,maund/acre,2022-23(1).pdf,97,current
Rawalpindi,RAWALPINDI DV:,Mango,2022-23,Kharif,7.215612,73.0,maund/acre,2022-23(1).pdf,97,current
Sahiwal,Sahiwal,Mango,2022-23,Kharif,15.81504,160.0,maund/acre,2022-23(1).pdf,97,current
Sargodha,Sargodha,Mango,2022-23,Kharif,10.180932,103.0,maund/acre,2022-23(1).pdf,97,current
Sheikhupura,Sheikhupura,Mango,2022-23,Kharif,15.123132,153.0,maund/acre,2022-23(1).pdf,97,current
Sialkot,Sialkot,Mango,2022-23,Kharif,7.90752,80.0,maund/acre,2022-23(1).pdf,97,current
Toba Tek Singh,T.T. Singh,Mango,2022-23,Kharif,8.698272,88.0,maund/acre,2022-23(1).pdf,97,current
Vehari,Vehari,Mango,2022-23,Kharif,15.221976,154.0,maund/acre,2022-23(1).pdf,97,current
Gujrat,Gujrat,Mash,2022-23,Kharif,0.370665,3.75,maund/acre,2022-23(1).pdf,29,current
Narowal,Narowal,Mash,2022-23,Kharif,0.395376,4.0,maund/acre,2022-23(1).pdf,29,current
Attock,Attock,Masoor,2022-23,Rabi,0.919249,9.3,maund/acre,2022-23(1).pdf,155,current
Bahawalpur,Bahawalpur,Masoor,2022-23,Rabi,0.642486,6.5,maund/acre,2022-23(1).pdf,155,current
Bhakkar,Bhakkar,Masoor,2022-23,Rabi,0.375607,3.8,maund/acre,2022-23(1).pdf,155,current
Chakwal,Chakwal,Masoor,2022-23,Rabi,0.444798,4.5,maund/acre,2022-23(1).pdf,155,current
Faisalabad,Faisalabad,Masoor,2022-23,Rabi,0.820405,8.3,maund/acre,2022-23(1).pdf,155,current
Gujranwala,Gujranwala,Masoor,2022-23,Rabi,0.464567,4.7,maund/acre,2022-23(1).pdf,155,current
Gujrat,Gujrat,Masoor,2022-23,Rabi,0.454682,4.6,maund/acre,2022-23(1).pdf,155,current
Jhelum,Jhelum,Masoor,2022-23,Rabi,0.355838,3.6,maund/acre,2022-23(1).pdf,155,current
Mianwali,Mianwali,Masoor,2022-23,Rabi,0.721561,7.3,maund/acre,2022-23(1).pdf,155,current
Narowal,Narowal,Masoor,2022-23,Rabi,0.573295,5.8,maund/acre,2022-23(1).pdf,155,current
Rahim Yar Khan,Rahim Yar Khan,Masoor,2022-23,Rabi,0.859943,8.7,maund/acre,2022-23(1).pdf,155,current
Rawalpindi,Rawalpindi,Masoor,2022-23,Rabi,0.296532,3.0,maund/acre,2022-23(1).pdf,155,current
Toba Tek Singh,T.T. Singh,Masoor,2022-23,Rabi,0.840174,8.5,maund/acre,2022-23(1).pdf,155,current
Attock,Attock,Moong,2022-23,Kharif,0.577249,5.84,maund/acre,2022-23(1).pdf,24,current
Bahawalnagar,Bahawalnagar,Moong,2022-23,Kharif,0.313335,3.17,maund/acre,2022-23(1).pdf,24,current
Bahawalpur,Bahawalpur,Moong,2022-23,Kharif,0.613821,6.21,maund/acre,2022-23(1).pdf,24,current
Bhakkar,Bhakkar,Moong,2022-23,Kharif,0.422064,4.27,maund/acre,2022-23(1).pdf,24,current
Chakwal,Chakwal,Moong,2022-23,Kharif,0.296532,3.0,maund/acre,2022-23(1).pdf,24,current
Chiniot,Chiniot,Moong,2022-23,Kharif,1.340325,13.56,maund/acre,2022-23(1).pdf,24,current
Dera Ghazi Khan,D.G. Khan,Moong,2022-23,Kharif,0.848082,8.58,maund/acre,2022-23(1).pdf,24,current
Faisalabad,Faisalabad,Moong,2022-23,Kharif,0.717607,7.26,maund/acre,2022-23(1).pdf,24,current
Jhang,Jhang,Moong,2022-23,Kharif,0.560445,5.67,maund/acre,2022-23(1).pdf,24,current
Jhelum,Jhelum,Moong,2022-23,Kharif,0.518931,5.25,maund/acre,2022-23(1).pdf,24,current
Kasur,Kasur,Moong,2022-23,Kharif,0.591087,5.98,maund/acre,2022-23(1).pdf,24,current
Khanewal,Khanewal,Moong,2022-23,Kharif,0.509047,5.15,maund/acre,2022-23(1).pdf,24,current
Khushab,Khushab,Moong,2022-23,Kharif,0.599983,6.07,maund/acre,2022-23(1).pdf,24,current
Layyah,Layyah,Moong,2022-23,Kharif,0.513989,5.2,maund/acre,2022-23(1).pdf,24,current
Lodhran,Lodhran,Moong,2022-23,Kharif,0.998324,10.1,maund/acre,2022-23(1).pdf,24,current
Mandi Bahauddin,M.B.Din,Moong,2022-23,Kharif,0.985475,9.97,maund/acre,2022-23(1).pdf,24,current
Mianwali,Mianwali,Moong,2022-23,Kharif,0.797671,8.07,maund/acre,2022-23(1).pdf,24,current
Multan,Multan,Moong,2022-23,Kharif,0.329151,3.33,maund/acre,2022-23(1).pdf,24,current
Muzaffargarh,Muzzafargargh,Moong,2022-23,Kharif,1.173278,11.87,maund/acre,2022-23(1).pdf,24,current
Nankana Sahib,Nankana Sahib,Moong,2022-23,Kharif,0.412179,4.17,maund/acre,2022-23(1).pdf,24,current
Okara,Okara,Moong,2022-23,Kharif,0.952856,9.64,maund/acre,2022-23(1).pdf,24,current
Pakpattan,Pakpattan,Moong,2022-23,Kharif,0.679058,6.87,maund/acre,2022-23(1).pdf,24,current
Rahim Yar Khan,Rahim Yar Khan,Moong,2022-23,Kharif,0.866862,8.77,maund/acre,2022-23(1).pdf,24,current
Rajanpur,Rajan Pur,Moong,2022-23,Kharif,1.442134,14.59,maund/acre,2022-23(1).pdf,24,current
Rawalpindi,RAWALPINDI DV:,Moong,2022-23,Kharif,0.491255,4.97,maund/acre,2022-23(1).pdf,24,current
Sahiwal,Sahiwal,Moong,2022-23,Kharif,0.699816,7.08,maund/acre,2022-23(1).pdf,24,current
Sargodha,Sargodha,Moong,2022-23,Kharif,0.504104,5.1,maund/acre,2022-23(1).pdf,24,current
Sheikhupura,Sheikhupura,Moong,2022-23,Kharif,0.673128,6.81,maund/acre,2022-23(1).pdf,24,current
Toba Tek Singh,T.T. Singh,Moong,2022-23,Kharif,1.174267,11.88,maund/acre,2022-23(1).pdf,24,current
Vehari,Vehari,Moong,2022-23,Kharif,0.639521,6.47,maund/acre,2022-23(1).pdf,24,current
Attock,Attock,Other Kharif Fruits,2022-23,Kharif,0.197688,2.0,maund/acre,2022-23(1).pdf,107,current
Bahawalnagar,Bahawalnagar,Other Kharif Fruits,2022-23,Kharif,1.087284,11.0,maund/acre,2022-23(1).pdf,107,current
Bahawalpur,Bahawalpur,Other Kharif Fruits,2022-23,Kharif,0.296532,3.0,maund/acre,2022-23(1).pdf,107,current
Bhakkar,Bhakkar,Other Kharif Fruits,2022-23,Kharif,0.98844,10.0,maund/acre,2022-23(1).pdf,107,current
Faisalabad,Faisalabad,Other Kharif Fruits,2022-23,Kharif,3.360696,34.0,maund/acre,2022-23(1).pdf,107,current
Gujranwala,Gujranwala,Other Kharif Fruits,2022-23,Kharif,0.98844,10.0,maund/acre,2022-23(1).pdf,107,current
Hafizabad,Hafizabad,Other Kharif Fruits,2022-23,Kharif,0.098844,1.0,maund/acre,2022-23(1).pdf,107,current
Khanewal,Khanewal,Other Kharif Fruits,2022-23,Kharif,1.186128,12.0,maund/acre,2022-23(1).pdf,107,current
Lodhran,Lodhran,Other Kharif Fruits,2022-23,Kharif,2.273412,23.0,maund/acre,2022-23(1).pdf,107,current
Mandi Bahauddin,M.B.Din,Other Kharif Fruits,2022-23,Kharif,8.713,8713.0,kg/ha,2022-23(1).pdf,108,current
Narowal,Narowal,Other Kharif Fruits,2022-23,Kharif,0.98844,10.0,maund/acre,2022-23(1).pdf,107,current
Okara,Okara,Other Kharif Fruits,2022-23,Kharif,0.49422,5.0,maund/acre,2022-23(1).pdf,107,current
Pakpattan,Pakpattan,Other Kharif Fruits,2022-23,Kharif,1.48266,15.0,maund/acre,2022-23(1).pdf,107,current
Rawalpindi,RAWALPINDI DV:,Other Kharif Fruits,2022-23,Kharif,0.197688,2.0,maund/acre,2022-23(1).pdf,107,current
Sahiwal,Sahiwal,Other Kharif Fruits,2022-23,Kharif,0.49422,5.0,maund/acre,2022-23(1).pdf,107,current
Sargodha,Sargodha,Other Kharif Fruits,2022-23,Kharif,0.197688,2.0,maund/acre,2022-23(1).pdf,107,current
Sialkot,Sialkot,Other Kharif Fruits,2022-23,Kharif,0.098844,1.0,maund/acre,2022-23(1).pdf,107,current
Vehari,Vehari,Other Kharif Fruits,2022-23,Kharif,0.98844,10.0,maund/acre,2022-23(1).pdf,107,current
Bahawalpur,Bahawalpur,Other Kharif Pulses,2022-23,Kharif,0.790752,8.0,maund/acre,2022-23(1).pdf,32,current
Bhakkar,Bhakkar,Other Kharif Pulses,2022-23,Kharif,0.49422,5.0,maund/acre,2022-23(1).pdf,32,current
Dera Ghazi Khan,D.G. Khan,Other Kharif Pulses,2022-23,Kharif,0.49422,5.0,maund/acre,2022-23(1).pdf,32,current
Muzaffargarh,Muzaffargarh,Other Kharif Pulses,2022-23,Kharif,0.691908,7.0,maund/acre,2022-23(1).pdf,32,current
Rahim Yar Khan,Rahim Yar Khan,Other Kharif Pulses,2022-23,Kharif,0.691908,7.0,maund/acre,2022-23(1).pdf,32,current
Attock,Attock,Other Kharif Vegetables,2022-23,Kharif,11.070528,112.0,maund/acre,2022-23(1).pdf,89,current
Bahawalnagar,Bahawalnagar,Other Kharif Vegetables,2022-23,Kharif,12.948564,131.0,maund/acre,2022-23(1).pdf,89,current
Bahawalpur,Bahawalpur,Other Kharif Vegetables,2022-23,Kharif,11.36706,115.0,maund/acre,2022-23(1).pdf,89,current
Bhakkar,Bhakkar,Other Kharif Vegetables,2022-23,Kharif,11.564748,117.0,maund/acre,2022-23(1).pdf,89,current
Chiniot,Chiniot,Other Kharif Vegetables,2022-23,Kharif,13.937004,141.0,maund/acre,2022-23(1).pdf,89,current
Faisalabad,Faisalabad,Other Kharif Vegetables,2022-23,Kharif,11.762436,119.0,maund/acre,2022-23(1).pdf,89,current
Gujranwala,Gujranwala,Other Kharif Vegetables,2022-23,Kharif,9.8844,100.0,maund/acre,2022-23(1).pdf,89,current
Gujrat,Gujrat,Other Kharif Vegetables,2022-23,Kharif,9.785556,99.0,maund/acre,2022-23(1).pdf,89,current
Hafizabad,Hafizabad,Other Kharif Vegetables,2022-23,Kharif,8.698272,88.0,maund/acre,2022-23(1).pdf,89,current
Islamabad,Islamabad,Other Kharif Vegetables,2022-23,Kharif,8.105208,82.0,maund/acre,2022-23(1).pdf,89,current
Jhang,Jhang,Other Kharif Vegetables,2022-23,Kharif,12.948564,131.0,maund/acre,2022-23(1).pdf,89,current
Kasur,Kasur,Other Kharif Vegetables,2022-23,Kharif,11.762436,119.0,maund/acre,2022-23(1).pdf,89,current
Khanewal,Khanewal,Other Kharif Vegetables,2022-23,Kharif,14.530068,147.0,maund/acre,2022-23(1).pdf,89,current
Khushab,Khushab,Other Kharif Vegetables,2022-23,Kharif,12.256656,124.0,maund/acre,2022-23(1).pdf,89,current
Lahore,Lahore,Other Kharif Vegetables,2022-23,Kharif,13.640472,138.0,maund/acre,2022-23(1).pdf,89,current
Lodhran,Lodhran,Other Kharif Vegetables,2022-23,Kharif,13.640472,138.0,maund/acre,2022-23(1).pdf,89,current
Mandi Bahauddin,M.B. Din,Other Kharif Vegetables,2022-23,Kharif,9.983244,101.0,maund/acre,2022-23(1).pdf,89,current
Mianwali,Mianwali,Other Kharif Vegetables,2022-23,Kharif,10.87284,110.0,maund/acre,2022-23(1).pdf,89,current
Multan,Multan,Other Kharif Vegetables,2022-23,Kharif,14.134692,143.0,maund/acre,2022-23(1).pdf,89,current
Muzaffargarh,Muzaffargarh,Other Kharif Vegetables,2022-23,Kharif,14.134692,143.0,maund/acre,2022-23(1).pdf,89,current
Nankana Sahib,Nankana Sahib,Other Kharif Vegetables,2022-23,Kharif,12.652032,128.0,maund/acre,2022-23(1).pdf,89,current
Narowal,Narowal,Other Kharif Vegetables,2022-23,Kharif,8.797116,89.0,maund/acre,2022-23(1).pdf,89,current
Okara,Okara,Other Kharif Vegetables,2022-23,Kharif,12.553188,127.0,maund/acre,2022-23(1).pdf,89,current
Pakpattan,Pakpattan,Other Kharif Vegetables,2022-23,Kharif,13.442784,136.0,maund/acre,2022-23(1).pdf,89,current
Rahim Yar Khan,Rahim Yar Khan,Other Kharif Vegetables,2022-23,Kharif,11.86128,120.0,maund/acre,2022-23(1).pdf,89,current
Rajanpur,Rajan Pur,Other Kharif Vegetables,2022-23,Kharif,14.33238,145.0,maund/acre,2022-23(1).pdf,89,current
Rawalpindi,Rawalpindi,Other Kharif Vegetables,2022-23,Kharif,8.105208,82.0,maund/acre,2022-23(1).pdf,89,current
Sahiwal,Sahiwal,Other Kharif Vegetables,2022-23,Kharif,11.762436,119.0,maund/acre,2022-23(1).pdf,89,current
Sargodha,Sargodha,Other Kharif Vegetables,2022-23,Kharif,12.84972,130.0,maund/acre,2022-23(1).pdf,89,current
Sheikhupura,Sheikhupura,Other Kharif Vegetables,2022-23,Kharif,13.83816,140.0,maund/acre,2022-23(1).pdf,89,current
Sialkot,Sialkot,Other Kharif Vegetables,2022-23,Kharif,9.489024,96.0,maund/acre,2022-23(1).pdf,89,current
Toba Tek Singh,T.T. Singh,Other Kharif Vegetables,2022-23,Kharif,11.960124,121.0,maund/acre,2022-23(1).pdf,89,current
Vehari,Vehari,Other Kharif Vegetables,2022-23,Kharif,12.454344,126.0,maund/acre,2022-23(1).pdf,89,current
Bahawalnagar,Bahawalnagar,Other Rabi Fruits,2022-23,Other/Perennial,2.767632,28.0,maund/acre,2022-23(1).pdf,205,current
Bahawalpur,Bahawalpur,Other Rabi Fruits,2022-23,Other/Perennial,9.093648,92.0,maund/acre,2022-23(1).pdf,205,current
Chiniot,Chiniot,Other Rabi Fruits,2022-23,Other/Perennial,4.44798,45.0,maund/acre,2022-23(1).pdf,205,current
Dera Ghazi Khan,D.G. Khan,Other Rabi Fruits,2022-23,Other/Perennial,7.4133,75.0,maund/acre,2022-23(1).pdf,205,current
Faisalabad,Faisalabad,Other Rabi Fruits,2022-23,Other/Perennial,5.139888,52.0,maund/acre,2022-23(1).pdf,205,current
Jhang,Jhang,Other Rabi Fruits,2022-23,Other/Perennial,7.116768,72.0,maund/acre,2022-23(1).pdf,205,current
Jhelum,Jhelum,Other Rabi Fruits,2022-23,Other/Perennial,3.95376,40.0,maund/acre,2022-23(1).pdf,205,current
Kasur,Kasur,Other Rabi Fruits,2022-23,Other/Perennial,6.91908,70.0,maund/acre,2022-23(1).pdf,205,current
Khanewal,Khanewal,Other Rabi Fruits,2022-23,Other/Perennial,6.820236,69.0,maund/acre,2022-23(1).pdf,205,current
Khushab,Khushab,Other Rabi Fruits,2022-23,Other/Perennial,6.42486,65.0,maund/acre,2022-23(1).pdf,205,current
Lahore,Lahore,Other Rabi Fruits,2022-23,Other/Perennial,5.831796,59.0,maund/acre,2022-23(1).pdf,205,current
Lodhran,Lodhran,Other Rabi Fruits,2022-23,Other/Perennial,9.489024,96.0,maund/acre,2022-23(1).pdf,205,current
Multan,Multan,Other Rabi Fruits,2022-23,Other/Perennial,13.937004,141.0,maund/acre,2022-23(1).pdf,205,current
Nankana Sahib,Nankana Sahib,Other Rabi Fruits,2022-23,Other/Perennial,6.227172,63.0,maund/acre,2022-23(1).pdf,205,current
Narowal,Narowal,Other Rabi Fruits,2022-23,Other/Perennial,5.041044,51.0,maund/acre,2022-23(1).pdf,205,current
Okara,Okara,Other Rabi Fruits,2022-23,Other/Perennial,14.628912,148.0,maund/acre,2022-23(1).pdf,205,current
Pakpattan,Pakpattan,Other Rabi Fruits,2022-23,Other/Perennial,6.42486,65.0,maund/acre,2022-23(1).pdf,205,current
Rahim Yar Khan,Rahim Yar Khan,Other Rabi Fruits,2022-23,Other/Perennial,6.91908,70.0,maund/acre,2022-23(1).pdf,205,current
Rawalpindi,Rawalpindi,Other Rabi Fruits,2022-23,Other/Perennial,3.163008,32.0,maund/acre,2022-23(1).pdf,205,current
Sahiwal,Sahiwal,Other Rabi Fruits,2022-23,Other/Perennial,19.571112,198.0,maund/acre,2022-23(1).pdf,205,current
Sargodha,Sargodha,Other Rabi Fruits,2022-23,Other/Perennial,11.86128,120.0,maund/acre,2022-23(1).pdf,205,current
Sheikhupura,Sheikhupura,Other Rabi Fruits,2022-23,Other/Perennial,6.42486,65.0,maund/acre,2022-23(1).pdf,205,current
Sialkot,Sialkot,Other Rabi Fruits,2022-23,Other/Perennial,4.9422,50.0,maund/acre,2022-23(1).pdf,205,current
Toba Tek Singh,T.T. Singh,Other Rabi Fruits,2022-23,Other/Perennial,5.634108,57.0,maund/acre,2022-23(1).pdf,205,current
Attock,Attock,Other Rabi Vegetables,2022-23,Rabi,6.523704,66.0,maund/acre,2022-23(1).pdf,187,current
Bahawalnagar,Bahawalnagar,Other Rabi Vegetables,2022-23,Rabi,20.26302,205.0,maund/acre,2022-23(1).pdf,187,current
Bahawalpur,Bahawalpur,Other Rabi Vegetables,2022-23,Rabi,10.971684,111.0,maund/acre,2022-23(1).pdf,187,current
Bhakkar,Bhakkar,Other Rabi Vegetables,2022-23,Rabi,16.408104,166.0,maund/acre,2022-23(1).pdf,187,current
Chakwal,Chakwal,Other Rabi Vegetables,2022-23,Rabi,16.80348,170.0,maund/acre,2022-23(1).pdf,187,current
Chiniot,Chiniot,Other Rabi Vegetables,2022-23,Rabi,18.78036,190.0,maund/acre,2022-23(1).pdf,187,current
Dera Ghazi Khan,D.G. Khan,Other Rabi Vegetables,2022-23,Rabi,11.86128,120.0,maund/acre,2022-23(1).pdf,187,current
Faisalabad,Faisalabad,Other Rabi Vegetables,2022-23,Rabi,17.100012,173.0,maund/acre,2022-23(1).pdf,187,current
Gujranwala,Gujranwala,Other Rabi Vegetables,2022-23,Rabi,18.28614,185.0,maund/acre,2022-23(1).pdf,187,current
Gujrat,Gujrat,Other Rabi Vegetables,2022-23,Rabi,12.256656,124.0,maund/acre,2022-23(1).pdf,187,current
Hafizabad,Hafizabad,Other Rabi Vegetables,2022-23,Rabi,19.175736,194.0,maund/acre,2022-23(1).pdf,187,current
Islamabad,Islamabad,Other Rabi Vegetables,2022-23,Rabi,16.80348,170.0,maund/acre,2022-23(1).pdf,187,current
Jhang,Jhang,Other Rabi Vegetables,2022-23,Rabi,11.86128,120.0,maund/acre,2022-23(1).pdf,187,current
Jhelum,Jhelum,Other Rabi Vegetables,2022-23,Rabi,17.79192,180.0,maund/acre,2022-23(1).pdf,187,current
Kasur,Kasur,Other Rabi Vegetables,2022-23,Rabi,5.831796,59.0,maund/acre,2022-23(1).pdf,187,current
Khanewal,Khanewal,Other Rabi Vegetables,2022-23,Rabi,16.30926,165.0,maund/acre,2022-23(1).pdf,187,current
Khushab,Khushab,Other Rabi Vegetables,2022-23,Rabi,13.83816,140.0,maund/acre,2022-23(1).pdf,187,current
Lahore,Lahore,Other Rabi Vegetables,2022-23,Rabi,21.25146,215.0,maund/acre,2022-23(1).pdf,187,current
Layyah,Layyah,Other Rabi Vegetables,2022-23,Rabi,14.628912,148.0,maund/acre,2022-23(1).pdf,187,current
Lodhran,Lodhran,Other Rabi Vegetables,2022-23,Rabi,17.890764,181.0,maund/acre,2022-23(1).pdf,187,current
Mandi Bahauddin,M.B.Din,Other Rabi Vegetables,2022-23,Rabi,16.30926,165.0,maund/acre,2022-23(1).pdf,187,current
Mianwali,Mianwali,Other Rabi Vegetables,2022-23,Rabi,10.87284,110.0,maund/acre,2022-23(1).pdf,187,current
Multan,Multan,Other Rabi Vegetables,2022-23,Rabi,5.634108,57.0,maund/acre,2022-23(1).pdf,187,current
Muzaffargarh,Muzaffargarh,Other Rabi Vegetables,2022-23,Rabi,16.605792,168.0,maund/acre,2022-23(1).pdf,187,current
Nankana Sahib,Nankana Sahib,Other Rabi Vegetables,2022-23,Rabi,17.2977,175.0,maund/acre,2022-23(1).pdf,187,current
Narowal,Narowal,Other Rabi Vegetables,2022-23,Rabi,23.524872,238.0,maund/acre,2022-23(1).pdf,187,current
Okara,Okara,Other Rabi Vegetables,2022-23,Rabi,17.594232,178.0,maund/acre,2022-23(1).pdf,187,current
Pakpattan,Pakpattan,Other Rabi Vegetables,2022-23,Rabi,16.605792,168.0,maund/acre,2022-23(1).pdf,187,current
Rahim Yar Khan,Rahim Yar Khan,Other Rabi Vegetables,2022-23,Rabi,13.34394,135.0,maund/acre,2022-23(1).pdf,187,current
Rajanpur,Rajan Pur,Other Rabi Vegetables,2022-23,Rabi,15.81504,160.0,maund/acre,2022-23(1).pdf,187,current
Rawalpindi,Rawalpindi,Other Rabi Vegetables,2022-23,Rabi,15.81504,160.0,maund/acre,2022-23(1).pdf,187,current
Sahiwal,Sahiwal,Other Rabi Vegetables,2022-23,Rabi,35.880372,363.0,maund/acre,2022-23(1).pdf,187,current
Sargodha,Sargodha,Other Rabi Vegetables,2022-23,Rabi,12.3555,125.0,maund/acre,2022-23(1).pdf,187,current
Sheikhupura,Sheikhupura,Other Rabi Vegetables,2022-23,Rabi,12.157812,123.0,maund/acre,2022-23(1).pdf,187,current
Sialkot,Sialkot,Other Rabi Vegetables,2022-23,Rabi,4.546824,46.0,maund/acre,2022-23(1).pdf,187,current
Toba Tek Singh,T.T. Singh,Other Rabi Vegetables,2022-23,Rabi,17.001168,172.0,maund/acre,2022-23(1).pdf,187,current
Vehari,Vehari,Other Rabi Vegetables,2022-23,Rabi,17.100012,173.0,maund/acre,2022-23(1).pdf,187,current
Attock,Attock,Peach,2022-23,Kharif,15.716196,159.0,maund/acre,2022-23(1).pdf,103,current
Bahawalnagar,Bahawalnagar,Peach,2022-23,Kharif,10.37862,105.0,maund/acre,2022-23(1).pdf,103,current
Bhakkar,Bhakkar,Peach,2022-23,Kharif,9.39018,95.0,maund/acre,2022-23(1).pdf,103,current
Chiniot,Chiniot,Peach,2022-23,Kharif,14.530068,147.0,maund/acre,2022-23(1).pdf,103,current
Dera Ghazi Khan,D.G. Khan,Peach,2022-23,Kharif,4.349136,44.0,maund/acre,2022-23(1).pdf,103,current
Faisalabad,Faisalabad,Peach,2022-23,Kharif,13.83816,140.0,maund/acre,2022-23(1).pdf,103,current
Gujranwala,Gujranwala,Peach,2022-23,Kharif,9.8844,100.0,maund/acre,2022-23(1).pdf,103,current
Hafizabad,Hafizabad,Peach,2022-23,Kharif,24.711,250.0,maund/acre,2022-23(1).pdf,103,current
Jhang,Jhang,Peach,2022-23,Kharif,14.925444,151.0,maund/acre,2022-23(1).pdf,103,current
Jhelum,Jhelum,Peach,2022-23,Kharif,11.960124,121.0,maund/acre,2022-23(1).pdf,103,current
Kasur,Kasur,Peach,2022-23,Kharif,11.36706,115.0,maund/acre,2022-23(1).pdf,103,current
Khanewal,Khanewal,Peach,2022-23,Kharif,7.90752,80.0,maund/acre,2022-23(1).pdf,103,current
Khushab,Khushab,Peach,2022-23,Kharif,11.070528,112.0,maund/acre,2022-23(1).pdf,103,current
Nankana Sahib,Nankana Sahib,Peach,2022-23,Kharif,10.37862,105.0,maund/acre,2022-23(1).pdf,103,current
Narowal,Narowal,Peach,2022-23,Kharif,9.39018,95.0,maund/acre,2022-23(1).pdf,103,current
Okara,Okara,Peach,2022-23,Kharif,18.088452,183.0,maund/acre,2022-23(1).pdf,103,current
Pakpattan,Pakpattan,Peach,2022-23,Kharif,9.39018,95.0,maund/acre,2022-23(1).pdf,103,current
Rawalpindi,Rawalpindi,Peach,2022-23,Kharif,17.2977,175.0,maund/acre,2022-23(1).pdf,103,current
Sahiwal,Sahiwal,Peach,2022-23,Kharif,8.797116,89.0,maund/acre,2022-23(1).pdf,103,current
Sargodha,Sargodha,Peach,2022-23,Kharif,17.890764,181.0,maund/acre,2022-23(1).pdf,103,current
Sialkot,Sialkot,Peach,2022-23,Kharif,8.89596,90.0,maund/acre,2022-23(1).pdf,103,current
Toba Tek Singh,T.T. Singh,Peach,2022-23,Kharif,14.33238,145.0,maund/acre,2022-23(1).pdf,103,current
Vehari,Vehari,Peach,2022-23,Kharif,8.89596,90.0,maund/acre,2022-23(1).pdf,103,current
Bahawalnagar,Bahawalnagar,Phalsa,2022-23,Kharif,3.45954,35.0,maund/acre,2022-23(1).pdf,101,current
Bahawalpur,Bahawalpur,Phalsa,2022-23,Kharif,6.820236,69.0,maund/acre,2022-23(1).pdf,101,current
Bhakkar,Bhakkar,Phalsa,2022-23,Kharif,2.96532,30.0,maund/acre,2022-23(1).pdf,101,current
Chiniot,Chiniot,Phalsa,2022-23,Kharif,2.96532,30.0,maund/acre,2022-23(1).pdf,101,current
Dera Ghazi Khan,D.G. Khan,Phalsa,2022-23,Kharif,3.45954,35.0,maund/acre,2022-23(1).pdf,101,current
Gujranwala,Gujranwala,Phalsa,2022-23,Kharif,2.4711,25.0,maund/acre,2022-23(1).pdf,101,current
Hafizabad,Hafizabad,Phalsa,2022-23,Kharif,3.756072,38.0,maund/acre,2022-23(1).pdf,101,current
Jhang,Jhang,Phalsa,2022-23,Kharif,4.843356,49.0,maund/acre,2022-23(1).pdf,101,current
Kasur,Kasur,Phalsa,2022-23,Kharif,4.151448,42.0,maund/acre,2022-23(1).pdf,101,current
Khanewal,Khanewal,Phalsa,2022-23,Kharif,2.273412,23.0,maund/acre,2022-23(1).pdf,101,current
Lahore,Lahore,Phalsa,2022-23,Kharif,2.372256,24.0,maund/acre,2022-23(1).pdf,101,current
Lodhran,Lodhran,Phalsa,2022-23,Kharif,7.610988,77.0,maund/acre,2022-23(1).pdf,101,current
Mianwali,Mianwali,Phalsa,2022-23,Kharif,5.93064,60.0,maund/acre,2022-23(1).pdf,101,current
Multan,Multan,Phalsa,2022-23,Kharif,6.128328,62.0,maund/acre,2022-23(1).pdf,101,current
Muzaffargarh,Muzaffargarh,Phalsa,2022-23,Kharif,4.645668,47.0,maund/acre,2022-23(1).pdf,101,current
Nankana Sahib,Nankana Sahib,Phalsa,2022-23,Kharif,2.96532,30.0,maund/acre,2022-23(1).pdf,101,current
Narowal,Narowal,Phalsa,2022-23,Kharif,3.721,3721.0,kg/ha,2022-23(1).pdf,102,current
Okara,Okara,Phalsa,2022-23,Kharif,4.744512,48.0,maund/acre,2022-23(1).pdf,101,current
Pakpattan,Pakpattan,Phalsa,2022-23,Kharif,6.029484,61.0,maund/acre,2022-23(1).pdf,101,current
Rahim Yar Khan,Rahim Yar Khan,Phalsa,2022-23,Kharif,4.645668,47.0,maund/acre,2022-23(1).pdf,101,current
Rajanpur,Rajan Pur,Phalsa,2022-23,Kharif,2.4711,25.0,maund/acre,2022-23(1).pdf,101,current
Sahiwal,Sahiwal,Phalsa,2022-23,Kharif,5.139888,52.0,maund/acre,2022-23(1).pdf,101,current
Sargodha,Sargodha,Phalsa,2022-23,Kharif,2.273412,23.0,maund/acre,2022-23(1).pdf,101,current
Sheikhupura,Sheikhupura,Phalsa,2022-23,Kharif,5.43642,55.0,maund/acre,2022-23(1).pdf,101,current
Sialkot,Sialkot,Phalsa,2022-23,Kharif,2.486,2486.0,kg/ha,2022-23(1).pdf,102,current
Vehari,Vehari,Phalsa,2022-23,Kharif,8.204052,83.0,maund/acre,2022-23(1).pdf,101,current
Bahawalnagar,Bahawalnagar,Pomegranate,2022-23,Kharif,4.546824,46.0,maund/acre,2022-23(1).pdf,99,current
Bahawalpur,Bahawalpur,Pomegranate,2022-23,Kharif,13.047408,132.0,maund/acre,2022-23(1).pdf,99,current
Bhakkar,Bhakkar,Pomegranate,2022-23,Kharif,5.238732,53.0,maund/acre,2022-23(1).pdf,99,current
Dera Ghazi Khan,D.G. Khan,Pomegranate,2022-23,Kharif,4.44798,45.0,maund/acre,2022-23(1).pdf,99,current
Faisalabad,Faisalabad,Pomegranate,2022-23,Kharif,5.732952,58.0,maund/acre,2022-23(1).pdf,99,current
Gujranwala,Gujranwala,Pomegranate,2022-23,Kharif,5.831796,59.0,maund/acre,2022-23(1).pdf,99,current
Hafizabad,Hafizabad *,Pomegranate,2022-23,Kharif,5.436,5436.0,kg/ha,2022-23(1).pdf,100,current
Jhang,Jhang,Pomegranate,2022-23,Kharif,5.831796,59.0,maund/acre,2022-23(1).pdf,99,current
Jhelum,Jhelum,Pomegranate,2022-23,Kharif,5.634108,57.0,maund/acre,2022-23(1).pdf,99,current
Kasur,Kasur,Pomegranate,2022-23,Kharif,7.90752,80.0,maund/acre,2022-23(1).pdf,99,current
Khanewal,Khanewal,Pomegranate,2022-23,Kharif,7.90752,80.0,maund/acre,2022-23(1).pdf,99,current
Lodhran,Lodhran,Pomegranate,2022-23,Kharif,8.599428,87.0,maund/acre,2022-23(1).pdf,99,current
Mianwali,Mianwali,Pomegranate,2022-23,Kharif,5.732952,58.0,maund/acre,2022-23(1).pdf,99,current
Multan,Multan,Pomegranate,2022-23,Kharif,9.192492,93.0,maund/acre,2022-23(1).pdf,99,current
Muzaffargarh,Muzaffargarh,Pomegranate,2022-23,Kharif,4.9422,50.0,maund/acre,2022-23(1).pdf,99,current
Nankana Sahib,Nankana Sahib,Pomegranate,2022-23,Kharif,7.610988,77.0,maund/acre,2022-23(1).pdf,99,current
Okara,Okara,Pomegranate,2022-23,Kharif,7.90752,80.0,maund/acre,2022-23(1).pdf,99,current
Pakpattan,Pakpattan,Pomegranate,2022-23,Kharif,9.8844,100.0,maund/acre,2022-23(1).pdf,99,current
Rahim Yar Khan,Rahim Yar Khan,Pomegranate,2022-23,Kharif,10.082088,102.0,maund/acre,2022-23(1).pdf,99,current
Rajanpur,Rajan Pur,Pomegranate,2022-23,Kharif,3.95376,40.0,maund/acre,2022-23(1).pdf,99,current
Rawalpindi,RAWALPINDI DV:,Pomegranate,2022-23,Kharif,5.634108,57.0,maund/acre,2022-23(1).pdf,99,current
Sahiwal,Sahiwal,Pomegranate,2022-23,Kharif,10.87284,110.0,maund/acre,2022-23(1).pdf,99,current
Sialkot,Sialkot,Pomegranate,2022-23,Kharif,5.43642,55.0,maund/acre,2022-23(1).pdf,99,current
Toba Tek Singh,T.T. Singh,Pomegranate,2022-23,Kharif,4.44798,45.0,maund/acre,2022-23(1).pdf,99,current
Vehari,Vehari,Pomegranate,2022-23,Kharif,6.91908,70.0,maund/acre,2022-23(1).pdf,99,current
Bahawalpur,Bahawalpur,Pumpkin,2022-23,Kharif,12.256656,124.0,maund/acre,2022-23(1).pdf,69,current
Gujranwala,Gujranwala,Pumpkin,2022-23,Kharif,56.439924,571.0,maund/acre,2022-23(1).pdf,69,current
Gujrat,Gujrat,Pumpkin,2022-23,Kharif,13.541628,137.0,maund/acre,2022-23(1).pdf,69,current
Hafizabad,Hafizabad,Pumpkin,2022-23,Kharif,19.458,19458.0,kg/ha,2022-23(1).pdf,70,current
Kasur,Kasur,Pumpkin,2022-23,Kharif,18.28614,185.0,maund/acre,2022-23(1).pdf,69,current
Khanewal,Khanewal,Pumpkin,2022-23,Kharif,47.44512,480.0,maund/acre,2022-23(1).pdf,69,current
Lodhran,Lodhran,Pumpkin,2022-23,Kharif,42.0087,425.0,maund/acre,2022-23(1).pdf,69,current
Mandi Bahauddin,M.B. Din,Pumpkin,2022-23,Kharif,13.34394,135.0,maund/acre,2022-23(1).pdf,69,current
Muzaffargarh,Muzaffargarh,Pumpkin,2022-23,Kharif,22.73412,230.0,maund/acre,2022-23(1).pdf,69,current
Narowal,Narowal,Pumpkin,2022-23,Kharif,13.640472,138.0,maund/acre,2022-23(1).pdf,69,current
Okara,Okara,Pumpkin,2022-23,Kharif,18.582672,188.0,maund/acre,2022-23(1).pdf,69,current
Sialkot,Sialkot,Pumpkin,2022-23,Kharif,19.373424,196.0,maund/acre,2022-23(1).pdf,69,current
Toba Tek Singh,T.T. Singh,Pumpkin,2022-23,Kharif,19.27458,195.0,maund/acre,2022-23(1).pdf,69,current
Attock,Attock,Rabi Fodder,2022-23,Rabi,16.210416,164.0,maund/acre,2022-23(1).pdf,131,current
Bahawalnagar,Bahawalnagar,Rabi Fodder,2022-23,Rabi,68.400048,692.0,maund/acre,2022-23(1).pdf,131,current
Bahawalpur,Bahawalpur,Rabi Fodder,2022-23,Rabi,69.289644,701.0,maund/acre,2022-23(1).pdf,131,current
Bhakkar,Bhakkar,Rabi Fodder,2022-23,Rabi,61.678656,624.0,maund/acre,2022-23(1).pdf,131,current
Chakwal,Chakwal,Rabi Fodder,2022-23,Rabi,35.880372,363.0,maund/acre,2022-23(1).pdf,131,current
Chiniot,Chiniot,Rabi Fodder,2022-23,Rabi,79.371732,803.0,maund/acre,2022-23(1).pdf,131,current
Dera Ghazi Khan,D.G. Khan,Rabi Fodder,2022-23,Rabi,61.184436,619.0,maund/acre,2022-23(1).pdf,131,current
Faisalabad,Faisalabad,Rabi Fodder,2022-23,Rabi,98.942844,1001.0,maund/acre,2022-23(1).pdf,131,current
Gujranwala,Gujranwala,Rabi Fodder,2022-23,Rabi,92.517984,936.0,maund/acre,2022-23(1).pdf,131,current
Gujrat,Gujrat,Rabi Fodder,2022-23,Rabi,77.987916,789.0,maund/acre,2022-23(1).pdf,131,current
Hafizabad,Hafizabad,Rabi Fodder,2022-23,Rabi,87.773472,888.0,maund/acre,2022-23(1).pdf,131,current
Islamabad,Islamabad,Rabi Fodder,2022-23,Rabi,24.711,250.0,maund/acre,2022-23(1).pdf,131,current
Jhang,Jhang,Rabi Fodder,2022-23,Rabi,95.582148,967.0,maund/acre,2022-23(1).pdf,131,current
Jhelum,Jhelum,Rabi Fodder,2022-23,Rabi,59.899464,606.0,maund/acre,2022-23(1).pdf,131,current
Kasur,Kasur,Rabi Fodder,2022-23,Rabi,66.917388,677.0,maund/acre,2022-23(1).pdf,131,current
Khanewal,Khanewal,Rabi Fodder,2022-23,Rabi,77.197164,781.0,maund/acre,2022-23(1).pdf,131,current
Khushab,Khushab,Rabi Fodder,2022-23,Rabi,49.817376,504.0,maund/acre,2022-23(1).pdf,131,current
Lahore,Lahore,Rabi Fodder,2022-23,Rabi,74.231844,751.0,maund/acre,2022-23(1).pdf,131,current
Layyah,Layyah,Rabi Fodder,2022-23,Rabi,52.288476,529.0,maund/acre,2022-23(1).pdf,131,current
Lodhran,Lodhran,Rabi Fodder,2022-23,Rabi,60.986748,617.0,maund/acre,2022-23(1).pdf,131,current
Mandi Bahauddin,M.B.Din,Rabi Fodder,2022-23,Rabi,80.459016,814.0,maund/acre,2022-23(1).pdf,131,current
Mianwali,Mianwali,Rabi Fodder,2022-23,Rabi,83.622024,846.0,maund/acre,2022-23(1).pdf,131,current
Multan,Multan,Rabi Fodder,2022-23,Rabi,72.946872,738.0,maund/acre,2022-23(1).pdf,131,current
Muzaffargarh,Muzzafargargh,Rabi Fodder,2022-23,Rabi,73.243404,741.0,maund/acre,2022-23(1).pdf,131,current
Nankana Sahib,Nankana Sahib,Rabi Fodder,2022-23,Rabi,84.808152,858.0,maund/acre,2022-23(1).pdf,131,current
Narowal,Narowal,Rabi Fodder,2022-23,Rabi,74.429532,753.0,maund/acre,2022-23(1).pdf,131,current
Okara,Okara,Rabi Fodder,2022-23,Rabi,84.0174,850.0,maund/acre,2022-23(1).pdf,131,current
Pakpattan,Pakpattan,Rabi Fodder,2022-23,Rabi,77.493696,784.0,maund/acre,2022-23(1).pdf,131,current
Rahim Yar Khan,Rahim Yar Khan,Rabi Fodder,2022-23,Rabi,76.6041,775.0,maund/acre,2022-23(1).pdf,131,current
Rajanpur,Rajan Pur,Rabi Fodder,2022-23,Rabi,61.876344,626.0,maund/acre,2022-23(1).pdf,131,current
Rawalpindi,Rawalpindi,Rabi Fodder,2022-23,Rabi,27.1821,275.0,maund/acre,2022-23(1).pdf,131,current
Sahiwal,Sahiwal,Rabi Fodder,2022-23,Rabi,77.987916,789.0,maund/acre,2022-23(1).pdf,131,current
Sargodha,Sargodha,Rabi Fodder,2022-23,Rabi,70.376928,712.0,maund/acre,2022-23(1).pdf,131,current
Sheikhupura,Sheikhupura,Rabi Fodder,2022-23,Rabi,91.826076,929.0,maund/acre,2022-23(1).pdf,131,current
Sialkot,Sialkot,Rabi Fodder,2022-23,Rabi,87.47694,885.0,maund/acre,2022-23(1).pdf,131,current
Toba Tek Singh,T.T. Singh,Rabi Fodder,2022-23,Rabi,86.093124,871.0,maund/acre,2022-23(1).pdf,131,current
Vehari,Vehari,Rabi Fodder,2022-23,Rabi,81.348612,823.0,maund/acre,2022-23(1).pdf,131,current
Attock,Attock,Rapeseed & Mustard,2022-23,Rabi,0.495208,5.01,maund/acre,2022-23(1).pdf,134,current
Bahawalnagar,Bahawalnagar,Rapeseed & Mustard,2022-23,Rabi,1.623018,16.42,maund/acre,2022-23(1).pdf,134,current
Bahawalpur,Bahawalpur,Rapeseed & Mustard,2022-23,Rabi,1.954146,19.77,maund/acre,2022-23(1).pdf,134,current
Bhakkar,Bhakkar,Rapeseed & Mustard,2022-23,Rabi,1.062573,10.75,maund/acre,2022-23(1).pdf,134,current
Chakwal,Chakwal,Rapeseed & Mustard,2022-23,Rabi,1.189093,12.03,maund/acre,2022-23(1).pdf,134,current
Chiniot,Chiniot,Rapeseed & Mustard,2022-23,Rabi,1.497487,15.15,maund/acre,2022-23(1).pdf,134,current
Dera Ghazi Khan,D.G. Khan,Rapeseed & Mustard,2022-23,Rabi,1.269157,12.84,maund/acre,2022-23(1).pdf,134,current
Faisalabad,Faisalabad,Rapeseed & Mustard,2022-23,Rabi,1.880013,19.02,maund/acre,2022-23(1).pdf,134,current
Gujranwala,Gujranwala,Rapeseed & Mustard,2022-23,Rabi,1.022047,10.34,maund/acre,2022-23(1).pdf,134,current
Gujrat,Gujrat,Rapeseed & Mustard,2022-23,Rabi,0.659289,6.67,maund/acre,2022-23(1).pdf,134,current
Jhang,Jhang,Rapeseed & Mustard,2022-23,Rabi,1.524174,15.42,maund/acre,2022-23(1).pdf,134,current
Jhelum,Jhelum,Rapeseed & Mustard,2022-23,Rabi,0.739353,7.48,maund/acre,2022-23(1).pdf,134,current
Kasur,Kasur,Rapeseed & Mustard,2022-23,Rabi,1.300787,13.16,maund/acre,2022-23(1).pdf,134,current
Khanewal,Khanewal,Rapeseed & Mustard,2022-23,Rabi,1.583481,16.02,maund/acre,2022-23(1).pdf,134,current
Khushab,Khushab,Rapeseed & Mustard,2022-23,Rabi,1.29288,13.08,maund/acre,2022-23(1).pdf,134,current
Kot Addu,Kot Addu,Rapeseed & Mustard,2022-23,Rabi,1.521209,15.39,maund/acre,2022-23(1).pdf,134,current
Lahore,Lahore,Rapeseed & Mustard,2022-23,Rabi,1.859256,18.81,maund/acre,2022-23(1).pdf,134,current
Layyah,Layyah,Rapeseed & Mustard,2022-23,Rabi,1.409515,14.26,maund/acre,2022-23(1).pdf,134,current
Lodhran,Lodhran,Rapeseed & Mustard,2022-23,Rabi,1.578539,15.97,maund/acre,2022-23(1).pdf,134,current
Mianwali,Mianwali,Rapeseed & Mustard,2022-23,Rabi,1.853325,18.75,maund/acre,2022-23(1).pdf,134,current
Multan,Multan,Rapeseed & Mustard,2022-23,Rabi,2.111308,21.36,maund/acre,2022-23(1).pdf,134,current
Muzaffargarh,Muzzafargargh,Rapeseed & Mustard,2022-23,Rabi,1.69814,17.18,maund/acre,2022-23(1).pdf,134,current
Nankana Sahib,Nankana Sahib,Rapeseed & Mustard,2022-23,Rabi,1.448065,14.65,maund/acre,2022-23(1).pdf,134,current
Narowal,Narowal,Rapeseed & Mustard,2022-23,Rabi,1.042804,10.55,maund/acre,2022-23(1).pdf,134,current
Okara,Okara,Rapeseed & Mustard,2022-23,Rabi,1.795995,18.17,maund/acre,2022-23(1).pdf,134,current
Pakpattan,Pakpattan,Rapeseed & Mustard,2022-23,Rabi,1.480683,14.98,maund/acre,2022-23(1).pdf,134,current
Rahim Yar Khan,Rahim Yar Khan,Rapeseed & Mustard,2022-23,Rabi,1.810822,18.32,maund/acre,2022-23(1).pdf,134,current
Rajanpur,Rajan Pur,Rapeseed & Mustard,2022-23,Rabi,1.578539,15.97,maund/acre,2022-23(1).pdf,134,current
Rawalpindi,Rawalpindi,Rapeseed & Mustard,2022-23,Rabi,0.811509,8.21,maund/acre,2022-23(1).pdf,134,current
Sahiwal,Sahiwal,Rapeseed & Mustard,2022-23,Rabi,1.490568,15.08,maund/acre,2022-23(1).pdf,134,current
Sargodha,Sargodha,Rapeseed & Mustard,2022-23,Rabi,1.461903,14.79,maund/acre,2022-23(1).pdf,134,current
Sheikhupura,Sheikhupura,Rapeseed & Mustard,2022-23,Rabi,1.832568,18.54,maund/acre,2022-23(1).pdf,134,current
Sialkot,Sialkot,Rapeseed & Mustard,2022-23,Rabi,1.335382,13.51,maund/acre,2022-23(1).pdf,134,current
Talagang,Talagang,Rapeseed & Mustard,2022-23,Rabi,0.768018,7.77,maund/acre,2022-23(1).pdf,134,current
Toba Tek Singh,T.T. Singh,Rapeseed & Mustard,2022-23,Rabi,1.40655,14.23,maund/acre,2022-23(1).pdf,134,current
Vehari,Vehari,Rapeseed & Mustard,2022-23,Rabi,1.572608,15.91,maund/acre,2022-23(1).pdf,134,current
Bahawalnagar,Bahawalnagar,Rice,2022-23,Kharif,2.280331,23.07,maund/acre,2022-23(1).pdf,9,current
Bahawalpur,Bahawalpur,Rice,2022-23,Kharif,2.1291,21.54,maund/acre,2022-23(1).pdf,9,current
Bhakkar,Bhakkar,Rice,2022-23,Kharif,2.616401,26.47,maund/acre,2022-23(1).pdf,9,current
Chiniot,Chiniot,Rice,2022-23,Kharif,2.321846,23.49,maund/acre,2022-23(1).pdf,9,current
Dera Ghazi Khan,D.G. Khan,Rice,2022-23,Kharif,2.850661,28.84,maund/acre,2022-23(1).pdf,9,current
Faisalabad,Faisalabad,Rice,2022-23,Kharif,2.389059,24.17,maund/acre,2022-23(1).pdf,9,current
Gujranwala,Gujranwala,Rice,2022-23,Kharif,2.111308,21.36,maund/acre,2022-23(1).pdf,9,current
Gujrat,Gujrat,Rice,2022-23,Kharif,2.446389,24.75,maund/acre,2022-23(1).pdf,9,current
Hafizabad,Hafizabad,Rice,2022-23,Kharif,2.133054,21.58,maund/acre,2022-23(1).pdf,9,current
Jhang,Jhang,Rice,2022-23,Kharif,2.59169,26.22,maund/acre,2022-23(1).pdf,9,current
Jhelum,Jhelum,Rice,2022-23,Kharif,1.98973,20.13,maund/acre,2022-23(1).pdf,9,current
Kasur,Kasur,Rice,2022-23,Kharif,2.137007,21.62,maund/acre,2022-23(1).pdf,9,current
Khanewal,Khanewal,Rice,2022-23,Kharif,2.227944,22.54,maund/acre,2022-23(1).pdf,9,current
Khushab,Khushab,Rice,2022-23,Kharif,1.904724,19.27,maund/acre,2022-23(1).pdf,9,current
Kot Addu,Kot Addu,Rice,2022-23,Kharif,2.145903,21.71,maund/acre,2022-23(1).pdf,9,current
Lahore,Lahore,Rice,2022-23,Kharif,2.474065,25.03,maund/acre,2022-23(1).pdf,9,current
Layyah,Layyah,Rice,2022-23,Kharif,1.97688,20.0,maund/acre,2022-23(1).pdf,9,current
Lodhran,Lodhran,Rice,2022-23,Kharif,2.295158,23.22,maund/acre,2022-23(1).pdf,9,current
Mandi Bahauddin,M.B.Din,Rice,2022-23,Kharif,1.862221,18.84,maund/acre,2022-23(1).pdf,9,current
Mianwali,Mianwali,Rice,2022-23,Kharif,1.798961,18.2,maund/acre,2022-23(1).pdf,9,current
Multan,Multan,Rice,2022-23,Kharif,2.428597,24.57,maund/acre,2022-23(1).pdf,9,current
Muzaffargarh,Muzzafargargh,Rice,2022-23,Kharif,2.511626,25.41,maund/acre,2022-23(1).pdf,9,current
Nankana Sahib,Nankana Sahib,Rice,2022-23,Kharif,2.28132,23.08,maund/acre,2022-23(1).pdf,9,current
Narowal,Narowal,Rice,2022-23,Kharif,2.016418,20.4,maund/acre,2022-23(1).pdf,9,current
Okara,Okara,Rice,2022-23,Kharif,2.725129,27.57,maund/acre,2022-23(1).pdf,9,current
Pakpattan,Pakpattan,Rice,2022-23,Kharif,2.73699,27.69,maund/acre,2022-23(1).pdf,9,current
Rahim Yar Khan,Rahim Yar Khan,Rice,2022-23,Kharif,1.980834,20.04,maund/acre,2022-23(1).pdf,9,current
Rajanpur,Rajan Pur,Rice,2022-23,Kharif,1.940308,19.63,maund/acre,2022-23(1).pdf,9,current
Rawalpindi,RAWALPINDI DV:,Rice,2022-23,Kharif,1.98973,20.13,maund/acre,2022-23(1).pdf,9,current
Sahiwal,Sahiwal,Rice,2022-23,Kharif,2.767632,28.0,maund/acre,2022-23(1).pdf,9,current
Sargodha,Sargodha,Rice,2022-23,Kharif,1.904724,19.27,maund/acre,2022-23(1).pdf,9,current
Sheikhupura,Sheikhupura,Rice,2022-23,Kharif,2.339637,23.67,maund/acre,2022-23(1).pdf,9,current
Sialkot,Sialkot,Rice,2022-23,Kharif,2.26847,22.95,maund/acre,2022-23(1).pdf,9,current
Toba Tek Singh,T.T. Singh,Rice,2022-23,Kharif,2.24277,22.69,maund/acre,2022-23(1).pdf,9,current
Vehari,Vehari,Rice,2022-23,Kharif,2.462204,24.91,maund/acre,2022-23(1).pdf,9,current
Attock,Attock,Sesamum,2022-23,Kharif,0.928145,9.39,maund/acre,2022-23(1).pdf,41,current
Bahawalnagar,Bahawalnagar,Sesamum,2022-23,Kharif,0.630625,6.38,maund/acre,2022-23(1).pdf,41,current
Bahawalpur,Bahawalpur,Sesamum,2022-23,Kharif,0.465555,4.71,maund/acre,2022-23(1).pdf,41,current
Bhakkar,Bhakkar,Sesamum,2022-23,Kharif,0.587133,5.94,maund/acre,2022-23(1).pdf,41,current
Chakwal,Chakwal,Sesamum,2022-23,Kharif,0.689931,6.98,maund/acre,2022-23(1).pdf,41,current
Chiniot,Chiniot,Sesamum,2022-23,Kharif,0.777902,7.87,maund/acre,2022-23(1).pdf,41,current
Dera Ghazi Khan,D.G. Khan,Sesamum,2022-23,Kharif,0.666209,6.74,maund/acre,2022-23(1).pdf,41,current
Faisalabad,Faisalabad,Sesamum,2022-23,Kharif,0.664232,6.72,maund/acre,2022-23(1).pdf,41,current
Gujranwala,Gujranwala,Sesamum,2022-23,Kharif,0.407237,4.12,maund/acre,2022-23(1).pdf,41,current
Gujrat,Gujrat,Sesamum,2022-23,Kharif,0.420087,4.25,maund/acre,2022-23(1).pdf,41,current
Hafizabad,Hafizabad,Sesamum,2022-23,Kharif,0.52585,5.32,maund/acre,2022-23(1).pdf,41,current
Jhang,Jhang,Sesamum,2022-23,Kharif,0.502128,5.08,maund/acre,2022-23(1).pdf,41,current
Jhelum,Jhelum,Sesamum,2022-23,Kharif,0.558469,5.65,maund/acre,2022-23(1).pdf,41,current
Kasur,Kasur,Sesamum,2022-23,Kharif,0.845116,8.55,maund/acre,2022-23(1).pdf,41,current
Khanewal,Khanewal,Sesamum,2022-23,Kharif,0.586145,5.93,maund/acre,2022-23(1).pdf,41,current
Khushab,Khushab,Sesamum,2022-23,Kharif,0.592076,5.99,maund/acre,2022-23(1).pdf,41,current
Lahore,Lahore,Sesamum,2022-23,Kharif,0.478405,4.84,maund/acre,2022-23(1).pdf,41,current
Layyah,Layyah,Sesamum,2022-23,Kharif,0.329151,3.33,maund/acre,2022-23(1).pdf,41,current
Lodhran,Lodhran,Sesamum,2022-23,Kharif,0.711677,7.2,maund/acre,2022-23(1).pdf,41,current
Mandi Bahauddin,M.B. Din,Sesamum,2022-23,Kharif,0.326185,3.3,maund/acre,2022-23(1).pdf,41,current
Mianwali,Mianwali,Sesamum,2022-23,Kharif,0.781856,7.91,maund/acre,2022-23(1).pdf,41,current
Multan,Multan,Sesamum,2022-23,Kharif,0.355838,3.6,maund/acre,2022-23(1).pdf,41,current
Muzaffargarh,Muzaffargarh,Sesamum,2022-23,Kharif,0.558469,5.65,maund/acre,2022-23(1).pdf,41,current
Nankana Sahib,Nankana Sahib,Sesamum,2022-23,Kharif,0.519919,5.26,maund/acre,2022-23(1).pdf,41,current
Narowal,Narowal,Sesamum,2022-23,Kharif,0.332116,3.36,maund/acre,2022-23(1).pdf,41,current
Okara,Okara,Sesamum,2022-23,Kharif,0.843139,8.53,maund/acre,2022-23(1).pdf,41,current
Pakpattan,Pakpattan,Sesamum,2022-23,Kharif,0.795694,8.05,maund/acre,2022-23(1).pdf,41,current
Rahim Yar Khan,Rahim Yar Khan,Sesamum,2022-23,Kharif,0.488289,4.94,maund/acre,2022-23(1).pdf,41,current
Rajanpur,Rajan Pur,Sesamum,2022-23,Kharif,0.536723,5.43,maund/acre,2022-23(1).pdf,41,current
Rawalpindi,Rawalpindi,Sesamum,2022-23,Kharif,0.689931,6.98,maund/acre,2022-23(1).pdf,41,current
Sahiwal,Sahiwal,Sesamum,2022-23,Kharif,0.734411,7.43,maund/acre,2022-23(1).pdf,41,current
Sargodha,Sargodha,Sesamum,2022-23,Kharif,0.593064,6.0,maund/acre,2022-23(1).pdf,41,current
Sheikhupura,Sheikhupura,Sesamum,2022-23,Kharif,0.505093,5.11,maund/acre,2022-23(1).pdf,41,current
Toba Tek Singh,T.T. Singh,Sesamum,2022-23,Kharif,0.61481,6.22,maund/acre,2022-23(1).pdf,41,current
Vehari,Vehari,Sesamum,2022-23,Kharif,0.965706,9.77,maund/acre,2022-23(1).pdf,41,current
Chakwal,Chakwal,Shimla Mirch,2022-23,Kharif,14.8266,150.0,maund/acre,2022-23(1).pdf,81,current
Dera Ghazi Khan,D.G. Khan,Shimla Mirch,2022-23,Kharif,16.012728,162.0,maund/acre,2022-23(1).pdf,81,current
Faisalabad,Faisalabad,Shimla Mirch,2022-23,Kharif,25.402908,257.0,maund/acre,2022-23(1).pdf,81,current
Hafizabad,Hafizabad,Shimla Mirch,2022-23,Kharif,28.66476,290.0,maund/acre,2022-23(1).pdf,81,current
Islamabad,Islamabad,Shimla Mirch,2022-23,Kharif,18.978048,192.0,maund/acre,2022-23(1).pdf,81,current
Jhang,Jhang,Shimla Mirch,2022-23,Kharif,23.524872,238.0,maund/acre,2022-23(1).pdf,81,current
Jhelum,Jhelum,Shimla Mirch,2022-23,Kharif,17.100012,173.0,maund/acre,2022-23(1).pdf,81,current
Kasur,Kasur,Shimla Mirch,2022-23,Kharif,23.22834,235.0,maund/acre,2022-23(1).pdf,81,current
Khushab,Khushab,Shimla Mirch,2022-23,Kharif,8.599428,87.0,maund/acre,2022-23(1).pdf,81,current
Lahore,Lahore,Shimla Mirch,2022-23,Kharif,29.257824,296.0,maund/acre,2022-23(1).pdf,81,current
Mianwali,Mianwali,Shimla Mirch,2022-23,Kharif,20.26302,205.0,maund/acre,2022-23(1).pdf,81,current
Multan,Multan,Shimla Mirch,2022-23,Kharif,18.187296,184.0,maund/acre,2022-23(1).pdf,81,current
Narowal,Narowal,Shimla Mirch,2022-23,Kharif,28.543,28543.0,kg/ha,2022-23(1).pdf,82,current
Okara,Okara,Shimla Mirch,2022-23,Kharif,25.304064,256.0,maund/acre,2022-23(1).pdf,81,current
Rawalpindi,Rawalpindi,Shimla Mirch,2022-23,Kharif,22.73412,230.0,maund/acre,2022-23(1).pdf,81,current
Sheikhupura,Sheikhupura,Shimla Mirch,2022-23,Kharif,35.58384,360.0,maund/acre,2022-23(1).pdf,81,current
Toba Tek Singh,T.T. Singh,Shimla Mirch,2022-23,Kharif,33.310428,337.0,maund/acre,2022-23(1).pdf,81,current
Vehari,Vehari,Shimla Mirch,2022-23,Kharif,22.2399,225.0,maund/acre,2022-23(1).pdf,81,current
Bahawalnagar,Bahawalnagar,Sugarcane,2022-23,Kharif,71.563056,724.0,maund/acre,2022-23(1).pdf,19,current
Bahawalpur,Bahawalpur,Sugarcane,2022-23,Kharif,63.161316,639.0,maund/acre,2022-23(1).pdf,19,current
Bhakkar,Bhakkar,Sugarcane,2022-23,Kharif,64.841664,656.0,maund/acre,2022-23(1).pdf,19,current
Chiniot,Chiniot,Sugarcane,2022-23,Kharif,72.848028,737.0,maund/acre,2022-23(1).pdf,19,current
Dera Ghazi Khan,D.G. Khan,Sugarcane,2022-23,Kharif,73.342248,742.0,maund/acre,2022-23(1).pdf,19,current
Faisalabad,Faisalabad,Sugarcane,2022-23,Kharif,70.080396,709.0,maund/acre,2022-23(1).pdf,19,current
Gujranwala,Gujranwala,Sugarcane,2022-23,Kharif,55.35264,560.0,maund/acre,2022-23(1).pdf,19,current
Gujrat,Gujrat,Sugarcane,2022-23,Kharif,42.404076,429.0,maund/acre,2022-23(1).pdf,19,current
Hafizabad,Hafizabad,Sugarcane,2022-23,Kharif,81.447456,824.0,maund/acre,2022-23(1).pdf,19,current
Jhang,Jhang,Sugarcane,2022-23,Kharif,71.563056,724.0,maund/acre,2022-23(1).pdf,19,current
Kasur,Kasur,Sugarcane,2022-23,Kharif,56.637612,573.0,maund/acre,2022-23(1).pdf,19,current
Khanewal,Khanewal,Sugarcane,2022-23,Kharif,73.045716,739.0,maund/acre,2022-23(1).pdf,19,current
Khushab,Khushab,Sugarcane,2022-23,Kharif,54.561888,552.0,maund/acre,2022-23(1).pdf,19,current
Lahore,Lahore,Sugarcane,2022-23,Kharif,59.899464,606.0,maund/acre,2022-23(1).pdf,19,current
Layyah,Layyah,Sugarcane,2022-23,Kharif,62.963628,637.0,maund/acre,2022-23(1).pdf,19,current
Lodhran,Lodhran,Sugarcane,2022-23,Kharif,89.849196,909.0,maund/acre,2022-23(1).pdf,19,current
Mandi Bahauddin,M.B.Din,Sugarcane,2022-23,Kharif,52.683852,533.0,maund/acre,2022-23(1).pdf,19,current
Mianwali,Mianwali,Sugarcane,2022-23,Kharif,69.1908,700.0,maund/acre,2022-23(1).pdf,19,current
Multan,Multan,Sugarcane,2022-23,Kharif,64.2486,650.0,maund/acre,2022-23(1).pdf,19,current
Muzaffargarh,Muzzafargargh,Sugarcane,2022-23,Kharif,70.871148,717.0,maund/acre,2022-23(1).pdf,19,current
Nankana Sahib,Nankana Sahib,Sugarcane,2022-23,Kharif,64.050912,648.0,maund/acre,2022-23(1).pdf,19,current
Narowal,Narowal,Sugarcane,2022-23,Kharif,42.700608,432.0,maund/acre,2022-23(1).pdf,19,current
Okara,Okara,Sugarcane,2022-23,Kharif,101.512788,1027.0,maund/acre,2022-23(1).pdf,19,current
Pakpattan,Pakpattan,Sugarcane,2022-23,Kharif,60.393684,611.0,maund/acre,2022-23(1).pdf,19,current
Rahim Yar Khan,Rahim Yar Khan,Sugarcane,2022-23,Kharif,80.854392,818.0,maund/acre,2022-23(1).pdf,19,current
Rajanpur,Rajan Pur,Sugarcane,2022-23,Kharif,73.836468,747.0,maund/acre,2022-23(1).pdf,19,current
Sahiwal,Sahiwal,Sugarcane,2022-23,Kharif,63.556692,643.0,maund/acre,2022-23(1).pdf,19,current
Sargodha,Sargodha,Sugarcane,2022-23,Kharif,62.76594,635.0,maund/acre,2022-23(1).pdf,19,current
Sheikhupura,Sheikhupura,Sugarcane,2022-23,Kharif,57.32952,580.0,maund/acre,2022-23(1).pdf,19,current
Sialkot,Sialkot,Sugarcane,2022-23,Kharif,58.120272,588.0,maund/acre,2022-23(1).pdf,19,current
Toba Tek Singh,T.T. Singh,Sugarcane,2022-23,Kharif,69.1908,700.0,maund/acre,2022-23(1).pdf,19,current
Vehari,Vehari,Sugarcane,2022-23,Kharif,70.969992,718.0,maund/acre,2022-23(1).pdf,19,current
Attock,Attock,Tinda,2022-23,Kharif,9.39018,95.0,maund/acre,2022-23(1).pdf,63,current
Bahawalnagar,Bahawalnagar,Tinda,2022-23,Kharif,9.093648,92.0,maund/acre,2022-23(1).pdf,63,current
Bahawalpur,Bahawalpur,Tinda,2022-23,Kharif,10.180932,103.0,maund/acre,2022-23(1).pdf,63,current
Bhakkar,Bhakkar,Tinda,2022-23,Kharif,10.971684,111.0,maund/acre,2022-23(1).pdf,63,current
Chakwal,Chakwal,Tinda,2022-23,Kharif,6.721392,68.0,maund/acre,2022-23(1).pdf,63,current
Chiniot,Chiniot,Tinda,2022-23,Kharif,11.86128,120.0,maund/acre,2022-23(1).pdf,63,current
Faisalabad,Faisalabad,Tinda,2022-23,Kharif,14.530068,147.0,maund/acre,2022-23(1).pdf,63,current
Gujranwala,Gujranwala,Tinda,2022-23,Kharif,9.39018,95.0,maund/acre,2022-23(1).pdf,63,current
Gujrat,Gujrat,Tinda,2022-23,Kharif,9.39018,95.0,maund/acre,2022-23(1).pdf,63,current
Hafizabad,Hafizabad,Tinda,2022-23,Kharif,11.86128,120.0,maund/acre,2022-23(1).pdf,63,current
Jhang,Jhang,Tinda,2022-23,Kharif,9.686712,98.0,maund/acre,2022-23(1).pdf,63,current
Kasur,Kasur,Tinda,2022-23,Kharif,6.128328,62.0,maund/acre,2022-23(1).pdf,63,current
Khanewal,Khanewal,Tinda,2022-23,Kharif,4.44798,45.0,maund/acre,2022-23(1).pdf,63,current
Khushab,Khushab,Tinda,2022-23,Kharif,8.302896,84.0,maund/acre,2022-23(1).pdf,63,current
Lahore,Lahore,Tinda,2022-23,Kharif,11.663592,118.0,maund/acre,2022-23(1).pdf,63,current
Lodhran,Lodhran,Tinda,2022-23,Kharif,24.513312,248.0,maund/acre,2022-23(1).pdf,63,current
Mandi Bahauddin,M.B. Din,Tinda,2022-23,Kharif,15.32082,155.0,maund/acre,2022-23(1).pdf,63,current
Mianwali,Mianwali,Tinda,2022-23,Kharif,5.535264,56.0,maund/acre,2022-23(1).pdf,63,current
Multan,Multan,Tinda,2022-23,Kharif,10.082088,102.0,maund/acre,2022-23(1).pdf,63,current
Muzaffargarh,Muzaffargarh,Tinda,2022-23,Kharif,11.960124,121.0,maund/acre,2022-23(1).pdf,63,current
Nankana Sahib,Nankana Sahib,Tinda,2022-23,Kharif,10.576308,107.0,maund/acre,2022-23(1).pdf,63,current
Narowal,Narowal,Tinda,2022-23,Kharif,8.006364,81.0,maund/acre,2022-23(1).pdf,63,current
Okara,Okara,Tinda,2022-23,Kharif,14.33238,145.0,maund/acre,2022-23(1).pdf,63,current
Pakpattan,Pakpattan,Tinda,2022-23,Kharif,12.454344,126.0,maund/acre,2022-23(1).pdf,63,current
Rahim Yar Khan,Rahim Yar Khan,Tinda,2022-23,Kharif,16.012728,162.0,maund/acre,2022-23(1).pdf,63,current
Rajanpur,Rajan Pur,Tinda,2022-23,Kharif,6.128328,62.0,maund/acre,2022-23(1).pdf,63,current
Rawalpindi,RAWALPINDI DV:,Tinda,2022-23,Kharif,7.116768,72.0,maund/acre,2022-23(1).pdf,63,current
Sahiwal,Sahiwal,Tinda,2022-23,Kharif,10.37862,105.0,maund/acre,2022-23(1).pdf,63,current
Sargodha,Sargodha,Tinda,2022-23,Kharif,6.721392,68.0,maund/acre,2022-23(1).pdf,63,current
Sheikhupura,Sheikhupura,Tinda,2022-23,Kharif,29.15898,295.0,maund/acre,2022-23(1).pdf,63,current
Sialkot,Sialkot,Tinda,2022-23,Kharif,9.412,9412.0,kg/ha,2022-23(1).pdf,64,current
Toba Tek Singh,T.T. Singh,Tinda,2022-23,Kharif,5.535264,56.0,maund/acre,2022-23(1).pdf,63,current
Vehari,Vehari,Tinda,2022-23,Kharif,7.808676,79.0,maund/acre,2022-23(1).pdf,63,current
Attock,Attock,Tobacco,2022-23,Kharif,3.044395,30.8,maund/acre,2022-23(1).pdf,157,current
Chiniot,Chiniot,Tobacco,2022-23,Kharif,1.966996,19.9,maund/acre,2022-23(1).pdf,157,current
Dera Ghazi Khan,D.G. Khan,Tobacco,2022-23,Kharif,4.151448,42.0,maund/acre,2022-23(1).pdf,157,current
Faisalabad,Faisalabad,Tobacco,2022-23,Kharif,2.283296,23.1,maund/acre,2022-23(1).pdf,157,current
Gujranwala,Gujranwala,Tobacco,2022-23,Kharif,1.462891,14.8,maund/acre,2022-23(1).pdf,157,current
Gujrat,Gujrat,Tobacco,2022-23,Kharif,1.808845,18.3,maund/acre,2022-23(1).pdf,157,current
Hafizabad,Hafizabad,Tobacco,2022-23,Kharif,2.352487,23.8,maund/acre,2022-23(1).pdf,157,current
Jhang,Jhang,Tobacco,2022-23,Kharif,2.480984,25.1,maund/acre,2022-23(1).pdf,157,current
Jhelum,Jhelum,Tobacco,2022-23,Kharif,1.284972,13.0,maund/acre,2022-23(1).pdf,157,current
Kasur,Kasur,Tobacco,2022-23,Kharif,0.998324,10.1,maund/acre,2022-23(1).pdf,157,current
Khanewal,Khanewal,Tobacco,2022-23,Kharif,2.4711,25.0,maund/acre,2022-23(1).pdf,157,current
Khushab,Khushab,Tobacco,2022-23,Kharif,2.075724,21.0,maund/acre,2022-23(1).pdf,157,current
Lahore,Lahore,Tobacco,2022-23,Kharif,3.261852,33.0,maund/acre,2022-23(1).pdf,157,current
Lodhran,Lodhran,Tobacco,2022-23,Kharif,2.985089,30.2,maund/acre,2022-23(1).pdf,157,current
Mandi Bahauddin,M.B.Din,Tobacco,2022-23,Kharif,1.462891,14.8,maund/acre,2022-23(1).pdf,157,current
Mianwali,Mianwali,Tobacco,2022-23,Kharif,3.95376,40.0,maund/acre,2022-23(1).pdf,157,current
Muzaffargarh,Muzaffargarh,Tobacco,2022-23,Kharif,3.143239,31.8,maund/acre,2022-23(1).pdf,157,current
Nankana Sahib,Nankana Sahib,Tobacco,2022-23,Kharif,1.541966,15.6,maund/acre,2022-23(1).pdf,157,current
Narowal,Narowal,Tobacco,2022-23,Kharif,2.955436,29.9,maund/acre,2022-23(1).pdf,157,current
Okara,Okara,Tobacco,2022-23,Kharif,1.838498,18.6,maund/acre,2022-23(1).pdf,157,current
Pakpattan,Pakpattan,Tobacco,2022-23,Kharif,2.253643,22.8,maund/acre,2022-23(1).pdf,157,current
Rahim Yar Khan,Rahim Yar Khan,Tobacco,2022-23,Kharif,1.462891,14.8,maund/acre,2022-23(1).pdf,157,current
Rajanpur,Rajan Pur,Tobacco,2022-23,Kharif,4.20087,42.5,maund/acre,2022-23(1).pdf,157,current
Rawalpindi,RAWALPINDI DV:,Tobacco,2022-23,Kharif,3.044395,30.8,maund/acre,2022-23(1).pdf,157,current
Sahiwal,Sahiwal,Tobacco,2022-23,Kharif,3.835147,38.8,maund/acre,2022-23(1).pdf,157,current
Sargodha,Sargodha,Tobacco,2022-23,Kharif,2.550175,25.8,maund/acre,2022-23(1).pdf,157,current
Sheikhupura,Sheikhupura,Tobacco,2022-23,Kharif,2.016418,20.4,maund/acre,2022-23(1).pdf,157,current
Sialkot,Sialkot,Tobacco,2022-23,Kharif,1.719886,17.4,maund/acre,2022-23(1).pdf,157,current
Toba Tek Singh,T.T. Singh,Tobacco,2022-23,Kharif,2.233874,22.6,maund/acre,2022-23(1).pdf,157,current
Vehari,Vehari,Tobacco,2022-23,Kharif,3.647344,36.9,maund/acre,2022-23(1).pdf,157,current
Kasur,Kasur,Turmeric,2022-23,Kharif,25.897128,262.0,maund/acre,2022-23(1).pdf,87,current
Okara,Okara,Turmeric,2022-23,Kharif,22.931808,232.0,maund/acre,2022-23(1).pdf,87,current
Attock,Attock,Wheat,2022-23,Rabi,1.828614,18.5,maund/acre,2022-23(1).pdf,116,current
Bahawalnagar,Bahawalnagar,Wheat,2022-23,Rabi,3.696766,37.4,maund/acre,2022-23(1).pdf,116,current
Bahawalpur,Bahawalpur,Wheat,2022-23,Rabi,3.736303,37.8,maund/acre,2022-23(1).pdf,116,current
Bhakkar,Bhakkar,Wheat,2022-23,Rabi,2.896129,29.3,maund/acre,2022-23(1).pdf,116,current
Chakwal,Chakwal,Wheat,2022-23,Rabi,1.769308,17.9,maund/acre,2022-23(1).pdf,116,current
Chiniot,Chiniot,Wheat,2022-23,Rabi,3.746188,37.9,maund/acre,2022-23(1).pdf,116,current
Dera Ghazi Khan,D.G. Khan,Wheat,2022-23,Rabi,3.350812,33.9,maund/acre,2022-23(1).pdf,116,current
Faisalabad,Faisalabad,Wheat,2022-23,Rabi,3.657228,37.0,maund/acre,2022-23(1).pdf,116,current
Gujranwala,Gujranwala,Wheat,2022-23,Rabi,3.360696,34.0,maund/acre,2022-23(1).pdf,116,current
Gujrat,Gujrat,Wheat,2022-23,Rabi,2.283296,23.1,maund/acre,2022-23(1).pdf,116,current
Hafizabad,Hafizabad,Wheat,2022-23,Rabi,3.943876,39.9,maund/acre,2022-23(1).pdf,116,current
Islamabad,Islamabad,Wheat,2022-23,Rabi,1.937342,19.6,maund/acre,2022-23(1).pdf,116,current
Jhang,Jhang,Wheat,2022-23,Rabi,3.5485,35.9,maund/acre,2022-23(1).pdf,116,current
Jhelum,Jhelum,Wheat,2022-23,Rabi,2.273412,23.0,maund/acre,2022-23(1).pdf,116,current
Kasur,Kasur,Wheat,2022-23,Rabi,3.410118,34.5,maund/acre,2022-23(1).pdf,116,current
Khanewal,Khanewal,Wheat,2022-23,Rabi,3.746188,37.9,maund/acre,2022-23(1).pdf,116,current
Khushab,Khushab,Wheat,2022-23,Rabi,2.362372,23.9,maund/acre,2022-23(1).pdf,116,current
Kot Addu,Kot Addu,Wheat,2022-23,Rabi,2.896129,29.3,maund/acre,2022-23(1).pdf,116,current
Lahore,Lahore,Wheat,2022-23,Rabi,3.489193,35.3,maund/acre,2022-23(1).pdf,116,current
Layyah,Layyah,Wheat,2022-23,Rabi,3.083933,31.2,maund/acre,2022-23(1).pdf,116,current
Lodhran,Lodhran,Wheat,2022-23,Rabi,3.825263,38.7,maund/acre,2022-23(1).pdf,116,current
Mandi Bahauddin,M.B.Din,Wheat,2022-23,Rabi,3.242083,32.8,maund/acre,2022-23(1).pdf,116,current
Mianwali,Mianwali,Wheat,2022-23,Rabi,3.093817,31.3,maund/acre,2022-23(1).pdf,116,current
Multan,Multan,Wheat,2022-23,Rabi,3.70665,37.5,maund/acre,2022-23(1).pdf,116,current
Murree,Muree,Wheat,2022-23,Rabi,1.492544,15.1,maund/acre,2022-23(1).pdf,116,current
Muzaffargarh,Muzzafargargh,Wheat,2022-23,Rabi,3.261852,33.0,maund/acre,2022-23(1).pdf,116,current
Nankana Sahib,Nankana Sahib,Wheat,2022-23,Rabi,3.5485,35.9,maund/acre,2022-23(1).pdf,116,current
Narowal,Narowal,Wheat,2022-23,Rabi,2.886245,29.2,maund/acre,2022-23(1).pdf,116,current
Okara,Okara,Wheat,2022-23,Rabi,3.924107,39.7,maund/acre,2022-23(1).pdf,116,current
Pakpattan,Pakpattan,Wheat,2022-23,Rabi,3.805494,38.5,maund/acre,2022-23(1).pdf,116,current
Rahim Yar Khan,Rahim Yar Khan,Wheat,2022-23,Rabi,3.775841,38.2,maund/acre,2022-23(1).pdf,116,current
Rajanpur,Rajan Pur,Wheat,2022-23,Rabi,3.499078,35.4,maund/acre,2022-23(1).pdf,116,current
Rawalpindi,Rawalpindi,Wheat,2022-23,Rabi,2.095493,21.2,maund/acre,2022-23(1).pdf,116,current
Sahiwal,Sahiwal,Wheat,2022-23,Rabi,3.667112,37.1,maund/acre,2022-23(1).pdf,116,current
Sargodha,Sargodha,Wheat,2022-23,Rabi,3.143239,31.8,maund/acre,2022-23(1).pdf,116,current
Sheikhupura,Sheikhupura,Wheat,2022-23,Rabi,3.311274,33.5,maund/acre,2022-23(1).pdf,116,current
Sialkot,Sialkot,Wheat,2022-23,Rabi,2.975204,30.1,maund/acre,2022-23(1).pdf,116,current
Talagang,Talagang,Wheat,2022-23,Rabi,1.759423,17.8,maund/acre,2022-23(1).pdf,116,current
Toba Tek Singh,T.T. Singh,Wheat,2022-23,Rabi,3.607806,36.5,maund/acre,2022-23(1).pdf,116,current
Vehari,Vehari,Wheat,2022-23,Rabi,3.716534,37.6,maund/acre,2022-23(1).pdf,116,current
Wazirabad,Wazirabad,Wheat,2022-23,Rabi,3.192661,32.3,maund/acre,2022-23(1).pdf,116,current
Attock,Attock,Arum,2023-24,Kharif,17.604116,178.1,maund/acre,2024-25(1).pdf,72,previous_year
Bhakkar,Bhakkar,Arum,2023-24,Kharif,34.269215,346.7,maund/acre,2024-25(1).pdf,72,previous_year
Chiniot,Chiniot,Arum,2023-24,Kharif,26.915221,272.3,maund/acre,2024-25(1).pdf,72,previous_year
Jhang,Jhang,Arum,2023-24,Kharif,30.384646,307.4,maund/acre,2024-25(1).pdf,72,previous_year
Kasur,Kasur,Arum,2023-24,Kharif,27.221638,275.4,maund/acre,2024-25(1).pdf,72,previous_year
Khanewal,Khanewal,Arum,2023-24,Kharif,35.208233,356.2,maund/acre,2024-25(1).pdf,72,previous_year
Multan,Multan,Arum,2023-24,Kharif,22.022443,222.8,maund/acre,2024-25(1).pdf,72,previous_year
Muzaffargarh,Muzaffargarh,Arum,2023-24,Kharif,21.300882,215.5,maund/acre,2024-25(1).pdf,72,previous_year
Okara,Okara,Arum,2023-24,Kharif,27.92343,282.5,maund/acre,2024-25(1).pdf,72,previous_year
Pakpattan,Pakpattan,Arum,2023-24,Kharif,29.376437,297.2,maund/acre,2024-25(1).pdf,72,previous_year
Rawalpindi,RAWALPINDI DV:,Arum,2023-24,Kharif,17.604116,178.1,maund/acre,2024-25(1).pdf,72,previous_year
Vehari,Vehari,Arum,2023-24,Kharif,13.848044,140.1,maund/acre,2024-25(1).pdf,72,previous_year
Bahawalnagar,Bahawalnagar,Bajra,2023-24,Kharif,2.213117,22.39,maund/acre,2024-25(1).pdf,57,previous_year
Bhakkar,Bhakkar,Bajra,2023-24,Kharif,1.896816,19.19,maund/acre,2024-25(1).pdf,57,previous_year
Gujrat,Gujrat,Bajra,2023-24,Kharif,1.104087,11.17,maund/acre,2024-25(1).pdf,57,previous_year
Islamabad,Islamabad,Bajra,2023-24,Kharif,0.840174,8.5,maund/acre,2024-25(1).pdf,57,previous_year
Jhelum,Jhelum,Bajra,2023-24,Kharif,1.453007,14.7,maund/acre,2024-25(1).pdf,57,previous_year
Kasur,Kasur,Bajra,2023-24,Kharif,1.703082,17.23,maund/acre,2024-25(1).pdf,57,previous_year
Khushab,Khushab,Bajra,2023-24,Kharif,0.939018,9.5,maund/acre,2024-25(1).pdf,57,previous_year
Kot Addu,Kot Addu,Bajra,2023-24,Kharif,1.823672,18.45,maund/acre,2024-25(1).pdf,57,previous_year
Layyah,Layyah,Bajra,2023-24,Kharif,0.981521,9.93,maund/acre,2024-25(1).pdf,57,previous_year
Mianwali,Mianwali,Bajra,2023-24,Kharif,2.110319,21.35,maund/acre,2024-25(1).pdf,57,previous_year
Narowal,Narowal,Bajra,2023-24,Kharif,2.240793,22.67,maund/acre,2024-25(1).pdf,57,previous_year
Rajanpur,Rajan Pur,Bajra,2023-24,Kharif,1.044781,10.57,maund/acre,2024-25(1).pdf,57,previous_year
Rawalpindi,Rawalpindi,Bajra,2023-24,Kharif,0.903434,9.14,maund/acre,2024-25(1).pdf,57,previous_year
Toba Tek Singh,T.T. Singh,Bajra,2023-24,Kharif,1.606215,16.25,maund/acre,2024-25(1).pdf,57,previous_year
Vehari,Vehari,Bajra,2023-24,Kharif,2.572909,26.03,maund/acre,2024-25(1).pdf,57,previous_year
Attock,Attock,Barley,2023-24,Rabi,0.622717,6.3,maund/acre,2024-25(1).pdf,156,previous_year
Bahawalnagar,Bahawalnagar,Barley,2023-24,Rabi,1.284972,13.0,maund/acre,2024-25(1).pdf,156,previous_year
Bhakkar,Bhakkar,Barley,2023-24,Rabi,1.471787,14.89,maund/acre,2024-25(1).pdf,156,previous_year
Chakwal,Chakwal,Barley,2023-24,Rabi,1.55877,15.77,maund/acre,2024-25(1).pdf,156,previous_year
Kasur,Kasur,Barley,2023-24,Rabi,2.96532,30.0,maund/acre,2024-25(1).pdf,156,previous_year
Khushab,Khushab,Barley,2023-24,Rabi,0.740342,7.49,maund/acre,2024-25(1).pdf,156,previous_year
Layyah,Layyah,Barley,2023-24,Rabi,1.204908,12.19,maund/acre,2024-25(1).pdf,156,previous_year
Mandi Bahauddin,M.B.Din,Barley,2023-24,Rabi,2.904037,29.38,maund/acre,2024-25(1).pdf,156,previous_year
Narowal,Narowal,Barley,2023-24,Rabi,1.076411,10.89,maund/acre,2024-25(1).pdf,156,previous_year
Rawalpindi,RAWALPINDI DV:,Barley,2023-24,Rabi,1.113972,11.27,maund/acre,2024-25(1).pdf,156,previous_year
Talagang,Talagang,Barley,2023-24,Rabi,1.334394,13.5,maund/acre,2024-25(1).pdf,156,previous_year
Attock,Attock,Bitter Gourd,2023-24,Kharif,13.472437,136.3,maund/acre,2024-25(1).pdf,62,previous_year
Bahawalnagar,Bahawalnagar,Bitter Gourd,2023-24,Kharif,8.89596,90.0,maund/acre,2024-25(1).pdf,62,previous_year
Bahawalpur,Bahawalpur,Bitter Gourd,2023-24,Kharif,18.730938,189.5,maund/acre,2024-25(1).pdf,62,previous_year
Bhakkar,Bhakkar,Bitter Gourd,2023-24,Kharif,11.347291,114.8,maund/acre,2024-25(1).pdf,62,previous_year
Chiniot,Chiniot,Bitter Gourd,2023-24,Kharif,17.594232,178.0,maund/acre,2024-25(1).pdf,62,previous_year
Faisalabad,Faisalabad,Bitter Gourd,2023-24,Kharif,17.979724,181.9,maund/acre,2024-25(1).pdf,62,previous_year
Gujranwala,Gujranwala,Bitter Gourd,2023-24,Kharif,28.565916,289.0,maund/acre,2024-25(1).pdf,62,previous_year
Gujrat,Gujrat,Bitter Gourd,2023-24,Kharif,12.306078,124.5,maund/acre,2024-25(1).pdf,62,previous_year
Jhang,Jhang,Bitter Gourd,2023-24,Kharif,20.75724,210.0,maund/acre,2024-25(1).pdf,62,previous_year
Jhelum,Jhelum,Bitter Gourd,2023-24,Kharif,5.169541,52.3,maund/acre,2024-25(1).pdf,62,previous_year
Kasur,Kasur,Bitter Gourd,2023-24,Kharif,18.483828,187.0,maund/acre,2024-25(1).pdf,62,previous_year
Khanewal,Khanewal,Bitter Gourd,2023-24,Kharif,23.22834,235.0,maund/acre,2024-25(1).pdf,62,previous_year
Kot Addu,Kot Addu,Bitter Gourd,2023-24,Kharif,7.512144,76.0,maund/acre,2024-25(1).pdf,62,previous_year
Lahore,Lahore,Bitter Gourd,2023-24,Kharif,6.385322,64.6,maund/acre,2024-25(1).pdf,62,previous_year
Lodhran,Lodhran,Bitter Gourd,2023-24,Kharif,22.704467,229.7,maund/acre,2024-25(1).pdf,62,previous_year
Mandi Bahauddin,M.B.Din,Bitter Gourd,2023-24,Kharif,15.32082,155.0,maund/acre,2024-25(1).pdf,62,previous_year
Mianwali,Mianwali,Bitter Gourd,2023-24,Kharif,6.227172,63.0,maund/acre,2024-25(1).pdf,62,previous_year
Multan,Multan,Bitter Gourd,2023-24,Kharif,11.624054,117.6,maund/acre,2024-25(1).pdf,62,previous_year
Muzaffargarh,Muzaffargarh,Bitter Gourd,2023-24,Kharif,11.811858,119.5,maund/acre,2024-25(1).pdf,62,previous_year
Nankana Sahib,Nankana Sahib,Bitter Gourd,2023-24,Kharif,15.577814,157.6,maund/acre,2024-25(1).pdf,62,previous_year
Narowal,Narowal,Bitter Gourd,2023-24,Kharif,17.564579,177.7,maund/acre,2024-25(1).pdf,62,previous_year
Okara,Okara,Bitter Gourd,2023-24,Kharif,14.57949,147.5,maund/acre,2024-25(1).pdf,62,previous_year
Pakpattan,Pakpattan,Bitter Gourd,2023-24,Kharif,23.534756,238.1,maund/acre,2024-25(1).pdf,62,previous_year
Rahim Yar Khan,Rahim Yar Khan,Bitter Gourd,2023-24,Kharif,14.480646,146.5,maund/acre,2024-25(1).pdf,62,previous_year
Rajanpur,Rajan Pur,Bitter Gourd,2023-24,Kharif,9.489024,96.0,maund/acre,2024-25(1).pdf,62,previous_year
Rawalpindi,Rawalpindi,Bitter Gourd,2023-24,Kharif,13.739316,139.0,maund/acre,2024-25(1).pdf,62,previous_year
Sahiwal,Sahiwal,Bitter Gourd,2023-24,Kharif,36.81939,372.5,maund/acre,2024-25(1).pdf,62,previous_year
Sargodha,Sargodha,Bitter Gourd,2023-24,Kharif,17.673307,178.8,maund/acre,2024-25(1).pdf,62,previous_year
Sheikhupura,Sheikhupura,Bitter Gourd,2023-24,Kharif,23.267878,235.4,maund/acre,2024-25(1).pdf,62,previous_year
Sialkot,Sialkot,Bitter Gourd,2023-24,Kharif,14.8266,150.0,maund/acre,2024-25(1).pdf,62,previous_year
Toba Tek Singh,T.T. Singh,Bitter Gourd,2023-24,Kharif,45.942691,464.8,maund/acre,2024-25(1).pdf,62,previous_year
Vehari,Vehari,Bitter Gourd,2023-24,Kharif,38.183437,386.3,maund/acre,2024-25(1).pdf,62,previous_year
Wazirabad,Wazirabad,Bitter Gourd,2023-24,Kharif,6.67197,67.5,maund/acre,2024-25(1).pdf,62,previous_year
Attock,Attock,Bottle Gourd,2023-24,Kharif,10.773996,109.0,maund/acre,2024-25(1).pdf,66,previous_year
Bahawalnagar,Bahawalnagar,Bottle Gourd,2023-24,Kharif,14.638796,148.1,maund/acre,2024-25(1).pdf,66,previous_year
Bahawalpur,Bahawalpur,Bottle Gourd,2023-24,Kharif,25.758746,260.6,maund/acre,2024-25(1).pdf,66,previous_year
Bhakkar,Bhakkar,Bottle Gourd,2023-24,Kharif,18.03903,182.5,maund/acre,2024-25(1).pdf,66,previous_year
Chakwal,Chakwal,Bottle Gourd,2023-24,Kharif,11.86128,120.0,maund/acre,2024-25(1).pdf,66,previous_year
Chiniot,Chiniot,Bottle Gourd,2023-24,Kharif,13.68001,138.4,maund/acre,2024-25(1).pdf,66,previous_year
Dera Ghazi Khan,D.G. Khan,Bottle Gourd,2023-24,Kharif,12.167696,123.1,maund/acre,2024-25(1).pdf,66,previous_year
Faisalabad,Faisalabad,Bottle Gourd,2023-24,Kharif,16.823249,170.2,maund/acre,2024-25(1).pdf,66,previous_year
Gujranwala,Gujranwala,Bottle Gourd,2023-24,Kharif,22.061981,223.2,maund/acre,2024-25(1).pdf,66,previous_year
Gujrat,Gujrat,Bottle Gourd,2023-24,Kharif,13.99631,141.6,maund/acre,2024-25(1).pdf,66,previous_year
Hafizabad,Hafizabad,Bottle Gourd,2023-24,Kharif,32.519676,329.0,maund/acre,2024-25(1).pdf,66,previous_year
Jhang,Jhang,Bottle Gourd,2023-24,Kharif,24.809844,251.0,maund/acre,2024-25(1).pdf,66,previous_year
Jhelum,Jhelum,Bottle Gourd,2023-24,Kharif,14.757409,149.3,maund/acre,2024-25(1).pdf,66,previous_year
Kasur,Kasur,Bottle Gourd,2023-24,Kharif,26.885568,272.0,maund/acre,2024-25(1).pdf,66,previous_year
Khanewal,Khanewal,Bottle Gourd,2023-24,Kharif,13.086946,132.4,maund/acre,2024-25(1).pdf,66,previous_year
Khushab,Khushab,Bottle Gourd,2023-24,Kharif,9.696596,98.1,maund/acre,2024-25(1).pdf,66,previous_year
Kot Addu,Kot Addu,Bottle Gourd,2023-24,Kharif,28.993911,293.33,maund/acre,2024-25(1).pdf,66,previous_year
Lahore,Lahore,Bottle Gourd,2023-24,Kharif,20.688049,209.3,maund/acre,2024-25(1).pdf,66,previous_year
Lodhran,Lodhran,Bottle Gourd,2023-24,Kharif,37.847368,382.9,maund/acre,2024-25(1).pdf,66,previous_year
Mandi Bahauddin,M.B.Din,Bottle Gourd,2023-24,Kharif,21.034003,212.8,maund/acre,2024-25(1).pdf,66,previous_year
Mianwali,Mianwali,Bottle Gourd,2023-24,Kharif,7.81856,79.1,maund/acre,2024-25(1).pdf,66,previous_year
Multan,Multan,Bottle Gourd,2023-24,Kharif,12.889258,130.4,maund/acre,2024-25(1).pdf,66,previous_year
Muzaffargarh,Muzaffargarh,Bottle Gourd,2023-24,Kharif,26.549498,268.6,maund/acre,2024-25(1).pdf,66,previous_year
Nankana Sahib,Nankana Sahib,Bottle Gourd,2023-24,Kharif,20.440939,206.8,maund/acre,2024-25(1).pdf,66,previous_year
Narowal,Narowal,Bottle Gourd,2023-24,Kharif,8.747694,88.5,maund/acre,2024-25(1).pdf,66,previous_year
Okara,Okara,Bottle Gourd,2023-24,Kharif,16.833133,170.3,maund/acre,2024-25(1).pdf,66,previous_year
Pakpattan,Pakpattan,Bottle Gourd,2023-24,Kharif,37.076384,375.1,maund/acre,2024-25(1).pdf,66,previous_year
Rahim Yar Khan,Rahim Yar Khan,Bottle Gourd,2023-24,Kharif,21.597414,218.5,maund/acre,2024-25(1).pdf,66,previous_year
Rajanpur,Rajan Pur,Bottle Gourd,2023-24,Kharif,12.098506,122.4,maund/acre,2024-25(1).pdf,66,previous_year
Rawalpindi,Rawalpindi,Bottle Gourd,2023-24,Kharif,11.465904,116.0,maund/acre,2024-25(1).pdf,66,previous_year
Sahiwal,Sahiwal,Bottle Gourd,2023-24,Kharif,11.179256,113.1,maund/acre,2024-25(1).pdf,66,previous_year
Sargodha,Sargodha,Bottle Gourd,2023-24,Kharif,17.149434,173.5,maund/acre,2024-25(1).pdf,66,previous_year
Sheikhupura,Sheikhupura,Bottle Gourd,2023-24,Kharif,16.724405,169.2,maund/acre,2024-25(1).pdf,66,previous_year
Sialkot,Sialkot,Bottle Gourd,2023-24,Kharif,14.322496,144.9,maund/acre,2024-25(1).pdf,66,previous_year
Toba Tek Singh,T.T. Singh,Bottle Gourd,2023-24,Kharif,22.832964,231.0,maund/acre,2024-25(1).pdf,66,previous_year
Vehari,Vehari,Bottle Gourd,2023-24,Kharif,33.033665,334.2,maund/acre,2024-25(1).pdf,66,previous_year
Wazirabad,Wazirabad,Bottle Gourd,2023-24,Kharif,19.749031,199.8,maund/acre,2024-25(1).pdf,66,previous_year
Attock,Attock,Brinjal,2023-24,Kharif,43.590204,441.0,maund/acre,2024-25(1).pdf,68,previous_year
Bahawalnagar,Bahawalnagar,Brinjal,2023-24,Kharif,10.279776,104.0,maund/acre,2024-25(1).pdf,68,previous_year
Bahawalpur,Bahawalpur,Brinjal,2023-24,Kharif,16.991284,171.9,maund/acre,2024-25(1).pdf,68,previous_year
Bhakkar,Bhakkar,Brinjal,2023-24,Kharif,11.465904,116.0,maund/acre,2024-25(1).pdf,68,previous_year
Chakwal,Chakwal,Brinjal,2023-24,Kharif,11.811858,119.5,maund/acre,2024-25(1).pdf,68,previous_year
Chiniot,Chiniot,Brinjal,2023-24,Kharif,15.647005,158.3,maund/acre,2024-25(1).pdf,68,previous_year
Faisalabad,Faisalabad,Brinjal,2023-24,Kharif,16.605792,168.0,maund/acre,2024-25(1).pdf,68,previous_year
Gujranwala,Gujranwala,Brinjal,2023-24,Kharif,10.398389,105.2,maund/acre,2024-25(1).pdf,68,previous_year
Gujrat,Gujrat,Brinjal,2023-24,Kharif,14.233536,144.0,maund/acre,2024-25(1).pdf,68,previous_year
Hafizabad,Hafizabad,Brinjal,2023-24,Kharif,31.956265,323.3,maund/acre,2024-25(1).pdf,68,previous_year
Jhang,Jhang,Brinjal,2023-24,Kharif,42.206388,427.0,maund/acre,2024-25(1).pdf,68,previous_year
Jhelum,Jhelum,Brinjal,2023-24,Kharif,31.976034,323.5,maund/acre,2024-25(1).pdf,68,previous_year
Kasur,Kasur,Brinjal,2023-24,Kharif,24.879035,251.7,maund/acre,2024-25(1).pdf,68,previous_year
Khanewal,Khanewal,Brinjal,2023-24,Kharif,20.559552,208.0,maund/acre,2024-25(1).pdf,68,previous_year
Khushab,Khushab,Brinjal,2023-24,Kharif,13.937004,141.0,maund/acre,2024-25(1).pdf,68,previous_year
Lahore,Lahore,Brinjal,2023-24,Kharif,15.034172,152.1,maund/acre,2024-25(1).pdf,68,previous_year
Lodhran,Lodhran,Brinjal,2023-24,Kharif,33.102856,334.9,maund/acre,2024-25(1).pdf,68,previous_year
Mandi Bahauddin,M.B.Din,Brinjal,2023-24,Kharif,15.142901,153.2,maund/acre,2024-25(1).pdf,68,previous_year
Mianwali,Mianwali,Brinjal,2023-24,Kharif,32.61852,330.0,maund/acre,2024-25(1).pdf,68,previous_year
Multan,Multan,Brinjal,2023-24,Kharif,15.004519,151.8,maund/acre,2024-25(1).pdf,68,previous_year
Muzaffargarh,Muzaffargarh,Brinjal,2023-24,Kharif,19.27458,195.0,maund/acre,2024-25(1).pdf,68,previous_year
Nankana Sahib,Nankana Sahib,Brinjal,2023-24,Kharif,32.638289,330.2,maund/acre,2024-25(1).pdf,68,previous_year
Narowal,Narowal,Brinjal,2023-24,Kharif,11.70313,118.4,maund/acre,2024-25(1).pdf,68,previous_year
Okara,Okara,Brinjal,2023-24,Kharif,14.57949,147.5,maund/acre,2024-25(1).pdf,68,previous_year
Pakpattan,Pakpattan,Brinjal,2023-24,Kharif,23.346953,236.2,maund/acre,2024-25(1).pdf,68,previous_year
Rahim Yar Khan,Rahim Yar Khan,Brinjal,2023-24,Kharif,21.053772,213.0,maund/acre,2024-25(1).pdf,68,previous_year
Rajanpur,Rajan Pur,Brinjal,2023-24,Kharif,18.572788,187.9,maund/acre,2024-25(1).pdf,68,previous_year
Rawalpindi,RAWALPINDI DV:,Brinjal,2023-24,Kharif,36.028638,364.5,maund/acre,2024-25(1).pdf,68,previous_year
Sahiwal,Sahiwal,Brinjal,2023-24,Kharif,13.541628,137.0,maund/acre,2024-25(1).pdf,68,previous_year
Sargodha,Sargodha,Brinjal,2023-24,Kharif,30.028807,303.8,maund/acre,2024-25(1).pdf,68,previous_year
Sheikhupura,Sheikhupura,Brinjal,2023-24,Kharif,31.13586,315.0,maund/acre,2024-25(1).pdf,68,previous_year
Sialkot,Sialkot,Brinjal,2023-24,Kharif,32.61852,330.0,maund/acre,2024-25(1).pdf,68,previous_year
Toba Tek Singh,T.T. Singh,Brinjal,2023-24,Kharif,41.682515,421.7,maund/acre,2024-25(1).pdf,68,previous_year
Vehari,Vehari,Brinjal,2023-24,Kharif,35.860603,362.8,maund/acre,2024-25(1).pdf,68,previous_year
Wazirabad,Wazirabad,Brinjal,2023-24,Kharif,14.8266,150.0,maund/acre,2024-25(1).pdf,68,previous_year
Attock,Attock,Canola,2023-24,Rabi,0.800636,8.1,maund/acre,2024-25(1).pdf,136,previous_year
Bahawalnagar,Bahawalnagar,Canola,2023-24,Rabi,1.351197,13.67,maund/acre,2024-25(1).pdf,136,previous_year
Bahawalpur,Bahawalpur,Canola,2023-24,Rabi,1.691221,17.11,maund/acre,2024-25(1).pdf,136,previous_year
Bhakkar,Bhakkar,Canola,2023-24,Rabi,1.510336,15.28,maund/acre,2024-25(1).pdf,136,previous_year
Chiniot,Chiniot,Canola,2023-24,Rabi,1.560747,15.79,maund/acre,2024-25(1).pdf,136,previous_year
Dera Ghazi Khan,D.G. Khan,Canola,2023-24,Rabi,1.297822,13.13,maund/acre,2024-25(1).pdf,136,previous_year
Faisalabad,Faisalabad,Canola,2023-24,Rabi,1.518244,15.36,maund/acre,2024-25(1).pdf,136,previous_year
Gujrat,Gujrat,Canola,2023-24,Rabi,1.031931,10.44,maund/acre,2024-25(1).pdf,136,previous_year
Jhang,Jhang,Canola,2023-24,Rabi,1.708024,17.28,maund/acre,2024-25(1).pdf,136,previous_year
Kasur,Kasur,Canola,2023-24,Rabi,1.221712,12.36,maund/acre,2024-25(1).pdf,136,previous_year
Khanewal,Khanewal,Canola,2023-24,Rabi,1.607203,16.26,maund/acre,2024-25(1).pdf,136,previous_year
Khushab,Khushab,Canola,2023-24,Rabi,1.270145,12.85,maund/acre,2024-25(1).pdf,136,previous_year
Kot Addu,Kot Addu,Canola,2023-24,Rabi,1.2484,12.63,maund/acre,2024-25(1).pdf,136,previous_year
Layyah,Layyah,Canola,2023-24,Rabi,2.003568,20.27,maund/acre,2024-25(1).pdf,136,previous_year
Lodhran,Lodhran,Canola,2023-24,Rabi,1.625984,16.45,maund/acre,2024-25(1).pdf,136,previous_year
Mianwali,Mianwali,Canola,2023-24,Rabi,1.702094,17.22,maund/acre,2024-25(1).pdf,136,previous_year
Multan,Multan,Canola,2023-24,Rabi,2.001591,20.25,maund/acre,2024-25(1).pdf,136,previous_year
Muzaffargarh,Muzzafargargh,Canola,2023-24,Rabi,1.378874,13.95,maund/acre,2024-25(1).pdf,136,previous_year
Nankana Sahib,Nankana Sahib,Canola,2023-24,Rabi,1.445099,14.62,maund/acre,2024-25(1).pdf,136,previous_year
Narowal,Narowal,Canola,2023-24,Rabi,0.897504,9.08,maund/acre,2024-25(1).pdf,136,previous_year
Okara,Okara,Canola,2023-24,Rabi,1.764365,17.85,maund/acre,2024-25(1).pdf,136,previous_year
Pakpattan,Pakpattan,Canola,2023-24,Rabi,1.491556,15.09,maund/acre,2024-25(1).pdf,136,previous_year
Rahim Yar Khan,Rahim Yar Khan,Canola,2023-24,Rabi,1.441146,14.58,maund/acre,2024-25(1).pdf,136,previous_year
Rajanpur,Rajan Pur,Canola,2023-24,Rabi,1.197001,12.11,maund/acre,2024-25(1).pdf,136,previous_year
Rawalpindi,RAWALPINDI DV:,Canola,2023-24,Rabi,0.800636,8.1,maund/acre,2024-25(1).pdf,136,previous_year
Sahiwal,Sahiwal,Canola,2023-24,Rabi,1.49551,15.13,maund/acre,2024-25(1).pdf,136,previous_year
Sargodha,Sargodha,Canola,2023-24,Rabi,1.327475,13.43,maund/acre,2024-25(1).pdf,136,previous_year
Sheikhupura,Sheikhupura,Canola,2023-24,Rabi,1.898793,19.21,maund/acre,2024-25(1).pdf,136,previous_year
Sialkot,Sialkot,Canola,2023-24,Rabi,0.98844,10.0,maund/acre,2024-25(1).pdf,136,previous_year
Toba Tek Singh,T.T. Singh,Canola,2023-24,Rabi,0.96966,9.81,maund/acre,2024-25(1).pdf,136,previous_year
Vehari,Vehari,Canola,2023-24,Rabi,1.351197,13.67,maund/acre,2024-25(1).pdf,136,previous_year
Bahawalpur,Bahawalpur,Cucumber,2023-24,Kharif,68.933806,697.4,maund/acre,2024-25(1).pdf,78,previous_year
Chakwal,Chakwal,Cucumber,2023-24,Kharif,11.86128,120.0,maund/acre,2024-25(1).pdf,78,previous_year
Faisalabad,Faisalabad,Cucumber,2023-24,Kharif,44.548991,450.7,maund/acre,2024-25(1).pdf,78,previous_year
Gujranwala,Gujranwala,Cucumber,2023-24,Kharif,23.72256,240.0,maund/acre,2024-25(1).pdf,78,previous_year
Gujrat,Gujrat,Cucumber,2023-24,Kharif,12.60261,127.5,maund/acre,2024-25(1).pdf,78,previous_year
Jhelum,Jhelum,Cucumber,2023-24,Kharif,15.271398,154.5,maund/acre,2024-25(1).pdf,78,previous_year
Kasur,Kasur,Cucumber,2023-24,Kharif,18.978048,192.0,maund/acre,2024-25(1).pdf,78,previous_year
Lahore,Lahore,Cucumber,2023-24,Kharif,8.085439,81.8,maund/acre,2024-25(1).pdf,78,previous_year
Lodhran,Lodhran,Cucumber,2023-24,Kharif,133.706279,1352.7,maund/acre,2024-25(1).pdf,78,previous_year
Multan,Multan,Cucumber,2023-24,Kharif,11.36706,115.0,maund/acre,2024-25(1).pdf,78,previous_year
Nankana Sahib,Nankana Sahib,Cucumber,2023-24,Kharif,37.56072,380.0,maund/acre,2024-25(1).pdf,78,previous_year
Okara,Okara,Cucumber,2023-24,Kharif,49.422,500.0,maund/acre,2024-25(1).pdf,78,previous_year
Pakpattan,Pakpattan,Cucumber,2023-24,Kharif,51.497724,521.0,maund/acre,2024-25(1).pdf,78,previous_year
Rawalpindi,Rawalpindi,Cucumber,2023-24,Kharif,31.511467,318.8,maund/acre,2024-25(1).pdf,78,previous_year
Sahiwal,Sahiwal,Cucumber,2023-24,Kharif,40.52604,410.0,maund/acre,2024-25(1).pdf,78,previous_year
Talagang,Talagang,Cucumber,2023-24,Kharif,11.36706,115.0,maund/acre,2024-25(1).pdf,78,previous_year
Toba Tek Singh,T.T. Singh,Cucumber,2023-24,Kharif,48.18645,487.5,maund/acre,2024-25(1).pdf,78,previous_year
Vehari,Vehari,Cucumber,2023-24,Kharif,69.230338,700.4,maund/acre,2024-25(1).pdf,78,previous_year
Wazirabad,Wazirabad,Cucumber,2023-24,Kharif,11.36706,115.0,maund/acre,2024-25(1).pdf,78,previous_year
Bahawalnagar,Bahawalnagar,Dates,2023-24,Kharif,11.821742,119.6,maund/acre,2024-25(1).pdf,90,previous_year
Bahawalpur,Bahawalpur,Dates,2023-24,Kharif,6.523704,66.0,maund/acre,2024-25(1).pdf,90,previous_year
Bhakkar,Bhakkar,Dates,2023-24,Kharif,8.283127,83.8,maund/acre,2024-25(1).pdf,90,previous_year
Chakwal,Chakwal,Dates,2023-24,Kharif,1.710001,17.3,maund/acre,2024-25(1).pdf,90,previous_year
Chiniot,Chiniot,Dates,2023-24,Kharif,12.661916,128.1,maund/acre,2024-25(1).pdf,90,previous_year
Dera Ghazi Khan,D.G. Khan,Dates,2023-24,Kharif,6.42486,65.0,maund/acre,2024-25(1).pdf,90,previous_year
Faisalabad,Faisalabad,Dates,2023-24,Kharif,8.619197,87.2,maund/acre,2024-25(1).pdf,90,previous_year
Hafizabad,Hafizabad,Dates,2023-24,Kharif,4.744512,48.0,maund/acre,2024-25(1).pdf,90,previous_year
Jhang,Jhang,Dates,2023-24,Kharif,14.8266,150.0,maund/acre,2024-25(1).pdf,90,previous_year
Khanewal,Khanewal,Dates,2023-24,Kharif,8.055786,81.5,maund/acre,2024-25(1).pdf,90,previous_year
Khushab,Khushab,Dates,2023-24,Kharif,14.273074,144.4,maund/acre,2024-25(1).pdf,90,previous_year
Kot Addu,Kot Addu,Dates,2023-24,Kharif,8.223821,83.2,maund/acre,2024-25(1).pdf,90,previous_year
Layyah,Layyah,Dates,2023-24,Kharif,6.592895,66.7,maund/acre,2024-25(1).pdf,90,previous_year
Lodhran,Lodhran,Dates,2023-24,Kharif,6.91908,70.0,maund/acre,2024-25(1).pdf,90,previous_year
Mianwali,Mianwali,Dates,2023-24,Kharif,13.00787,131.6,maund/acre,2024-25(1).pdf,90,previous_year
Multan,Multan,Dates,2023-24,Kharif,9.05411,91.6,maund/acre,2024-25(1).pdf,90,previous_year
Muzaffargarh,Muzaffargarh,Dates,2023-24,Kharif,6.523704,66.0,maund/acre,2024-25(1).pdf,90,previous_year
Okara,Okara,Dates,2023-24,Kharif,9.686712,98.0,maund/acre,2024-25(1).pdf,90,previous_year
Pakpattan,Pakpattan,Dates,2023-24,Kharif,8.599428,87.0,maund/acre,2024-25(1).pdf,90,previous_year
Rahim Yar Khan,Rahim Yar Khan,Dates,2023-24,Kharif,7.74937,78.4,maund/acre,2024-25(1).pdf,90,previous_year
Rajanpur,Rajan Pur,Dates,2023-24,Kharif,6.91908,70.0,maund/acre,2024-25(1).pdf,90,previous_year
Rawalpindi,RAWALPINDI DV:,Dates,2023-24,Kharif,1.710001,17.3,maund/acre,2024-25(1).pdf,90,previous_year
Sahiwal,Sahiwal,Dates,2023-24,Kharif,8.204052,83.0,maund/acre,2024-25(1).pdf,90,previous_year
Sargodha,Sargodha,Dates,2023-24,Kharif,8.204052,83.0,maund/acre,2024-25(1).pdf,90,previous_year
Taunsa,Taunsa,Dates,2023-24,Kharif,7.838329,79.3,maund/acre,2024-25(1).pdf,90,previous_year
Toba Tek Singh,T.T. Singh,Dates,2023-24,Kharif,8.134861,82.3,maund/acre,2024-25(1).pdf,90,previous_year
Vehari,Vehari,Dates,2023-24,Kharif,11.86128,120.0,maund/acre,2024-25(1).pdf,90,previous_year
Attock,Attock,Gram,2023-24,Rabi,0.160127,1.62,maund/acre,2024-25(1).pdf,118,previous_year
Bahawalnagar,Bahawalnagar,Gram,2023-24,Rabi,1.057631,10.7,maund/acre,2024-25(1).pdf,118,previous_year
Bahawalpur,Bahawalpur,Gram,2023-24,Rabi,1.383816,14.0,maund/acre,2024-25(1).pdf,118,previous_year
Bhakkar,Bhakkar,Gram,2023-24,Rabi,0.12059,1.22,maund/acre,2024-25(1).pdf,118,previous_year
Chakwal,Chakwal,Gram,2023-24,Rabi,1.005243,10.17,maund/acre,2024-25(1).pdf,118,previous_year
Dera Ghazi Khan,D.G. Khan,Gram,2023-24,Rabi,0.564399,5.71,maund/acre,2024-25(1).pdf,118,previous_year
Gujrat,Gujrat,Gram,2023-24,Rabi,0.18978,1.92,maund/acre,2024-25(1).pdf,118,previous_year
Jhang,Jhang,Gram,2023-24,Rabi,0.275775,2.79,maund/acre,2024-25(1).pdf,118,previous_year
Kasur,Kasur,Gram,2023-24,Rabi,0.24711,2.5,maund/acre,2024-25(1).pdf,118,previous_year
Khushab,Khushab,Gram,2023-24,Rabi,0.270833,2.74,maund/acre,2024-25(1).pdf,118,previous_year
Kot Addu,Kot Addu,Gram,2023-24,Rabi,0.444798,4.5,maund/acre,2024-25(1).pdf,118,previous_year
Layyah,Layyah,Gram,2023-24,Rabi,0.18978,1.92,maund/acre,2024-25(1).pdf,118,previous_year
Mianwali,Mianwali,Gram,2023-24,Rabi,0.457648,4.63,maund/acre,2024-25(1).pdf,118,previous_year
Rawalpindi,RAWALPINDI DV:,Gram,2023-24,Rabi,0.781856,7.91,maund/acre,2024-25(1).pdf,118,previous_year
Talagang,Talagang,Gram,2023-24,Rabi,0.783833,7.93,maund/acre,2024-25(1).pdf,118,previous_year
Toba Tek Singh,T.T. Singh,Gram,2023-24,Rabi,0.24711,2.5,maund/acre,2024-25(1).pdf,118,previous_year
Attock,Attock,Grapes,2023-24,Other/Perennial,5.515495,55.8,maund/acre,2024-25(1).pdf,92,previous_year
Bahawalnagar,Bahawalnagar,Grapes,2023-24,Other/Perennial,10.754227,108.8,maund/acre,2024-25(1).pdf,92,previous_year
Bahawalpur,Bahawalpur,Grapes,2023-24,Other/Perennial,9.271567,93.8,maund/acre,2024-25(1).pdf,92,previous_year
Bhakkar,Bhakkar,Grapes,2023-24,Other/Perennial,7.808676,79.0,maund/acre,2024-25(1).pdf,92,previous_year
Chakwal,Chakwal,Grapes,2023-24,Other/Perennial,6.0196,60.9,maund/acre,2024-25(1).pdf,92,previous_year
Chiniot,Chiniot,Grapes,2023-24,Other/Perennial,4.843356,49.0,maund/acre,2024-25(1).pdf,92,previous_year
Dera Ghazi Khan,D.G. Khan,Grapes,2023-24,Other/Perennial,10.675152,108.0,maund/acre,2024-25(1).pdf,92,previous_year
Faisalabad,Faisalabad,Grapes,2023-24,Other/Perennial,14.8266,150.0,maund/acre,2024-25(1).pdf,92,previous_year
Gujrat,Gujrat,Grapes,2023-24,Other/Perennial,6.622548,67.0,maund/acre,2024-25(1).pdf,92,previous_year
Jhang,Jhang,Grapes,2023-24,Other/Perennial,10.87284,110.0,maund/acre,2024-25(1).pdf,92,previous_year
Jhelum,Jhelum,Grapes,2023-24,Other/Perennial,16.902324,171.0,maund/acre,2024-25(1).pdf,92,previous_year
Kasur,Kasur,Grapes,2023-24,Other/Perennial,7.66041,77.5,maund/acre,2024-25(1).pdf,92,previous_year
Khanewal,Khanewal,Grapes,2023-24,Other/Perennial,5.120119,51.8,maund/acre,2024-25(1).pdf,92,previous_year
Khushab,Khushab,Grapes,2023-24,Other/Perennial,2.174568,22.0,maund/acre,2024-25(1).pdf,92,previous_year
Layyah,Layyah,Grapes,2023-24,Other/Perennial,13.442784,136.0,maund/acre,2024-25(1).pdf,92,previous_year
Lodhran,Lodhran,Grapes,2023-24,Other/Perennial,11.070528,112.0,maund/acre,2024-25(1).pdf,92,previous_year
Mandi Bahauddin,M.B.Din,Grapes,2023-24,Other/Perennial,6.938849,70.2,maund/acre,2024-25(1).pdf,92,previous_year
Mianwali,Mianwali,Grapes,2023-24,Other/Perennial,8.807,89.1,maund/acre,2024-25(1).pdf,92,previous_year
Multan,Multan,Grapes,2023-24,Other/Perennial,11.465904,116.0,maund/acre,2024-25(1).pdf,92,previous_year
Muzaffargarh,Muzaffargarh,Grapes,2023-24,Other/Perennial,5.614339,56.8,maund/acre,2024-25(1).pdf,92,previous_year
Nankana Sahib,Nankana Sahib,Grapes,2023-24,Other/Perennial,8.06567,81.6,maund/acre,2024-25(1).pdf,92,previous_year
Okara,Okara,Grapes,2023-24,Other/Perennial,3.271736,33.1,maund/acre,2024-25(1).pdf,92,previous_year
Pakpattan,Pakpattan,Grapes,2023-24,Other/Perennial,18.829782,190.5,maund/acre,2024-25(1).pdf,92,previous_year
Rahim Yar Khan,Rahim Yar Khan,Grapes,2023-24,Other/Perennial,13.304402,134.6,maund/acre,2024-25(1).pdf,92,previous_year
Rawalpindi,Rawalpindi,Grapes,2023-24,Other/Perennial,4.181101,42.3,maund/acre,2024-25(1).pdf,92,previous_year
Sahiwal,Sahiwal,Grapes,2023-24,Other/Perennial,3.45954,35.0,maund/acre,2024-25(1).pdf,92,previous_year
Sargodha,Sargodha,Grapes,2023-24,Other/Perennial,3.321158,33.6,maund/acre,2024-25(1).pdf,92,previous_year
Sheikhupura,Sheikhupura,Grapes,2023-24,Other/Perennial,9.8844,100.0,maund/acre,2024-25(1).pdf,92,previous_year
Sialkot,Sialkot,Grapes,2023-24,Other/Perennial,15.81504,160.0,maund/acre,2024-25(1).pdf,92,previous_year
Talagang,Talagang,Grapes,2023-24,Other/Perennial,7.4133,75.0,maund/acre,2024-25(1).pdf,92,previous_year
Taunsa,Taunsa,Grapes,2023-24,Other/Perennial,9.271567,93.8,maund/acre,2024-25(1).pdf,92,previous_year
Toba Tek Singh,T.T. Singh,Grapes,2023-24,Other/Perennial,14.33238,145.0,maund/acre,2024-25(1).pdf,92,previous_year
Vehari,Vehari,Grapes,2023-24,Other/Perennial,33.013896,334.0,maund/acre,2024-25(1).pdf,92,previous_year
Wazirabad,Wazirabad,Grapes,2023-24,Other/Perennial,6.128328,62.0,maund/acre,2024-25(1).pdf,92,previous_year
Attock,Attock,Groundnut,2023-24,Kharif,0.839186,8.49,maund/acre,2024-25(1).pdf,37,previous_year
Bhakkar,Bhakkar,Groundnut,2023-24,Kharif,0.91233,9.23,maund/acre,2024-25(1).pdf,37,previous_year
Chakwal,Chakwal,Groundnut,2023-24,Kharif,0.776914,7.86,maund/acre,2024-25(1).pdf,37,previous_year
Jhelum,Jhelum,Groundnut,2023-24,Kharif,1.492544,15.1,maund/acre,2024-25(1).pdf,37,previous_year
Khushab,Khushab,Groundnut,2023-24,Kharif,0.459625,4.65,maund/acre,2024-25(1).pdf,37,previous_year
Mianwali,Mianwali,Groundnut,2023-24,Kharif,1.082342,10.95,maund/acre,2024-25(1).pdf,37,previous_year
Rahim Yar Khan,Rahim Yar Khan,Groundnut,2023-24,Kharif,1.017105,10.29,maund/acre,2024-25(1).pdf,37,previous_year
Rawalpindi,Rawalpindi,Groundnut,2023-24,Kharif,1.954146,19.77,maund/acre,2024-25(1).pdf,37,previous_year
Talagang,Talagang,Groundnut,2023-24,Kharif,0.707723,7.16,maund/acre,2024-25(1).pdf,37,previous_year
Bhakkar,Bhakkar,Guarseed,2023-24,Kharif,0.421075,4.26,maund/acre,2024-25(1).pdf,47,previous_year
Dera Ghazi Khan,D.G. Khan,Guarseed,2023-24,Kharif,0.720573,7.29,maund/acre,2024-25(1).pdf,47,previous_year
Khushab,Khushab,Guarseed,2023-24,Kharif,0.376596,3.81,maund/acre,2024-25(1).pdf,47,previous_year
Mianwali,Mianwali,Guarseed,2023-24,Kharif,0.55155,5.58,maund/acre,2024-25(1).pdf,47,previous_year
Attock,Attock,Guava,2023-24,Kharif,4.052604,41.0,maund/acre,2024-25(1).pdf,188,previous_year
Bahawalnagar,Bahawalnagar,Guava,2023-24,Kharif,11.663592,118.0,maund/acre,2024-25(1).pdf,188,previous_year
Bahawalpur,Bahawalpur,Guava,2023-24,Kharif,11.070528,112.0,maund/acre,2024-25(1).pdf,188,previous_year
Bhakkar,Bhakkar,Guava,2023-24,Kharif,22.536432,228.0,maund/acre,2024-25(1).pdf,188,previous_year
Chiniot,Chiniot,Guava,2023-24,Kharif,6.523704,66.0,maund/acre,2024-25(1).pdf,188,previous_year
Faisalabad,Faisalabad,Guava,2023-24,Kharif,37.956096,384.0,maund/acre,2024-25(1).pdf,188,previous_year
Gujranwala,Gujranwala,Guava,2023-24,Kharif,15.221976,154.0,maund/acre,2024-25(1).pdf,188,previous_year
Gujrat,Gujrat,Guava,2023-24,Kharif,8.40174,85.0,maund/acre,2024-25(1).pdf,188,previous_year
Hafizabad,Hafizabad,Guava,2023-24,Kharif,15.32082,155.0,maund/acre,2024-25(1).pdf,188,previous_year
Jhang,Jhang,Guava,2023-24,Kharif,14.134692,143.0,maund/acre,2024-25(1).pdf,188,previous_year
Jhelum,Jhelum,Guava,2023-24,Kharif,5.732952,58.0,maund/acre,2024-25(1).pdf,188,previous_year
Kasur,Kasur,Guava,2023-24,Kharif,17.594232,178.0,maund/acre,2024-25(1).pdf,188,previous_year
Khanewal,Khanewal,Guava,2023-24,Kharif,13.640472,138.0,maund/acre,2024-25(1).pdf,188,previous_year
Khushab,Khushab,Guava,2023-24,Kharif,11.960124,121.0,maund/acre,2024-25(1).pdf,188,previous_year
Kot Addu,Kot Addu,Guava,2023-24,Kharif,5.93064,60.0,maund/acre,2024-25(1).pdf,188,previous_year
Lahore,Lahore,Guava,2023-24,Kharif,14.233536,144.0,maund/acre,2024-25(1).pdf,188,previous_year
Layyah,Layyah,Guava,2023-24,Kharif,9.8844,100.0,maund/acre,2024-25(1).pdf,188,previous_year
Lodhran,Lodhran,Guava,2023-24,Kharif,12.652032,128.0,maund/acre,2024-25(1).pdf,188,previous_year
Mandi Bahauddin,M.B.Din,Guava,2023-24,Kharif,11.960124,121.0,maund/acre,2024-25(1).pdf,188,previous_year
Mianwali,Mianwali,Guava,2023-24,Kharif,20.954928,212.0,maund/acre,2024-25(1).pdf,188,previous_year
Multan,Multan,Guava,2023-24,Kharif,8.105208,82.0,maund/acre,2024-25(1).pdf,188,previous_year
Murree,Muree,Guava,2023-24,Kharif,3.45954,35.0,maund/acre,2024-25(1).pdf,188,previous_year
Muzaffargarh,Muzaffargarh,Guava,2023-24,Kharif,13.047408,132.0,maund/acre,2024-25(1).pdf,188,previous_year
Nankana Sahib,Nankana Sahib,Guava,2023-24,Kharif,25.897128,262.0,maund/acre,2024-25(1).pdf,188,previous_year
Narowal,Narowal,Guava,2023-24,Kharif,12.750876,129.0,maund/acre,2024-25(1).pdf,188,previous_year
Okara,Okara,Guava,2023-24,Kharif,27.874008,282.0,maund/acre,2024-25(1).pdf,188,previous_year
Pakpattan,Pakpattan,Guava,2023-24,Kharif,10.279776,104.0,maund/acre,2024-25(1).pdf,188,previous_year
Rahim Yar Khan,Rahim Yar Khan,Guava,2023-24,Kharif,14.925444,151.0,maund/acre,2024-25(1).pdf,188,previous_year
Rajanpur,Rajan Pur,Guava,2023-24,Kharif,8.797116,89.0,maund/acre,2024-25(1).pdf,188,previous_year
Rawalpindi,Rawalpindi,Guava,2023-24,Kharif,16.902324,171.0,maund/acre,2024-25(1).pdf,188,previous_year
Sahiwal,Sahiwal,Guava,2023-24,Kharif,16.704636,169.0,maund/acre,2024-25(1).pdf,188,previous_year
Sargodha,Sargodha,Guava,2023-24,Kharif,15.32082,155.0,maund/acre,2024-25(1).pdf,188,previous_year
Sheikhupura,Sheikhupura,Guava,2023-24,Kharif,29.850888,302.0,maund/acre,2024-25(1).pdf,188,previous_year
Sialkot,Sialkot,Guava,2023-24,Kharif,15.32082,155.0,maund/acre,2024-25(1).pdf,188,previous_year
Taunsa,Taunsa,Guava,2023-24,Kharif,9.8844,100.0,maund/acre,2024-25(1).pdf,188,previous_year
Toba Tek Singh,T.T. Singh,Guava,2023-24,Kharif,14.035848,142.0,maund/acre,2024-25(1).pdf,188,previous_year
Vehari,Vehari,Guava,2023-24,Kharif,38.351472,388.0,maund/acre,2024-25(1).pdf,188,previous_year
Wazirabad,Wazirabad,Guava,2023-24,Kharif,11.169372,113.0,maund/acre,2024-25(1).pdf,188,previous_year
Attock,Attock,Jowar,2023-24,Kharif,0.282694,2.86,maund/acre,2024-25(1).pdf,52,previous_year
Chakwal,Chakwal,Jowar,2023-24,Kharif,0.390434,3.95,maund/acre,2024-25(1).pdf,52,previous_year
Dera Ghazi Khan,D.G. Khan,Jowar,2023-24,Kharif,0.363746,3.68,maund/acre,2024-25(1).pdf,52,previous_year
Khanewal,Khanewal,Jowar,2023-24,Kharif,0.573295,5.8,maund/acre,2024-25(1).pdf,52,previous_year
Layyah,Layyah,Jowar,2023-24,Kharif,0.381538,3.86,maund/acre,2024-25(1).pdf,52,previous_year
Multan,Multan,Jowar,2023-24,Kharif,0.607891,6.15,maund/acre,2024-25(1).pdf,52,previous_year
Rajanpur,Rajan Pur,Jowar,2023-24,Kharif,0.518931,5.25,maund/acre,2024-25(1).pdf,52,previous_year
Rawalpindi,Rawalpindi,Jowar,2023-24,Kharif,0.455671,4.61,maund/acre,2024-25(1).pdf,52,previous_year
Talagang,Talagang,Jowar,2023-24,Kharif,0.345954,3.5,maund/acre,2024-25(1).pdf,52,previous_year
Toba Tek Singh,T.T. Singh,Jowar,2023-24,Kharif,1.820706,18.42,maund/acre,2024-25(1).pdf,52,previous_year
Attock,Attock,Kharif Fodder,2023-24,Kharif,26.697764,270.1,maund/acre,2024-25(1).pdf,108,previous_year
Bahawalnagar,Bahawalnagar,Kharif Fodder,2023-24,Kharif,46.140379,466.8,maund/acre,2024-25(1).pdf,108,previous_year
Bahawalpur,Bahawalpur,Kharif Fodder,2023-24,Kharif,39.507947,399.7,maund/acre,2024-25(1).pdf,108,previous_year
Bhakkar,Bhakkar,Kharif Fodder,2023-24,Kharif,29.257824,296.0,maund/acre,2024-25(1).pdf,108,previous_year
Chakwal,Chakwal,Kharif Fodder,2023-24,Kharif,20.984581,212.3,maund/acre,2024-25(1).pdf,108,previous_year
Chiniot,Chiniot,Kharif Fodder,2023-24,Kharif,31.481814,318.5,maund/acre,2024-25(1).pdf,108,previous_year
Dera Ghazi Khan,D.G. Khan,Kharif Fodder,2023-24,Kharif,35.396036,358.1,maund/acre,2024-25(1).pdf,108,previous_year
Faisalabad,Faisalabad,Kharif Fodder,2023-24,Kharif,36.967656,374.0,maund/acre,2024-25(1).pdf,108,previous_year
Gujranwala,Gujranwala,Kharif Fodder,2023-24,Kharif,37.056616,374.9,maund/acre,2024-25(1).pdf,108,previous_year
Gujrat,Gujrat,Kharif Fodder,2023-24,Kharif,34.664591,350.7,maund/acre,2024-25(1).pdf,108,previous_year
Hafizabad,Hafizabad,Kharif Fodder,2023-24,Kharif,34.200024,346.0,maund/acre,2024-25(1).pdf,108,previous_year
Islamabad,Islamabad,Kharif Fodder,2023-24,Kharif,22.131172,223.9,maund/acre,2024-25(1).pdf,108,previous_year
Jhang,Jhang,Kharif Fodder,2023-24,Kharif,36.107713,365.3,maund/acre,2024-25(1).pdf,108,previous_year
Jhelum,Jhelum,Kharif Fodder,2023-24,Kharif,32.430716,328.1,maund/acre,2024-25(1).pdf,108,previous_year
Kasur,Kasur,Kharif Fodder,2023-24,Kharif,35.297192,357.1,maund/acre,2024-25(1).pdf,108,previous_year
Khanewal,Khanewal,Kharif Fodder,2023-24,Kharif,36.295517,367.2,maund/acre,2024-25(1).pdf,108,previous_year
Khushab,Khushab,Kharif Fodder,2023-24,Kharif,19.877528,201.1,maund/acre,2024-25(1).pdf,108,previous_year
Kot Addu,Kot Addu,Kharif Fodder,2023-24,Kharif,36.493205,369.2,maund/acre,2024-25(1).pdf,108,previous_year
Lahore,Lahore,Kharif Fodder,2023-24,Kharif,34.407596,348.1,maund/acre,2024-25(1).pdf,108,previous_year
Layyah,Layyah,Kharif Fodder,2023-24,Kharif,22.902155,231.7,maund/acre,2024-25(1).pdf,108,previous_year
Lodhran,Lodhran,Kharif Fodder,2023-24,Kharif,40.18997,406.6,maund/acre,2024-25(1).pdf,108,previous_year
Mandi Bahauddin,M.B.Din,Kharif Fodder,2023-24,Kharif,37.738639,381.8,maund/acre,2024-25(1).pdf,108,previous_year
Mianwali,Mianwali,Kharif Fodder,2023-24,Kharif,31.392854,317.6,maund/acre,2024-25(1).pdf,108,previous_year
Multan,Multan,Kharif Fodder,2023-24,Kharif,33.132509,335.2,maund/acre,2024-25(1).pdf,108,previous_year
Murree,Muree,Kharif Fodder,2023-24,Kharif,23.169034,234.4,maund/acre,2024-25(1).pdf,108,previous_year
Muzaffargarh,Muzzafargargh,Kharif Fodder,2023-24,Kharif,39.29049,397.5,maund/acre,2024-25(1).pdf,108,previous_year
Nankana Sahib,Nankana Sahib,Kharif Fodder,2023-24,Kharif,46.090957,466.3,maund/acre,2024-25(1).pdf,108,previous_year
Narowal,Narowal,Kharif Fodder,2023-24,Kharif,28.496725,288.3,maund/acre,2024-25(1).pdf,108,previous_year
Okara,Okara,Kharif Fodder,2023-24,Kharif,38.035171,384.8,maund/acre,2024-25(1).pdf,108,previous_year
Pakpattan,Pakpattan,Kharif Fodder,2023-24,Kharif,35.17858,355.9,maund/acre,2024-25(1).pdf,108,previous_year
Rahim Yar Khan,Rahim Yar Khan,Kharif Fodder,2023-24,Kharif,41.988931,424.8,maund/acre,2024-25(1).pdf,108,previous_year
Rajanpur,Rajan Pur,Kharif Fodder,2023-24,Kharif,29.761928,301.1,maund/acre,2024-25(1).pdf,108,previous_year
Rawalpindi,Rawalpindi,Kharif Fodder,2023-24,Kharif,33.013896,334.0,maund/acre,2024-25(1).pdf,108,previous_year
Sahiwal,Sahiwal,Kharif Fodder,2023-24,Kharif,37.768292,382.1,maund/acre,2024-25(1).pdf,108,previous_year
Sargodha,Sargodha,Kharif Fodder,2023-24,Kharif,36.206557,366.3,maund/acre,2024-25(1).pdf,108,previous_year
Sheikhupura,Sheikhupura,Kharif Fodder,2023-24,Kharif,36.700777,371.3,maund/acre,2024-25(1).pdf,108,previous_year
Sialkot,Sialkot,Kharif Fodder,2023-24,Kharif,39.053264,395.1,maund/acre,2024-25(1).pdf,108,previous_year
Talagang,Talagang,Kharif Fodder,2023-24,Kharif,18.137874,183.5,maund/acre,2024-25(1).pdf,108,previous_year
Toba Tek Singh,T.T. Singh,Kharif Fodder,2023-24,Kharif,31.976034,323.5,maund/acre,2024-25(1).pdf,108,previous_year
Vehari,Vehari,Kharif Fodder,2023-24,Kharif,35.712337,361.3,maund/acre,2024-25(1).pdf,108,previous_year
Wazirabad,Wazirabad,Kharif Fodder,2023-24,Kharif,41.494711,419.8,maund/acre,2024-25(1).pdf,108,previous_year
Attock,Attock,Ladyfinger,2023-24,Kharif,8.016248,81.1,maund/acre,2024-25(1).pdf,60,previous_year
Bahawalnagar,Bahawalnagar,Ladyfinger,2023-24,Kharif,9.350642,94.6,maund/acre,2024-25(1).pdf,60,previous_year
Bahawalpur,Bahawalpur,Ladyfinger,2023-24,Kharif,9.39018,95.0,maund/acre,2024-25(1).pdf,60,previous_year
Bhakkar,Bhakkar,Ladyfinger,2023-24,Kharif,14.559721,147.3,maund/acre,2024-25(1).pdf,60,previous_year
Chakwal,Chakwal,Ladyfinger,2023-24,Kharif,8.322665,84.2,maund/acre,2024-25(1).pdf,60,previous_year
Chiniot,Chiniot,Ladyfinger,2023-24,Kharif,11.376944,115.1,maund/acre,2024-25(1).pdf,60,previous_year
Dera Ghazi Khan,D.G. Khan,Ladyfinger,2023-24,Kharif,11.169372,113.0,maund/acre,2024-25(1).pdf,60,previous_year
Faisalabad,Faisalabad,Ladyfinger,2023-24,Kharif,14.895791,150.7,maund/acre,2024-25(1).pdf,60,previous_year
Gujranwala,Gujranwala,Ladyfinger,2023-24,Kharif,17.198856,174.0,maund/acre,2024-25(1).pdf,60,previous_year
Gujrat,Gujrat,Ladyfinger,2023-24,Kharif,11.317638,114.5,maund/acre,2024-25(1).pdf,60,previous_year
Hafizabad,Hafizabad,Ladyfinger,2023-24,Kharif,9.172723,92.8,maund/acre,2024-25(1).pdf,60,previous_year
Jhang,Jhang,Ladyfinger,2023-24,Kharif,6.721392,68.0,maund/acre,2024-25(1).pdf,60,previous_year
Jhelum,Jhelum,Ladyfinger,2023-24,Kharif,14.233536,144.0,maund/acre,2024-25(1).pdf,60,previous_year
Kasur,Kasur,Ladyfinger,2023-24,Kharif,18.315793,185.3,maund/acre,2024-25(1).pdf,60,previous_year
Khanewal,Khanewal,Ladyfinger,2023-24,Kharif,14.203883,143.7,maund/acre,2024-25(1).pdf,60,previous_year
Khushab,Khushab,Ladyfinger,2023-24,Kharif,8.302896,84.0,maund/acre,2024-25(1).pdf,60,previous_year
Kot Addu,Kot Addu,Ladyfinger,2023-24,Kharif,6.029484,61.0,maund/acre,2024-25(1).pdf,60,previous_year
Lahore,Lahore,Ladyfinger,2023-24,Kharif,10.596077,107.2,maund/acre,2024-25(1).pdf,60,previous_year
Lodhran,Lodhran,Ladyfinger,2023-24,Kharif,10.517002,106.4,maund/acre,2024-25(1).pdf,60,previous_year
Mandi Bahauddin,M.B.Din,Ladyfinger,2023-24,Kharif,17.268047,174.7,maund/acre,2024-25(1).pdf,60,previous_year
Mianwali,Mianwali,Ladyfinger,2023-24,Kharif,7.07723,71.6,maund/acre,2024-25(1).pdf,60,previous_year
Multan,Multan,Ladyfinger,2023-24,Kharif,19.788569,200.2,maund/acre,2024-25(1).pdf,60,previous_year
Muzaffargarh,Muzaffargarh,Ladyfinger,2023-24,Kharif,14.559721,147.3,maund/acre,2024-25(1).pdf,60,previous_year
Nankana Sahib,Nankana Sahib,Ladyfinger,2023-24,Kharif,19.244927,194.7,maund/acre,2024-25(1).pdf,60,previous_year
Narowal,Narowal,Ladyfinger,2023-24,Kharif,12.543304,126.9,maund/acre,2024-25(1).pdf,60,previous_year
Okara,Okara,Ladyfinger,2023-24,Kharif,10.635614,107.6,maund/acre,2024-25(1).pdf,60,previous_year
Pakpattan,Pakpattan,Ladyfinger,2023-24,Kharif,7.897636,79.9,maund/acre,2024-25(1).pdf,60,previous_year
Rahim Yar Khan,Rahim Yar Khan,Ladyfinger,2023-24,Kharif,21.241576,214.9,maund/acre,2024-25(1).pdf,60,previous_year
Rajanpur,Rajan Pur,Ladyfinger,2023-24,Kharif,6.58301,66.6,maund/acre,2024-25(1).pdf,60,previous_year
Rawalpindi,Rawalpindi,Ladyfinger,2023-24,Kharif,16.338913,165.3,maund/acre,2024-25(1).pdf,60,previous_year
Sahiwal,Sahiwal,Ladyfinger,2023-24,Kharif,15.706312,158.9,maund/acre,2024-25(1).pdf,60,previous_year
Sargodha,Sargodha,Ladyfinger,2023-24,Kharif,12.246772,123.9,maund/acre,2024-25(1).pdf,60,previous_year
Sheikhupura,Sheikhupura,Ladyfinger,2023-24,Kharif,9.785556,99.0,maund/acre,2024-25(1).pdf,60,previous_year
Sialkot,Sialkot,Ladyfinger,2023-24,Kharif,19.7688,200.0,maund/acre,2024-25(1).pdf,60,previous_year
Talagang,Talagang,Ladyfinger,2023-24,Kharif,8.006364,81.0,maund/acre,2024-25(1).pdf,60,previous_year
Toba Tek Singh,T.T. Singh,Ladyfinger,2023-24,Kharif,21.488686,217.4,maund/acre,2024-25(1).pdf,60,previous_year
Vehari,Vehari,Ladyfinger,2023-24,Kharif,15.755734,159.4,maund/acre,2024-25(1).pdf,60,previous_year
Wazirabad,Wazirabad,Ladyfinger,2023-24,Kharif,15.65689,158.4,maund/acre,2024-25(1).pdf,60,previous_year
Attock,Attock,Litchi,2023-24,Kharif,2.945551,29.8,maund/acre,2024-25(1).pdf,102,previous_year
Chiniot,Chiniot,Litchi,2023-24,Kharif,8.757578,88.6,maund/acre,2024-25(1).pdf,102,previous_year
Faisalabad,Faisalabad,Litchi,2023-24,Kharif,2.96532,30.0,maund/acre,2024-25(1).pdf,102,previous_year
Gujrat,Gujrat,Litchi,2023-24,Kharif,4.9422,50.0,maund/acre,2024-25(1).pdf,102,previous_year
Hafizabad,Hafizabad,Litchi,2023-24,Kharif,6.227172,63.0,maund/acre,2024-25(1).pdf,102,previous_year
Jhang,Jhang,Litchi,2023-24,Kharif,2.4711,25.0,maund/acre,2024-25(1).pdf,102,previous_year
Kasur,Kasur,Litchi,2023-24,Kharif,7.90752,80.0,maund/acre,2024-25(1).pdf,102,previous_year
Khanewal,Khanewal,Litchi,2023-24,Kharif,7.90752,80.0,maund/acre,2024-25(1).pdf,102,previous_year
Lahore,Lahore,Litchi,2023-24,Kharif,5.080582,51.4,maund/acre,2024-25(1).pdf,102,previous_year
Lodhran,Lodhran,Litchi,2023-24,Kharif,0.889596,9.0,maund/acre,2024-25(1).pdf,102,previous_year
Mandi Bahauddin,M.B.Din,Litchi,2023-24,Kharif,6.454513,65.3,maund/acre,2024-25(1).pdf,102,previous_year
Mianwali,Mianwali,Litchi,2023-24,Kharif,3.95376,40.0,maund/acre,2024-25(1).pdf,102,previous_year
Multan,Multan,Litchi,2023-24,Kharif,4.181101,42.3,maund/acre,2024-25(1).pdf,102,previous_year
Nankana Sahib,Nankana Sahib,Litchi,2023-24,Kharif,6.148097,62.2,maund/acre,2024-25(1).pdf,102,previous_year
Narowal,Narowal,Litchi,2023-24,Kharif,3.05428,30.9,maund/acre,2024-25(1).pdf,102,previous_year
Okara,Okara,Litchi,2023-24,Kharif,5.090466,51.5,maund/acre,2024-25(1).pdf,102,previous_year
Pakpattan,Pakpattan,Litchi,2023-24,Kharif,8.530237,86.3,maund/acre,2024-25(1).pdf,102,previous_year
Rawalpindi,Rawalpindi,Litchi,2023-24,Kharif,8.89596,90.0,maund/acre,2024-25(1).pdf,102,previous_year
Sahiwal,Sahiwal,Litchi,2023-24,Kharif,2.945551,29.8,maund/acre,2024-25(1).pdf,102,previous_year
Sheikhupura,Sheikhupura,Litchi,2023-24,Kharif,7.848214,79.4,maund/acre,2024-25(1).pdf,102,previous_year
Sialkot,Sialkot,Litchi,2023-24,Kharif,4.586362,46.4,maund/acre,2024-25(1).pdf,102,previous_year
Vehari,Vehari,Litchi,2023-24,Kharif,1.087284,11.0,maund/acre,2024-25(1).pdf,102,previous_year
Wazirabad,Wazirabad,Litchi,2023-24,Kharif,5.980062,60.5,maund/acre,2024-25(1).pdf,102,previous_year
Attock,Attock,Lufa,2023-24,Kharif,23.485334,237.6,maund/acre,2024-25(1).pdf,74,previous_year
Bahawalnagar,Bahawalnagar,Lufa,2023-24,Kharif,7.66041,77.5,maund/acre,2024-25(1).pdf,74,previous_year
Bahawalpur,Bahawalpur,Lufa,2023-24,Kharif,11.52521,116.6,maund/acre,2024-25(1).pdf,74,previous_year
Bhakkar,Bhakkar,Lufa,2023-24,Kharif,11.446135,115.8,maund/acre,2024-25(1).pdf,74,previous_year
Chiniot,Chiniot,Lufa,2023-24,Kharif,12.84972,130.0,maund/acre,2024-25(1).pdf,74,previous_year
Dera Ghazi Khan,D.G. Khan,Lufa,2023-24,Kharif,9.47914,95.9,maund/acre,2024-25(1).pdf,74,previous_year
Faisalabad,Faisalabad,Lufa,2023-24,Kharif,15.399895,155.8,maund/acre,2024-25(1).pdf,74,previous_year
Gujranwala,Gujranwala,Lufa,2023-24,Kharif,9.528562,96.4,maund/acre,2024-25(1).pdf,74,previous_year
Gujrat,Gujrat,Lufa,2023-24,Kharif,10.37862,105.0,maund/acre,2024-25(1).pdf,74,previous_year
Jhang,Jhang,Lufa,2023-24,Kharif,7.047577,71.3,maund/acre,2024-25(1).pdf,74,previous_year
Kasur,Kasur,Lufa,2023-24,Kharif,29.692738,300.4,maund/acre,2024-25(1).pdf,74,previous_year
Khanewal,Khanewal,Lufa,2023-24,Kharif,9.666943,97.8,maund/acre,2024-25(1).pdf,74,previous_year
Khushab,Khushab,Lufa,2023-24,Kharif,4.645668,47.0,maund/acre,2024-25(1).pdf,74,previous_year
Kot Addu,Kot Addu,Lufa,2023-24,Kharif,21.350304,216.0,maund/acre,2024-25(1).pdf,74,previous_year
Lahore,Lahore,Lufa,2023-24,Kharif,15.992959,161.8,maund/acre,2024-25(1).pdf,74,previous_year
Lodhran,Lodhran,Lufa,2023-24,Kharif,23.208571,234.8,maund/acre,2024-25(1).pdf,74,previous_year
Mandi Bahauddin,M.B.Din,Lufa,2023-24,Kharif,12.3555,125.0,maund/acre,2024-25(1).pdf,74,previous_year
Mianwali,Mianwali,Lufa,2023-24,Kharif,10.823418,109.5,maund/acre,2024-25(1).pdf,74,previous_year
Multan,Multan,Lufa,2023-24,Kharif,11.910702,120.5,maund/acre,2024-25(1).pdf,74,previous_year
Muzaffargarh,Muzaffargarh,Lufa,2023-24,Kharif,20.747356,209.9,maund/acre,2024-25(1).pdf,74,previous_year
Nankana Sahib,Nankana Sahib,Lufa,2023-24,Kharif,18.997817,192.2,maund/acre,2024-25(1).pdf,74,previous_year
Narowal,Narowal,Lufa,2023-24,Kharif,7.90752,80.0,maund/acre,2024-25(1).pdf,74,previous_year
Okara,Okara,Lufa,2023-24,Kharif,11.989777,121.3,maund/acre,2024-25(1).pdf,74,previous_year
Pakpattan,Pakpattan,Lufa,2023-24,Kharif,10.546655,106.7,maund/acre,2024-25(1).pdf,74,previous_year
Rahim Yar Khan,Rahim Yar Khan,Lufa,2023-24,Kharif,20.826431,210.7,maund/acre,2024-25(1).pdf,74,previous_year
Rajanpur,Rajan Pur,Lufa,2023-24,Kharif,5.624224,56.9,maund/acre,2024-25(1).pdf,74,previous_year
Rawalpindi,Rawalpindi,Lufa,2023-24,Kharif,8.500584,86.0,maund/acre,2024-25(1).pdf,74,previous_year
Sahiwal,Sahiwal,Lufa,2023-24,Kharif,15.390011,155.7,maund/acre,2024-25(1).pdf,74,previous_year
Sargodha,Sargodha,Lufa,2023-24,Kharif,14.895791,150.7,maund/acre,2024-25(1).pdf,74,previous_year
Sheikhupura,Sheikhupura,Lufa,2023-24,Kharif,13.600934,137.6,maund/acre,2024-25(1).pdf,74,previous_year
Sialkot,Sialkot,Lufa,2023-24,Kharif,14.233536,144.0,maund/acre,2024-25(1).pdf,74,previous_year
Toba Tek Singh,T.T. Singh,Lufa,2023-24,Kharif,5.268385,53.3,maund/acre,2024-25(1).pdf,74,previous_year
Vehari,Vehari,Lufa,2023-24,Kharif,33.181931,335.7,maund/acre,2024-25(1).pdf,74,previous_year
Wazirabad,Wazirabad,Lufa,2023-24,Kharif,10.87284,110.0,maund/acre,2024-25(1).pdf,74,previous_year
Attock,Attock,Maize (Autumn),2023-24,Kharif,4.500367,45.53,maund/acre,2024-25(1).pdf,15,previous_year
Bahawalnagar,Bahawalnagar,Maize (Autumn),2023-24,Kharif,8.802058,89.05,maund/acre,2024-25(1).pdf,15,previous_year
Bahawalpur,Bahawalpur,Maize (Autumn),2023-24,Kharif,7.263057,73.48,maund/acre,2024-25(1).pdf,15,previous_year
Chiniot,Chiniot,Maize (Autumn),2023-24,Kharif,7.311491,73.97,maund/acre,2024-25(1).pdf,15,previous_year
Dera Ghazi Khan,D.G. Khan,Maize (Autumn),2023-24,Kharif,5.199194,52.6,maund/acre,2024-25(1).pdf,15,previous_year
Faisalabad,Faisalabad,Maize (Autumn),2023-24,Kharif,6.710519,67.89,maund/acre,2024-25(1).pdf,15,previous_year
Jhang,Jhang,Maize (Autumn),2023-24,Kharif,5.041044,51.0,maund/acre,2024-25(1).pdf,15,previous_year
Jhelum,Jhelum,Maize (Autumn),2023-24,Kharif,5.839704,59.08,maund/acre,2024-25(1).pdf,15,previous_year
Kasur,Kasur,Maize (Autumn),2023-24,Kharif,6.773779,68.53,maund/acre,2024-25(1).pdf,15,previous_year
Khanewal,Khanewal,Maize (Autumn),2023-24,Kharif,7.019901,71.02,maund/acre,2024-25(1).pdf,15,previous_year
Lodhran,Lodhran,Maize (Autumn),2023-24,Kharif,6.720404,67.99,maund/acre,2024-25(1).pdf,15,previous_year
Multan,Multan,Maize (Autumn),2023-24,Kharif,6.59586,66.73,maund/acre,2024-25(1).pdf,15,previous_year
Murree,Muree,Maize (Autumn),2023-24,Kharif,2.552152,25.82,maund/acre,2024-25(1).pdf,15,previous_year
Muzaffargarh,Muzzafargargh,Maize (Autumn),2023-24,Kharif,7.33719,74.23,maund/acre,2024-25(1).pdf,15,previous_year
Nankana Sahib,Nankana Sahib,Maize (Autumn),2023-24,Kharif,6.968502,70.5,maund/acre,2024-25(1).pdf,15,previous_year
Okara,Okara,Maize (Autumn),2023-24,Kharif,7.161248,72.45,maund/acre,2024-25(1).pdf,15,previous_year
Pakpattan,Pakpattan,Maize (Autumn),2023-24,Kharif,7.037693,71.2,maund/acre,2024-25(1).pdf,15,previous_year
Rahim Yar Khan,Rahim Yar Khan,Maize (Autumn),2023-24,Kharif,6.571149,66.48,maund/acre,2024-25(1).pdf,15,previous_year
Rawalpindi,Rawalpindi,Maize (Autumn),2023-24,Kharif,2.943574,29.78,maund/acre,2024-25(1).pdf,15,previous_year
Sahiwal,Sahiwal,Maize (Autumn),2023-24,Kharif,7.193866,72.78,maund/acre,2024-25(1).pdf,15,previous_year
Sargodha,Sargodha,Maize (Autumn),2023-24,Kharif,5.011391,50.7,maund/acre,2024-25(1).pdf,15,previous_year
Toba Tek Singh,T.T. Singh,Maize (Autumn),2023-24,Kharif,6.648247,67.26,maund/acre,2024-25(1).pdf,15,previous_year
Vehari,Vehari,Maize (Autumn),2023-24,Kharif,6.925999,70.07,maund/acre,2024-25(1).pdf,15,previous_year
Bahawalnagar,Bahawalnagar,Maize (Spring),2023-24,Kharif,7.640641,77.3,maund/acre,2024-25(1).pdf,123,previous_year
Bahawalpur,Bahawalpur,Maize (Spring),2023-24,Kharif,6.039368,61.1,maund/acre,2024-25(1).pdf,123,previous_year
Chiniot,Chiniot,Maize (Spring),2023-24,Kharif,9.765787,98.8,maund/acre,2024-25(1).pdf,123,previous_year
Faisalabad,Faisalabad,Maize (Spring),2023-24,Kharif,8.500584,86.0,maund/acre,2024-25(1).pdf,123,previous_year
Hafizabad,Hafizabad,Maize (Spring),2023-24,Kharif,6.42486,65.0,maund/acre,2024-25(1).pdf,123,previous_year
Jhang,Jhang,Maize (Spring),2023-24,Kharif,6.039368,61.1,maund/acre,2024-25(1).pdf,123,previous_year
Jhelum,Jhelum,Maize (Spring),2023-24,Kharif,9.162839,92.7,maund/acre,2024-25(1).pdf,123,previous_year
Kasur,Kasur,Maize (Spring),2023-24,Kharif,11.45602,115.9,maund/acre,2024-25(1).pdf,123,previous_year
Khanewal,Khanewal,Maize (Spring),2023-24,Kharif,8.638966,87.4,maund/acre,2024-25(1).pdf,123,previous_year
Khushab,Khushab,Maize (Spring),2023-24,Kharif,7.769138,78.6,maund/acre,2024-25(1).pdf,123,previous_year
Lahore,Lahore,Maize (Spring),2023-24,Kharif,5.77249,58.4,maund/acre,2024-25(1).pdf,123,previous_year
Lodhran,Lodhran,Maize (Spring),2023-24,Kharif,7.017924,71.0,maund/acre,2024-25(1).pdf,123,previous_year
Mandi Bahauddin,M.B.Din,Maize (Spring),2023-24,Kharif,3.271736,33.1,maund/acre,2024-25(1).pdf,123,previous_year
Multan,Multan,Maize (Spring),2023-24,Kharif,6.76093,68.4,maund/acre,2024-25(1).pdf,123,previous_year
Muzaffargarh,Muzzafargargh,Maize (Spring),2023-24,Kharif,6.069022,61.4,maund/acre,2024-25(1).pdf,123,previous_year
Nankana Sahib,Nankana Sahib,Maize (Spring),2023-24,Kharif,9.370411,94.8,maund/acre,2024-25(1).pdf,123,previous_year
Okara,Okara,Maize (Spring),2023-24,Kharif,9.073879,91.8,maund/acre,2024-25(1).pdf,123,previous_year
Pakpattan,Pakpattan,Maize (Spring),2023-24,Kharif,8.045902,81.4,maund/acre,2024-25(1).pdf,123,previous_year
Rahim Yar Khan,Rahim Yar Khan,Maize (Spring),2023-24,Kharif,6.395207,64.7,maund/acre,2024-25(1).pdf,123,previous_year
Rawalpindi,RAWALPINDI DV:,Maize (Spring),2023-24,Kharif,9.162839,92.7,maund/acre,2024-25(1).pdf,123,previous_year
Sahiwal,Sahiwal,Maize (Spring),2023-24,Kharif,9.034342,91.4,maund/acre,2024-25(1).pdf,123,previous_year
Sargodha,Sargodha,Maize (Spring),2023-24,Kharif,10.388504,105.1,maund/acre,2024-25(1).pdf,123,previous_year
Sheikhupura,Sheikhupura,Maize (Spring),2023-24,Kharif,6.721392,68.0,maund/acre,2024-25(1).pdf,123,previous_year
Sialkot,Sialkot,Maize (Spring),2023-24,Kharif,13.304402,134.6,maund/acre,2024-25(1).pdf,123,previous_year
Toba Tek Singh,T.T. Singh,Maize (Spring),2023-24,Kharif,7.690063,77.8,maund/acre,2024-25(1).pdf,123,previous_year
Vehari,Vehari,Maize (Spring),2023-24,Kharif,7.116768,72.0,maund/acre,2024-25(1).pdf,123,previous_year
Wazirabad,Wazirabad,Maize (Spring),2023-24,Kharif,7.887751,79.8,maund/acre,2024-25(1).pdf,123,previous_year
Bahawalnagar,Bahawalnagar,Mango,2023-24,Kharif,14.866138,150.4,maund/acre,2024-25(1).pdf,94,previous_year
Bahawalpur,Bahawalpur,Mango,2023-24,Kharif,9.874516,99.9,maund/acre,2024-25(1).pdf,94,previous_year
Bhakkar,Bhakkar,Mango,2023-24,Kharif,10.694921,108.2,maund/acre,2024-25(1).pdf,94,previous_year
Chiniot,Chiniot,Mango,2023-24,Kharif,11.436251,115.7,maund/acre,2024-25(1).pdf,94,previous_year
Dera Ghazi Khan,D.G. Khan,Mango,2023-24,Kharif,15.172554,153.5,maund/acre,2024-25(1).pdf,94,previous_year
Faisalabad,Faisalabad,Mango,2023-24,Kharif,11.940355,120.8,maund/acre,2024-25(1).pdf,94,previous_year
Gujranwala,Gujranwala,Mango,2023-24,Kharif,13.83816,140.0,maund/acre,2024-25(1).pdf,94,previous_year
Gujrat,Gujrat,Mango,2023-24,Kharif,4.44798,45.0,maund/acre,2024-25(1).pdf,94,previous_year
Hafizabad,Hafizabad,Mango,2023-24,Kharif,9.083764,91.9,maund/acre,2024-25(1).pdf,94,previous_year
Jhang,Jhang,Mango,2023-24,Kharif,11.45602,115.9,maund/acre,2024-25(1).pdf,94,previous_year
Jhelum,Jhelum,Mango,2023-24,Kharif,8.105208,82.0,maund/acre,2024-25(1).pdf,94,previous_year
Kasur,Kasur,Mango,2023-24,Kharif,12.3555,125.0,maund/acre,2024-25(1).pdf,94,previous_year
Khanewal,Khanewal,Mango,2023-24,Kharif,16.190647,163.8,maund/acre,2024-25(1).pdf,94,previous_year
Khushab,Khushab,Mango,2023-24,Kharif,4.062488,41.1,maund/acre,2024-25(1).pdf,94,previous_year
Kot Addu,Kot Addu,Mango,2023-24,Kharif,23.327184,236.0,maund/acre,2024-25(1).pdf,94,previous_year
Lahore,Lahore,Mango,2023-24,Kharif,11.86128,120.0,maund/acre,2024-25(1).pdf,94,previous_year
Layyah,Layyah,Mango,2023-24,Kharif,13.551512,137.1,maund/acre,2024-25(1).pdf,94,previous_year
Lodhran,Lodhran,Mango,2023-24,Kharif,14.91556,150.9,maund/acre,2024-25(1).pdf,94,previous_year
Mandi Bahauddin,M.B.Din,Mango,2023-24,Kharif,6.790583,68.7,maund/acre,2024-25(1).pdf,94,previous_year
Mianwali,Mianwali,Mango,2023-24,Kharif,9.993128,101.1,maund/acre,2024-25(1).pdf,94,previous_year
Multan,Multan,Mango,2023-24,Kharif,13.739316,139.0,maund/acre,2024-25(1).pdf,94,previous_year
Muzaffargarh,Muzaffargarh,Mango,2023-24,Kharif,23.890595,241.7,maund/acre,2024-25(1).pdf,94,previous_year
Nankana Sahib,Nankana Sahib,Mango,2023-24,Kharif,8.747694,88.5,maund/acre,2024-25(1).pdf,94,previous_year
Narowal,Narowal,Mango,2023-24,Kharif,6.157981,62.3,maund/acre,2024-25(1).pdf,94,previous_year
Okara,Okara,Mango,2023-24,Kharif,4.428211,44.8,maund/acre,2024-25(1).pdf,94,previous_year
Pakpattan,Pakpattan,Mango,2023-24,Kharif,14.292842,144.6,maund/acre,2024-25(1).pdf,94,previous_year
Rahim Yar Khan,Rahim Yar Khan,Mango,2023-24,Kharif,17.357006,175.6,maund/acre,2024-25(1).pdf,94,previous_year
Rajanpur,Rajan Pur,Mango,2023-24,Kharif,10.764112,108.9,maund/acre,2024-25(1).pdf,94,previous_year
Rawalpindi,Rawalpindi,Mango,2023-24,Kharif,10.37862,105.0,maund/acre,2024-25(1).pdf,94,previous_year
Sahiwal,Sahiwal,Mango,2023-24,Kharif,10.37862,105.0,maund/acre,2024-25(1).pdf,94,previous_year
Sargodha,Sargodha,Mango,2023-24,Kharif,10.22047,103.4,maund/acre,2024-25(1).pdf,94,previous_year
Sheikhupura,Sheikhupura,Mango,2023-24,Kharif,13.83816,140.0,maund/acre,2024-25(1).pdf,94,previous_year
Taunsa,Taunsa,Mango,2023-24,Kharif,10.665268,107.9,maund/acre,2024-25(1).pdf,94,previous_year
Toba Tek Singh,T.T. Singh,Mango,2023-24,Kharif,4.971853,50.3,maund/acre,2024-25(1).pdf,94,previous_year
Vehari,Vehari,Mango,2023-24,Kharif,18.137874,183.5,maund/acre,2024-25(1).pdf,94,previous_year
Wazirabad,Wazirabad,Mango,2023-24,Kharif,6.91908,70.0,maund/acre,2024-25(1).pdf,94,previous_year
Gujrat,Gujrat,Mash,2023-24,Kharif,0.358804,3.63,maund/acre,2024-25(1).pdf,30,previous_year
Narowal,Narowal,Mash,2023-24,Kharif,0.456659,4.62,maund/acre,2024-25(1).pdf,30,previous_year
Rawalpindi,Rawalpindi,Mash,2023-24,Kharif,0.31037,3.14,maund/acre,2024-25(1).pdf,30,previous_year
Attock,Attock,Masoor,2023-24,Rabi,1.194036,12.08,maund/acre,2024-25(1).pdf,152,previous_year
Bahawalnagar,Bahawalnagar,Masoor,2023-24,Rabi,0.424041,4.29,maund/acre,2024-25(1).pdf,152,previous_year
Bahawalpur,Bahawalpur,Masoor,2023-24,Rabi,0.695862,7.04,maund/acre,2024-25(1).pdf,152,previous_year
Chakwal,Chakwal,Masoor,2023-24,Rabi,0.470497,4.76,maund/acre,2024-25(1).pdf,152,previous_year
Gujranwala,Gujranwala,Masoor,2023-24,Rabi,1.917574,19.4,maund/acre,2024-25(1).pdf,152,previous_year
Gujrat,Gujrat,Masoor,2023-24,Rabi,0.342,3.46,maund/acre,2024-25(1).pdf,152,previous_year
Jhang,Jhang,Masoor,2023-24,Rabi,0.468521,4.74,maund/acre,2024-25(1).pdf,152,previous_year
Jhelum,Jhelum,Masoor,2023-24,Rabi,0.358804,3.63,maund/acre,2024-25(1).pdf,152,previous_year
Khushab,Khushab,Masoor,2023-24,Rabi,0.801625,8.11,maund/acre,2024-25(1).pdf,152,previous_year
Layyah,Layyah,Masoor,2023-24,Rabi,0.445786,4.51,maund/acre,2024-25(1).pdf,152,previous_year
Mianwali,Mianwali,Masoor,2023-24,Rabi,0.658301,6.66,maund/acre,2024-25(1).pdf,152,previous_year
Narowal,Narowal,Masoor,2023-24,Rabi,0.610856,6.18,maund/acre,2024-25(1).pdf,152,previous_year
Rahim Yar Khan,Rahim Yar Khan,Masoor,2023-24,Rabi,0.639521,6.47,maund/acre,2024-25(1).pdf,152,previous_year
Rawalpindi,Rawalpindi,Masoor,2023-24,Rabi,0.555503,5.62,maund/acre,2024-25(1).pdf,152,previous_year
Sheikhupura,Sheikhupura,Masoor,2023-24,Rabi,0.661266,6.69,maund/acre,2024-25(1).pdf,152,previous_year
Sialkot,Sialkot,Masoor,2023-24,Rabi,0.579226,5.86,maund/acre,2024-25(1).pdf,152,previous_year
Talagang,Talagang,Masoor,2023-24,Rabi,0.420087,4.25,maund/acre,2024-25(1).pdf,152,previous_year
Toba Tek Singh,T.T. Singh,Masoor,2023-24,Rabi,1.223689,12.38,maund/acre,2024-25(1).pdf,152,previous_year
Bahawalnagar,Bahawalnagar,Moong,2023-24,Kharif,0.800636,8.1,maund/acre,2024-25(1).pdf,25,previous_year
Bahawalpur,Bahawalpur,Moong,2023-24,Kharif,0.827324,8.37,maund/acre,2024-25(1).pdf,25,previous_year
Bhakkar,Bhakkar,Moong,2023-24,Kharif,0.780868,7.9,maund/acre,2024-25(1).pdf,25,previous_year
Faisalabad,Faisalabad,Moong,2023-24,Kharif,0.717607,7.26,maund/acre,2024-25(1).pdf,25,previous_year
Jhang,Jhang,Moong,2023-24,Kharif,1.054665,10.67,maund/acre,2024-25(1).pdf,25,previous_year
Kasur,Kasur,Moong,2023-24,Kharif,0.622717,6.3,maund/acre,2024-25(1).pdf,25,previous_year
Khanewal,Khanewal,Moong,2023-24,Kharif,0.888608,8.99,maund/acre,2024-25(1).pdf,25,previous_year
Khushab,Khushab,Moong,2023-24,Kharif,0.523873,5.3,maund/acre,2024-25(1).pdf,25,previous_year
Layyah,Layyah,Moong,2023-24,Kharif,0.624694,6.32,maund/acre,2024-25(1).pdf,25,previous_year
Lodhran,Lodhran,Moong,2023-24,Kharif,1.148567,11.62,maund/acre,2024-25(1).pdf,25,previous_year
Mianwali,Mianwali,Moong,2023-24,Kharif,0.739353,7.48,maund/acre,2024-25(1).pdf,25,previous_year
Multan,Multan,Moong,2023-24,Kharif,0.671151,6.79,maund/acre,2024-25(1).pdf,25,previous_year
Muzaffargarh,Muzzafargargh,Moong,2023-24,Kharif,0.797671,8.07,maund/acre,2024-25(1).pdf,25,previous_year
Okara,Okara,Moong,2023-24,Kharif,1.012163,10.24,maund/acre,2024-25(1).pdf,25,previous_year
Pakpattan,Pakpattan,Moong,2023-24,Kharif,1.282007,12.97,maund/acre,2024-25(1).pdf,25,previous_year
Rahim Yar Khan,Rahim Yar Khan,Moong,2023-24,Kharif,1.103099,11.16,maund/acre,2024-25(1).pdf,25,previous_year
Rajanpur,Rajan Pur,Moong,2023-24,Kharif,1.459926,14.77,maund/acre,2024-25(1).pdf,25,previous_year
Sahiwal,Sahiwal,Moong,2023-24,Kharif,1.135718,11.49,maund/acre,2024-25(1).pdf,25,previous_year
Sargodha,Sargodha,Moong,2023-24,Kharif,0.77296,7.82,maund/acre,2024-25(1).pdf,25,previous_year
Toba Tek Singh,T.T. Singh,Moong,2023-24,Kharif,1.081353,10.94,maund/acre,2024-25(1).pdf,25,previous_year
Vehari,Vehari,Moong,2023-24,Kharif,0.89948,9.1,maund/acre,2024-25(1).pdf,25,previous_year
Attock,Attock,Other Kharif Fruits,2023-24,Kharif,0.197688,2.0,maund/acre,2024-25(1).pdf,104,previous_year
Bahawalnagar,Bahawalnagar,Other Kharif Fruits,2023-24,Kharif,1.087284,11.0,maund/acre,2024-25(1).pdf,104,previous_year
Bahawalpur,Bahawalpur,Other Kharif Fruits,2023-24,Kharif,0.296532,3.0,maund/acre,2024-25(1).pdf,104,previous_year
Chakwal,Chakwal,Other Kharif Fruits,2023-24,Kharif,0.790752,8.0,maund/acre,2024-25(1).pdf,104,previous_year
Chiniot,Chiniot,Other Kharif Fruits,2023-24,Kharif,0.098844,1.0,maund/acre,2024-25(1).pdf,104,previous_year
Faisalabad,Faisalabad,Other Kharif Fruits,2023-24,Kharif,3.360696,34.0,maund/acre,2024-25(1).pdf,104,previous_year
Gujranwala,Gujranwala,Other Kharif Fruits,2023-24,Kharif,0.98844,10.0,maund/acre,2024-25(1).pdf,104,previous_year
Gujrat,Gujrat,Other Kharif Fruits,2023-24,Kharif,0.296532,3.0,maund/acre,2024-25(1).pdf,104,previous_year
Hafizabad,Hafizabad,Other Kharif Fruits,2023-24,Kharif,0.098844,1.0,maund/acre,2024-25(1).pdf,104,previous_year
Kasur,Kasur,Other Kharif Fruits,2023-24,Kharif,1.680348,17.0,maund/acre,2024-25(1).pdf,104,previous_year
Khanewal,Khanewal,Other Kharif Fruits,2023-24,Kharif,1.186128,12.0,maund/acre,2024-25(1).pdf,104,previous_year
Khushab,Khushab,Other Kharif Fruits,2023-24,Kharif,0.395376,4.0,maund/acre,2024-25(1).pdf,104,previous_year
Lahore,Lahore,Other Kharif Fruits,2023-24,Kharif,0.296532,3.0,maund/acre,2024-25(1).pdf,104,previous_year
Lodhran,Lodhran,Other Kharif Fruits,2023-24,Kharif,2.273412,23.0,maund/acre,2024-25(1).pdf,104,previous_year
Mandi Bahauddin,M.B.Din,Other Kharif Fruits,2023-24,Kharif,0.593064,6.0,maund/acre,2024-25(1).pdf,104,previous_year
Mianwali,Mianwali,Other Kharif Fruits,2023-24,Kharif,0.197688,2.0,maund/acre,2024-25(1).pdf,104,previous_year
Murree,Muree,Other Kharif Fruits,2023-24,Kharif,5.139888,52.0,maund/acre,2024-25(1).pdf,104,previous_year
Muzaffargarh,Muzaffargarh,Other Kharif Fruits,2023-24,Kharif,1.779192,18.0,maund/acre,2024-25(1).pdf,104,previous_year
Nankana Sahib,Nankana Sahib,Other Kharif Fruits,2023-24,Kharif,8.204,8204.0,kg/ha,2024-25(1).pdf,105,previous_year
Narowal,Narowal,Other Kharif Fruits,2023-24,Kharif,0.98844,10.0,maund/acre,2024-25(1).pdf,104,previous_year
Okara,Okara,Other Kharif Fruits,2023-24,Kharif,0.49422,5.0,maund/acre,2024-25(1).pdf,104,previous_year
Pakpattan,Pakpattan,Other Kharif Fruits,2023-24,Kharif,1.48266,15.0,maund/acre,2024-25(1).pdf,104,previous_year
Rahim Yar Khan,Rahim Yar Khan,Other Kharif Fruits,2023-24,Kharif,0.49422,5.0,maund/acre,2024-25(1).pdf,104,previous_year
Rawalpindi,RAWALPINDI DV:,Other Kharif Fruits,2023-24,Kharif,0.197688,2.0,maund/acre,2024-25(1).pdf,104,previous_year
Sahiwal,Sahiwal,Other Kharif Fruits,2023-24,Kharif,0.49422,5.0,maund/acre,2024-25(1).pdf,104,previous_year
Sargodha,Sargodha,Other Kharif Fruits,2023-24,Kharif,0.197688,2.0,maund/acre,2024-25(1).pdf,104,previous_year
Sheikhupura,Sheikhupura,Other Kharif Fruits,2023-24,Kharif,0.691908,7.0,maund/acre,2024-25(1).pdf,104,previous_year
Sialkot,Sialkot,Other Kharif Fruits,2023-24,Kharif,0.296532,3.0,maund/acre,2024-25(1).pdf,104,previous_year
Toba Tek Singh,T.T. Singh,Other Kharif Fruits,2023-24,Kharif,1.284972,13.0,maund/acre,2024-25(1).pdf,104,previous_year
Vehari,Vehari,Other Kharif Fruits,2023-24,Kharif,0.98844,10.0,maund/acre,2024-25(1).pdf,104,previous_year
Wazirabad,Wazirabad,Other Kharif Fruits,2023-24,Kharif,0.098844,1.0,maund/acre,2024-25(1).pdf,104,previous_year
Bahawalpur,Bahawalpur,Other Kharif Pulses,2023-24,Kharif,1.094203,11.07,maund/acre,2024-25(1).pdf,33,previous_year
Bhakkar,Bhakkar,Other Kharif Pulses,2023-24,Kharif,0.636555,6.44,maund/acre,2024-25(1).pdf,33,previous_year
Muzaffargarh,Muzaffargarh,Other Kharif Pulses,2023-24,Kharif,0.735399,7.44,maund/acre,2024-25(1).pdf,33,previous_year
Okara,Okara,Other Kharif Pulses,2023-24,Kharif,1.261249,12.76,maund/acre,2024-25(1).pdf,33,previous_year
Rahim Yar Khan,Rahim Yar Khan,Other Kharif Pulses,2023-24,Kharif,1.100134,11.13,maund/acre,2024-25(1).pdf,33,previous_year
Rawalpindi,Rawalpindi,Other Kharif Pulses,2023-24,Kharif,0.296532,3.0,maund/acre,2024-25(1).pdf,33,previous_year
Sheikhupura,Sheikhupura,Other Kharif Pulses,2023-24,Kharif,1.378874,13.95,maund/acre,2024-25(1).pdf,33,previous_year
Bahawalnagar,Bahawalnagar,Other Kharif Vegetables,2023-24,Kharif,5.070697,51.3,maund/acre,2024-25(1).pdf,88,previous_year
Bahawalpur,Bahawalpur,Other Kharif Vegetables,2023-24,Kharif,10.922262,110.5,maund/acre,2024-25(1).pdf,88,previous_year
Bhakkar,Bhakkar,Other Kharif Vegetables,2023-24,Kharif,4.44798,45.0,maund/acre,2024-25(1).pdf,88,previous_year
Chiniot,Chiniot,Other Kharif Vegetables,2023-24,Kharif,22.744004,230.1,maund/acre,2024-25(1).pdf,88,previous_year
Faisalabad,Faisalabad,Other Kharif Vegetables,2023-24,Kharif,7.294687,73.8,maund/acre,2024-25(1).pdf,88,previous_year
Gujranwala,Gujranwala,Other Kharif Vegetables,2023-24,Kharif,9.39018,95.0,maund/acre,2024-25(1).pdf,88,previous_year
Gujrat,Gujrat,Other Kharif Vegetables,2023-24,Kharif,9.736134,98.5,maund/acre,2024-25(1).pdf,88,previous_year
Hafizabad,Hafizabad,Other Kharif Vegetables,2023-24,Kharif,4.121795,41.7,maund/acre,2024-25(1).pdf,88,previous_year
Islamabad,Islamabad,Other Kharif Vegetables,2023-24,Kharif,9.093648,92.0,maund/acre,2024-25(1).pdf,88,previous_year
Kasur,Kasur,Other Kharif Vegetables,2023-24,Kharif,14.035848,142.0,maund/acre,2024-25(1).pdf,88,previous_year
Khanewal,Khanewal,Other Kharif Vegetables,2023-24,Kharif,11.86128,120.0,maund/acre,2024-25(1).pdf,88,previous_year
Kot Addu,Kot Addu,Other Kharif Vegetables,2023-24,Kharif,11.86128,120.0,maund/acre,2024-25(1).pdf,88,previous_year
Lahore,Lahore,Other Kharif Vegetables,2023-24,Kharif,13.83816,140.0,maund/acre,2024-25(1).pdf,88,previous_year
Layyah,Layyah,Other Kharif Vegetables,2023-24,Kharif,13.59105,137.5,maund/acre,2024-25(1).pdf,88,previous_year
Lodhran,Lodhran,Other Kharif Vegetables,2023-24,Kharif,5.218963,52.8,maund/acre,2024-25(1).pdf,88,previous_year
Mandi Bahauddin,M.B.Din,Other Kharif Vegetables,2023-24,Kharif,9.489024,96.0,maund/acre,2024-25(1).pdf,88,previous_year
Mianwali,Mianwali,Other Kharif Vegetables,2023-24,Kharif,10.87284,110.0,maund/acre,2024-25(1).pdf,88,previous_year
Multan,Multan,Other Kharif Vegetables,2023-24,Kharif,3.014742,30.5,maund/acre,2024-25(1).pdf,88,previous_year
Muzaffargarh,Muzaffargarh,Other Kharif Vegetables,2023-24,Kharif,9.993128,101.1,maund/acre,2024-25(1).pdf,88,previous_year
Nankana Sahib,Nankana Sahib,Other Kharif Vegetables,2023-24,Kharif,13.83816,140.0,maund/acre,2024-25(1).pdf,88,previous_year
Narowal,Narowal,Other Kharif Vegetables,2023-24,Kharif,5.139888,52.0,maund/acre,2024-25(1).pdf,88,previous_year
Okara,Okara,Other Kharif Vegetables,2023-24,Kharif,8.678503,87.8,maund/acre,2024-25(1).pdf,88,previous_year
Pakpattan,Pakpattan,Other Kharif Vegetables,2023-24,Kharif,15.56793,157.5,maund/acre,2024-25(1).pdf,88,previous_year
Rahim Yar Khan,Rahim Yar Khan,Other Kharif Vegetables,2023-24,Kharif,11.080412,112.1,maund/acre,2024-25(1).pdf,88,previous_year
Rajanpur,Rajan Pur,Other Kharif Vegetables,2023-24,Kharif,14.8266,150.0,maund/acre,2024-25(1).pdf,88,previous_year
Rawalpindi,Rawalpindi,Other Kharif Vegetables,2023-24,Kharif,9.400064,95.1,maund/acre,2024-25(1).pdf,88,previous_year
Sahiwal,Sahiwal,Other Kharif Vegetables,2023-24,Kharif,30.028807,303.8,maund/acre,2024-25(1).pdf,88,previous_year
Sargodha,Sargodha,Other Kharif Vegetables,2023-24,Kharif,18.641978,188.6,maund/acre,2024-25(1).pdf,88,previous_year
Sheikhupura,Sheikhupura,Other Kharif Vegetables,2023-24,Kharif,14.233536,144.0,maund/acre,2024-25(1).pdf,88,previous_year
Toba Tek Singh,T.T. Singh,Other Kharif Vegetables,2023-24,Kharif,3.835147,38.8,maund/acre,2024-25(1).pdf,88,previous_year
Vehari,Vehari,Other Kharif Vegetables,2023-24,Kharif,12.385153,125.3,maund/acre,2024-25(1).pdf,88,previous_year
Wazirabad,Wazirabad,Other Kharif Vegetables,2023-24,Kharif,2.96532,30.0,maund/acre,2024-25(1).pdf,88,previous_year
Attock,Attock,Other Rabi Fruits,2023-24,Other/Perennial,2.96532,30.0,maund/acre,2024-25(1).pdf,202,previous_year
Bahawalnagar,Bahawalnagar,Other Rabi Fruits,2023-24,Other/Perennial,6.721392,68.0,maund/acre,2024-25(1).pdf,202,previous_year
Bahawalpur,Bahawalpur,Other Rabi Fruits,2023-24,Other/Perennial,11.268216,114.0,maund/acre,2024-25(1).pdf,202,previous_year
Bhakkar,Bhakkar,Other Rabi Fruits,2023-24,Other/Perennial,2.866476,29.0,maund/acre,2024-25(1).pdf,202,previous_year
Chakwal,Chakwal,Other Rabi Fruits,2023-24,Other/Perennial,3.064164,31.0,maund/acre,2024-25(1).pdf,202,previous_year
Chiniot,Chiniot,Other Rabi Fruits,2023-24,Other/Perennial,2.4711,25.0,maund/acre,2024-25(1).pdf,202,previous_year
Dera Ghazi Khan,D.G. Khan,Other Rabi Fruits,2023-24,Other/Perennial,4.9422,50.0,maund/acre,2024-25(1).pdf,202,previous_year
Faisalabad,Faisalabad,Other Rabi Fruits,2023-24,Other/Perennial,12.652032,128.0,maund/acre,2024-25(1).pdf,202,previous_year
Jhang,Jhang,Other Rabi Fruits,2023-24,Other/Perennial,6.227172,63.0,maund/acre,2024-25(1).pdf,202,previous_year
Kasur,Kasur,Other Rabi Fruits,2023-24,Other/Perennial,12.948564,131.0,maund/acre,2024-25(1).pdf,202,previous_year
Khanewal,Khanewal,Other Rabi Fruits,2023-24,Other/Perennial,5.93064,60.0,maund/acre,2024-25(1).pdf,202,previous_year
Khushab,Khushab,Other Rabi Fruits,2023-24,Other/Perennial,4.9422,50.0,maund/acre,2024-25(1).pdf,202,previous_year
Kot Addu,Kot Addu,Other Rabi Fruits,2023-24,Other/Perennial,9.8844,100.0,maund/acre,2024-25(1).pdf,202,previous_year
Lahore,Lahore,Other Rabi Fruits,2023-24,Other/Perennial,12.3555,125.0,maund/acre,2024-25(1).pdf,202,previous_year
Layyah,Layyah,Other Rabi Fruits,2023-24,Other/Perennial,14.8266,150.0,maund/acre,2024-25(1).pdf,202,previous_year
Lodhran,Lodhran,Other Rabi Fruits,2023-24,Other/Perennial,5.041044,51.0,maund/acre,2024-25(1).pdf,202,previous_year
Mandi Bahauddin,M.B.Din,Other Rabi Fruits,2023-24,Other/Perennial,2.4711,25.0,maund/acre,2024-25(1).pdf,202,previous_year
Multan,Multan,Other Rabi Fruits,2023-24,Other/Perennial,12.454344,126.0,maund/acre,2024-25(1).pdf,202,previous_year
Murree,Muree,Other Rabi Fruits,2023-24,Other/Perennial,2.4711,25.0,maund/acre,2024-25(1).pdf,202,previous_year
Nankana Sahib,Nankana Sahib,Other Rabi Fruits,2023-24,Other/Perennial,4.9422,50.0,maund/acre,2024-25(1).pdf,202,previous_year
Narowal,Narowal,Other Rabi Fruits,2023-24,Other/Perennial,3.657228,37.0,maund/acre,2024-25(1).pdf,202,previous_year
Okara,Okara,Other Rabi Fruits,2023-24,Other/Perennial,14.628912,148.0,maund/acre,2024-25(1).pdf,202,previous_year
Pakpattan,Pakpattan,Other Rabi Fruits,2023-24,Other/Perennial,2.96532,30.0,maund/acre,2024-25(1).pdf,202,previous_year
Rahim Yar Khan,Rahim Yar Khan,Other Rabi Fruits,2023-24,Other/Perennial,18.384984,186.0,maund/acre,2024-25(1).pdf,202,previous_year
Rajanpur,Rajan Pur,Other Rabi Fruits,2023-24,Other/Perennial,8.994804,91.0,maund/acre,2024-25(1).pdf,202,previous_year
Rawalpindi,Rawalpindi,Other Rabi Fruits,2023-24,Other/Perennial,2.4711,25.0,maund/acre,2024-25(1).pdf,202,previous_year
Sahiwal,Sahiwal,Other Rabi Fruits,2023-24,Other/Perennial,4.052604,41.0,maund/acre,2024-25(1).pdf,202,previous_year
Sargodha,Sargodha,Other Rabi Fruits,2023-24,Other/Perennial,12.84972,130.0,maund/acre,2024-25(1).pdf,202,previous_year
Sheikhupura,Sheikhupura,Other Rabi Fruits,2023-24,Other/Perennial,7.512144,76.0,maund/acre,2024-25(1).pdf,202,previous_year
Sialkot,Sialkot,Other Rabi Fruits,2023-24,Other/Perennial,6.91908,70.0,maund/acre,2024-25(1).pdf,202,previous_year
Toba Tek Singh,T.T. Singh,Other Rabi Fruits,2023-24,Other/Perennial,12.84972,130.0,maund/acre,2024-25(1).pdf,202,previous_year
Vehari,Vehari,Other Rabi Fruits,2023-24,Other/Perennial,9.8844,100.0,maund/acre,2024-25(1).pdf,202,previous_year
Wazirabad,Wazirabad,Other Rabi Fruits,2023-24,Other/Perennial,2.075724,21.0,maund/acre,2024-25(1).pdf,202,previous_year
Attock,Attock,Other Rabi Vegetables,2023-24,Rabi,5.139888,52.0,maund/acre,2024-25(1).pdf,186,previous_year
Bahawalnagar,Bahawalnagar,Other Rabi Vegetables,2023-24,Rabi,7.709832,78.0,maund/acre,2024-25(1).pdf,186,previous_year
Bahawalpur,Bahawalpur,Other Rabi Vegetables,2023-24,Rabi,13.541628,137.0,maund/acre,2024-25(1).pdf,186,previous_year
Chakwal,Chakwal,Other Rabi Vegetables,2023-24,Rabi,17.2977,175.0,maund/acre,2024-25(1).pdf,186,previous_year
Chiniot,Chiniot,Other Rabi Vegetables,2023-24,Rabi,19.175736,194.0,maund/acre,2024-25(1).pdf,186,previous_year
Faisalabad,Faisalabad,Other Rabi Vegetables,2023-24,Rabi,17.693076,179.0,maund/acre,2024-25(1).pdf,186,previous_year
Gujranwala,Gujranwala,Other Rabi Vegetables,2023-24,Rabi,15.617352,158.0,maund/acre,2024-25(1).pdf,186,previous_year
Gujrat,Gujrat,Other Rabi Vegetables,2023-24,Rabi,9.8844,100.0,maund/acre,2024-25(1).pdf,186,previous_year
Hafizabad,Hafizabad,Other Rabi Vegetables,2023-24,Rabi,7.116768,72.0,maund/acre,2024-25(1).pdf,186,previous_year
Islamabad,Islamabad,Other Rabi Vegetables,2023-24,Rabi,1.087284,11.0,maund/acre,2024-25(1).pdf,186,previous_year
Jhang,Jhang,Other Rabi Vegetables,2023-24,Rabi,10.279776,104.0,maund/acre,2024-25(1).pdf,186,previous_year
Jhelum,Jhelum,Other Rabi Vegetables,2023-24,Rabi,6.91908,70.0,maund/acre,2024-25(1).pdf,186,previous_year
Kasur,Kasur,Other Rabi Vegetables,2023-24,Rabi,11.762436,119.0,maund/acre,2024-25(1).pdf,186,previous_year
Khanewal,Khanewal,Other Rabi Vegetables,2023-24,Rabi,6.91908,70.0,maund/acre,2024-25(1).pdf,186,previous_year
Khushab,Khushab,Other Rabi Vegetables,2023-24,Rabi,13.146252,133.0,maund/acre,2024-25(1).pdf,186,previous_year
Lahore,Lahore,Other Rabi Vegetables,2023-24,Rabi,19.669956,199.0,maund/acre,2024-25(1).pdf,186,previous_year
Lodhran,Lodhran,Other Rabi Vegetables,2023-24,Rabi,14.33238,145.0,maund/acre,2024-25(1).pdf,186,previous_year
Multan,Multan,Other Rabi Vegetables,2023-24,Rabi,8.89596,90.0,maund/acre,2024-25(1).pdf,186,previous_year
Muzaffargarh,Muzaffargarh,Other Rabi Vegetables,2023-24,Rabi,32.025456,324.0,maund/acre,2024-25(1).pdf,186,previous_year
Nankana Sahib,Nankana Sahib,Other Rabi Vegetables,2023-24,Rabi,9.785556,99.0,maund/acre,2024-25(1).pdf,186,previous_year
Narowal,Narowal,Other Rabi Vegetables,2023-24,Rabi,27.478632,278.0,maund/acre,2024-25(1).pdf,186,previous_year
Okara,Okara,Other Rabi Vegetables,2023-24,Rabi,13.83816,140.0,maund/acre,2024-25(1).pdf,186,previous_year
Pakpattan,Pakpattan,Other Rabi Vegetables,2023-24,Rabi,9.291336,94.0,maund/acre,2024-25(1).pdf,186,previous_year
Rahim Yar Khan,Rahim Yar Khan,Other Rabi Vegetables,2023-24,Rabi,9.192492,93.0,maund/acre,2024-25(1).pdf,186,previous_year
Rawalpindi,Rawalpindi,Other Rabi Vegetables,2023-24,Rabi,1.087284,11.0,maund/acre,2024-25(1).pdf,186,previous_year
Sahiwal,Sahiwal,Other Rabi Vegetables,2023-24,Rabi,4.052604,41.0,maund/acre,2024-25(1).pdf,186,previous_year
Sargodha,Sargodha,Other Rabi Vegetables,2023-24,Rabi,16.80348,170.0,maund/acre,2024-25(1).pdf,186,previous_year
Sheikhupura,Sheikhupura,Other Rabi Vegetables,2023-24,Rabi,12.157812,123.0,maund/acre,2024-25(1).pdf,186,previous_year
Sialkot,Sialkot,Other Rabi Vegetables,2023-24,Rabi,3.756072,38.0,maund/acre,2024-25(1).pdf,186,previous_year
Talagang,Talagang,Other Rabi Vegetables,2023-24,Rabi,5.634108,57.0,maund/acre,2024-25(1).pdf,186,previous_year
Toba Tek Singh,T.T. Singh,Other Rabi Vegetables,2023-24,Rabi,13.442784,136.0,maund/acre,2024-25(1).pdf,186,previous_year
Vehari,Vehari,Other Rabi Vegetables,2023-24,Rabi,7.116768,72.0,maund/acre,2024-25(1).pdf,186,previous_year
Wazirabad,Wazirabad,Other Rabi Vegetables,2023-24,Rabi,8.89596,90.0,maund/acre,2024-25(1).pdf,186,previous_year
Attock,Attock,Peach,2023-24,Kharif,10.576308,107.0,maund/acre,2024-25(1).pdf,100,previous_year
Bahawalnagar,Bahawalnagar,Peach,2023-24,Kharif,5.070697,51.3,maund/acre,2024-25(1).pdf,100,previous_year
Bahawalpur,Bahawalpur,Peach,2023-24,Kharif,5.93064,60.0,maund/acre,2024-25(1).pdf,100,previous_year
Bhakkar,Bhakkar,Peach,2023-24,Kharif,16.012728,162.0,maund/acre,2024-25(1).pdf,100,previous_year
Chakwal,Chakwal,Peach,2023-24,Kharif,2.451331,24.8,maund/acre,2024-25(1).pdf,100,previous_year
Chiniot,Chiniot,Peach,2023-24,Kharif,9.113417,92.2,maund/acre,2024-25(1).pdf,100,previous_year
Dera Ghazi Khan,D.G. Khan,Peach,2023-24,Kharif,4.250292,43.0,maund/acre,2024-25(1).pdf,100,previous_year
Faisalabad,Faisalabad,Peach,2023-24,Kharif,12.286309,124.3,maund/acre,2024-25(1).pdf,100,previous_year
Gujranwala,Gujranwala,Peach,2023-24,Kharif,5.238732,53.0,maund/acre,2024-25(1).pdf,100,previous_year
Gujrat,Gujrat,Peach,2023-24,Kharif,5.43642,55.0,maund/acre,2024-25(1).pdf,100,previous_year
Hafizabad,Hafizabad,Peach,2023-24,Kharif,11.495557,116.3,maund/acre,2024-25(1).pdf,100,previous_year
Jhang,Jhang,Peach,2023-24,Kharif,10.082088,102.0,maund/acre,2024-25(1).pdf,100,previous_year
Jhelum,Jhelum,Peach,2023-24,Kharif,9.113417,92.2,maund/acre,2024-25(1).pdf,100,previous_year
Kasur,Kasur,Peach,2023-24,Kharif,24.711,250.0,maund/acre,2024-25(1).pdf,100,previous_year
Khanewal,Khanewal,Peach,2023-24,Kharif,8.698272,88.0,maund/acre,2024-25(1).pdf,100,previous_year
Khushab,Khushab,Peach,2023-24,Kharif,11.36706,115.0,maund/acre,2024-25(1).pdf,100,previous_year
Lodhran,Lodhran,Peach,2023-24,Kharif,8.40174,85.0,maund/acre,2024-25(1).pdf,100,previous_year
Mandi Bahauddin,M.B.Din,Peach,2023-24,Kharif,2.362372,23.9,maund/acre,2024-25(1).pdf,100,previous_year
Mianwali,Mianwali,Peach,2023-24,Kharif,7.90752,80.0,maund/acre,2024-25(1).pdf,100,previous_year
Multan,Multan,Peach,2023-24,Kharif,7.90752,80.0,maund/acre,2024-25(1).pdf,100,previous_year
Murree,Muree,Peach,2023-24,Kharif,4.546824,46.0,maund/acre,2024-25(1).pdf,100,previous_year
Nankana Sahib,Nankana Sahib,Peach,2023-24,Kharif,10.37862,105.0,maund/acre,2024-25(1).pdf,100,previous_year
Narowal,Narowal,Peach,2023-24,Kharif,8.925613,90.3,maund/acre,2024-25(1).pdf,100,previous_year
Okara,Okara,Peach,2023-24,Kharif,9.350642,94.6,maund/acre,2024-25(1).pdf,100,previous_year
Pakpattan,Pakpattan,Peach,2023-24,Kharif,4.428211,44.8,maund/acre,2024-25(1).pdf,100,previous_year
Rahim Yar Khan,Rahim Yar Khan,Peach,2023-24,Kharif,2.4711,25.0,maund/acre,2024-25(1).pdf,100,previous_year
Rawalpindi,Rawalpindi,Peach,2023-24,Kharif,10.675152,108.0,maund/acre,2024-25(1).pdf,100,previous_year
Sahiwal,Sahiwal,Peach,2023-24,Kharif,7.16619,72.5,maund/acre,2024-25(1).pdf,100,previous_year
Sargodha,Sargodha,Peach,2023-24,Kharif,11.643823,117.8,maund/acre,2024-25(1).pdf,100,previous_year
Sialkot,Sialkot,Peach,2023-24,Kharif,7.90752,80.0,maund/acre,2024-25(1).pdf,100,previous_year
Toba Tek Singh,T.T. Singh,Peach,2023-24,Kharif,3.95376,40.0,maund/acre,2024-25(1).pdf,100,previous_year
Vehari,Vehari,Peach,2023-24,Kharif,15.81504,160.0,maund/acre,2024-25(1).pdf,100,previous_year
Wazirabad,Wazirabad,Peach,2023-24,Kharif,5.93064,60.0,maund/acre,2024-25(1).pdf,100,previous_year
Bahawalnagar,Bahawalnagar,Phalsa,2023-24,Kharif,3.074048,31.1,maund/acre,2024-25(1).pdf,98,previous_year
Bahawalpur,Bahawalpur,Phalsa,2023-24,Kharif,5.950409,60.2,maund/acre,2024-25(1).pdf,98,previous_year
Bhakkar,Bhakkar,Phalsa,2023-24,Kharif,2.96532,30.0,maund/acre,2024-25(1).pdf,98,previous_year
Dera Ghazi Khan,D.G. Khan,Phalsa,2023-24,Kharif,3.420002,34.6,maund/acre,2024-25(1).pdf,98,previous_year
Faisalabad,Faisalabad,Phalsa,2023-24,Kharif,2.96532,30.0,maund/acre,2024-25(1).pdf,98,previous_year
Gujranwala,Gujranwala,Phalsa,2023-24,Kharif,4.250292,43.0,maund/acre,2024-25(1).pdf,98,previous_year
Hafizabad,Hafizabad,Phalsa,2023-24,Kharif,5.120119,51.8,maund/acre,2024-25(1).pdf,98,previous_year
Jhang,Jhang,Phalsa,2023-24,Kharif,4.981738,50.4,maund/acre,2024-25(1).pdf,98,previous_year
Kasur,Kasur,Phalsa,2023-24,Kharif,6.948733,70.3,maund/acre,2024-25(1).pdf,98,previous_year
Khanewal,Khanewal,Phalsa,2023-24,Kharif,3.014742,30.5,maund/acre,2024-25(1).pdf,98,previous_year
Lahore,Lahore,Phalsa,2023-24,Kharif,9.23203,93.4,maund/acre,2024-25(1).pdf,98,previous_year
Lodhran,Lodhran,Phalsa,2023-24,Kharif,9.686712,98.0,maund/acre,2024-25(1).pdf,98,previous_year
Mianwali,Mianwali,Phalsa,2023-24,Kharif,5.03116,50.9,maund/acre,2024-25(1).pdf,98,previous_year
Multan,Multan,Phalsa,2023-24,Kharif,5.960293,60.3,maund/acre,2024-25(1).pdf,98,previous_year
Muzaffargarh,Muzaffargarh,Phalsa,2023-24,Kharif,6.148097,62.2,maund/acre,2024-25(1).pdf,98,previous_year
Nankana Sahib,Nankana Sahib,Phalsa,2023-24,Kharif,3.676997,37.2,maund/acre,2024-25(1).pdf,98,previous_year
Okara,Okara,Phalsa,2023-24,Kharif,3.854916,39.0,maund/acre,2024-25(1).pdf,98,previous_year
Pakpattan,Pakpattan,Phalsa,2023-24,Kharif,6.91908,70.0,maund/acre,2024-25(1).pdf,98,previous_year
Rahim Yar Khan,Rahim Yar Khan,Phalsa,2023-24,Kharif,1.581504,16.0,maund/acre,2024-25(1).pdf,98,previous_year
Rajanpur,Rajan Pur,Phalsa,2023-24,Kharif,2.96532,30.0,maund/acre,2024-25(1).pdf,98,previous_year
Sahiwal,Sahiwal,Phalsa,2023-24,Kharif,0.889596,9.0,maund/acre,2024-25(1).pdf,98,previous_year
Sargodha,Sargodha,Phalsa,2023-24,Kharif,4.546824,46.0,maund/acre,2024-25(1).pdf,98,previous_year
Sheikhupura,Sheikhupura,Phalsa,2023-24,Kharif,4.44798,45.0,maund/acre,2024-25(1).pdf,98,previous_year
Vehari,Vehari,Phalsa,2023-24,Kharif,7.887751,79.8,maund/acre,2024-25(1).pdf,98,previous_year
Bahawalnagar,Bahawalnagar,Pomegranate,2023-24,Kharif,12.671801,128.2,maund/acre,2024-25(1).pdf,96,previous_year
Bahawalpur,Bahawalpur,Pomegranate,2023-24,Kharif,9.083764,91.9,maund/acre,2024-25(1).pdf,96,previous_year
Faisalabad,Faisalabad,Pomegranate,2023-24,Kharif,5.643992,57.1,maund/acre,2024-25(1).pdf,96,previous_year
Jhang,Jhang,Pomegranate,2023-24,Kharif,1.97688,20.0,maund/acre,2024-25(1).pdf,96,previous_year
Jhelum,Jhelum,Pomegranate,2023-24,Kharif,4.586362,46.4,maund/acre,2024-25(1).pdf,96,previous_year
Kasur,Kasur,Pomegranate,2023-24,Kharif,6.91908,70.0,maund/acre,2024-25(1).pdf,96,previous_year
Khanewal,Khanewal,Pomegranate,2023-24,Kharif,4.546824,46.0,maund/acre,2024-25(1).pdf,96,previous_year
Khushab,Khushab,Pomegranate,2023-24,Kharif,6.029484,61.0,maund/acre,2024-25(1).pdf,96,previous_year
Kot Addu,Kot Addu,Pomegranate,2023-24,Kharif,2.22399,22.5,maund/acre,2024-25(1).pdf,96,previous_year
Layyah,Layyah,Pomegranate,2023-24,Kharif,2.055955,20.8,maund/acre,2024-25(1).pdf,96,previous_year
Lodhran,Lodhran,Pomegranate,2023-24,Kharif,11.268216,114.0,maund/acre,2024-25(1).pdf,96,previous_year
Mandi Bahauddin,M.B.Din,Pomegranate,2023-24,Kharif,5.139888,52.0,maund/acre,2024-25(1).pdf,96,previous_year
Mianwali,Mianwali,Pomegranate,2023-24,Kharif,5.93064,60.0,maund/acre,2024-25(1).pdf,96,previous_year
Multan,Multan,Pomegranate,2023-24,Kharif,9.182608,92.9,maund/acre,2024-25(1).pdf,96,previous_year
Muzaffargarh,Muzaffargarh,Pomegranate,2023-24,Kharif,6.909196,69.9,maund/acre,2024-25(1).pdf,96,previous_year
Nankana Sahib,Nankana Sahib,Pomegranate,2023-24,Kharif,6.91908,70.0,maund/acre,2024-25(1).pdf,96,previous_year
Okara,Okara,Pomegranate,2023-24,Kharif,7.709832,78.0,maund/acre,2024-25(1).pdf,96,previous_year
Pakpattan,Pakpattan,Pomegranate,2023-24,Kharif,8.055786,81.5,maund/acre,2024-25(1).pdf,96,previous_year
Rahim Yar Khan,Rahim Yar Khan,Pomegranate,2023-24,Kharif,13.393362,135.5,maund/acre,2024-25(1).pdf,96,previous_year
Rajanpur,Rajan Pur,Pomegranate,2023-24,Kharif,5.940524,60.1,maund/acre,2024-25(1).pdf,96,previous_year
Rawalpindi,RAWALPINDI DV:,Pomegranate,2023-24,Kharif,4.586362,46.4,maund/acre,2024-25(1).pdf,96,previous_year
Sahiwal,Sahiwal,Pomegranate,2023-24,Kharif,2.342603,23.7,maund/acre,2024-25(1).pdf,96,previous_year
Toba Tek Singh,T.T. Singh,Pomegranate,2023-24,Kharif,3.785725,38.3,maund/acre,2024-25(1).pdf,96,previous_year
Vehari,Vehari,Pomegranate,2023-24,Kharif,6.375438,64.5,maund/acre,2024-25(1).pdf,96,previous_year
Wazirabad,Wazirabad,Pomegranate,2023-24,Kharif,4.9422,50.0,maund/acre,2024-25(1).pdf,96,previous_year
Bahawalnagar,Bahawalnagar,Pumpkin,2023-24,Kharif,5.673646,57.4,maund/acre,2024-25(1).pdf,70,previous_year
Bhakkar,Bhakkar,Pumpkin,2023-24,Kharif,11.564748,117.0,maund/acre,2024-25(1).pdf,70,previous_year
Chakwal,Chakwal,Pumpkin,2023-24,Kharif,6.91908,70.0,maund/acre,2024-25(1).pdf,70,previous_year
Chiniot,Chiniot,Pumpkin,2023-24,Kharif,18.256487,184.7,maund/acre,2024-25(1).pdf,70,previous_year
Gujranwala,Gujranwala,Pumpkin,2023-24,Kharif,15.024288,152.0,maund/acre,2024-25(1).pdf,70,previous_year
Gujrat,Gujrat,Pumpkin,2023-24,Kharif,22.230016,224.9,maund/acre,2024-25(1).pdf,70,previous_year
Hafizabad,Hafizabad,Pumpkin,2023-24,Kharif,13.34394,135.0,maund/acre,2024-25(1).pdf,70,previous_year
Kasur,Kasur,Pumpkin,2023-24,Kharif,18.78036,190.0,maund/acre,2024-25(1).pdf,70,previous_year
Khanewal,Khanewal,Pumpkin,2023-24,Kharif,20.75724,210.0,maund/acre,2024-25(1).pdf,70,previous_year
Kot Addu,Kot Addu,Pumpkin,2023-24,Kharif,21.874177,221.3,maund/acre,2024-25(1).pdf,70,previous_year
Lahore,Lahore,Pumpkin,2023-24,Kharif,10.87284,110.0,maund/acre,2024-25(1).pdf,70,previous_year
Mandi Bahauddin,M.B.Din,Pumpkin,2023-24,Kharif,13.166021,133.2,maund/acre,2024-25(1).pdf,70,previous_year
Muzaffargarh,Muzaffargarh,Pumpkin,2023-24,Kharif,20.75724,210.0,maund/acre,2024-25(1).pdf,70,previous_year
Nankana Sahib,Nankana Sahib,Pumpkin,2023-24,Kharif,16.71452,169.1,maund/acre,2024-25(1).pdf,70,previous_year
Narowal,Narowal,Pumpkin,2023-24,Kharif,13.83816,140.0,maund/acre,2024-25(1).pdf,70,previous_year
Rahim Yar Khan,Rahim Yar Khan,Pumpkin,2023-24,Kharif,19.887413,201.2,maund/acre,2024-25(1).pdf,70,previous_year
Rawalpindi,RAWALPINDI DV:,Pumpkin,2023-24,Kharif,6.91908,70.0,maund/acre,2024-25(1).pdf,70,previous_year
Sialkot,Sialkot,Pumpkin,2023-24,Kharif,18.582672,188.0,maund/acre,2024-25(1).pdf,70,previous_year
Toba Tek Singh,T.T. Singh,Pumpkin,2023-24,Kharif,39.5376,400.0,maund/acre,2024-25(1).pdf,70,previous_year
Vehari,Vehari,Pumpkin,2023-24,Kharif,23.72256,240.0,maund/acre,2024-25(1).pdf,70,previous_year
Attock,Attock,Rabi Fodder,2023-24,Rabi,42.107544,426.0,maund/acre,2024-25(1).pdf,128,previous_year
Bahawalnagar,Bahawalnagar,Rabi Fodder,2023-24,Rabi,67.312764,681.0,maund/acre,2024-25(1).pdf,128,previous_year
Bahawalpur,Bahawalpur,Rabi Fodder,2023-24,Rabi,65.138196,659.0,maund/acre,2024-25(1).pdf,128,previous_year
Bhakkar,Bhakkar,Rabi Fodder,2023-24,Rabi,76.999476,779.0,maund/acre,2024-25(1).pdf,128,previous_year
Chakwal,Chakwal,Rabi Fodder,2023-24,Rabi,38.05494,385.0,maund/acre,2024-25(1).pdf,128,previous_year
Chiniot,Chiniot,Rabi Fodder,2023-24,Rabi,81.5463,825.0,maund/acre,2024-25(1).pdf,128,previous_year
Dera Ghazi Khan,D.G. Khan,Rabi Fodder,2023-24,Rabi,60.78906,615.0,maund/acre,2024-25(1).pdf,128,previous_year
Faisalabad,Faisalabad,Rabi Fodder,2023-24,Rabi,90.639948,917.0,maund/acre,2024-25(1).pdf,128,previous_year
Gujranwala,Gujranwala,Rabi Fodder,2023-24,Rabi,85.302372,863.0,maund/acre,2024-25(1).pdf,128,previous_year
Gujrat,Gujrat,Rabi Fodder,2023-24,Rabi,74.528376,754.0,maund/acre,2024-25(1).pdf,128,previous_year
Hafizabad,Hafizabad,Rabi Fodder,2023-24,Rabi,88.9596,900.0,maund/acre,2024-25(1).pdf,128,previous_year
Jhang,Jhang,Rabi Fodder,2023-24,Rabi,94.297176,954.0,maund/acre,2024-25(1).pdf,128,previous_year
Jhelum,Jhelum,Rabi Fodder,2023-24,Rabi,67.21392,680.0,maund/acre,2024-25(1).pdf,128,previous_year
Kasur,Kasur,Rabi Fodder,2023-24,Rabi,78.58098,795.0,maund/acre,2024-25(1).pdf,128,previous_year
Khanewal,Khanewal,Rabi Fodder,2023-24,Rabi,78.679824,796.0,maund/acre,2024-25(1).pdf,128,previous_year
Khushab,Khushab,Rabi Fodder,2023-24,Rabi,59.009868,597.0,maund/acre,2024-25(1).pdf,128,previous_year
Kot Addu,Kot Addu,Rabi Fodder,2023-24,Rabi,77.197164,781.0,maund/acre,2024-25(1).pdf,128,previous_year
Lahore,Lahore,Rabi Fodder,2023-24,Rabi,72.15612,730.0,maund/acre,2024-25(1).pdf,128,previous_year
Layyah,Layyah,Rabi Fodder,2023-24,Rabi,51.8931,525.0,maund/acre,2024-25(1).pdf,128,previous_year
Lodhran,Lodhran,Rabi Fodder,2023-24,Rabi,72.946872,738.0,maund/acre,2024-25(1).pdf,128,previous_year
Mandi Bahauddin,M.B.Din,Rabi Fodder,2023-24,Rabi,84.313932,853.0,maund/acre,2024-25(1).pdf,128,previous_year
Mianwali,Mianwali,Rabi Fodder,2023-24,Rabi,53.276916,539.0,maund/acre,2024-25(1).pdf,128,previous_year
Multan,Multan,Rabi Fodder,2023-24,Rabi,65.830104,666.0,maund/acre,2024-25(1).pdf,128,previous_year
Muzaffargarh,Muzzafargargh,Rabi Fodder,2023-24,Rabi,76.702944,776.0,maund/acre,2024-25(1).pdf,128,previous_year
Nankana Sahib,Nankana Sahib,Rabi Fodder,2023-24,Rabi,79.56942,805.0,maund/acre,2024-25(1).pdf,128,previous_year
Narowal,Narowal,Rabi Fodder,2023-24,Rabi,77.691384,786.0,maund/acre,2024-25(1).pdf,128,previous_year
Okara,Okara,Rabi Fodder,2023-24,Rabi,71.760744,726.0,maund/acre,2024-25(1).pdf,128,previous_year
Pakpattan,Pakpattan,Rabi Fodder,2023-24,Rabi,78.383292,793.0,maund/acre,2024-25(1).pdf,128,previous_year
Rahim Yar Khan,Rahim Yar Khan,Rabi Fodder,2023-24,Rabi,73.045716,739.0,maund/acre,2024-25(1).pdf,128,previous_year
Rajanpur,Rajan Pur,Rabi Fodder,2023-24,Rabi,62.172876,629.0,maund/acre,2024-25(1).pdf,128,previous_year
Rawalpindi,Rawalpindi,Rabi Fodder,2023-24,Rabi,48.730092,493.0,maund/acre,2024-25(1).pdf,128,previous_year
Sahiwal,Sahiwal,Rabi Fodder,2023-24,Rabi,74.429532,753.0,maund/acre,2024-25(1).pdf,128,previous_year
Sargodha,Sargodha,Rabi Fodder,2023-24,Rabi,74.923752,758.0,maund/acre,2024-25(1).pdf,128,previous_year
Sheikhupura,Sheikhupura,Rabi Fodder,2023-24,Rabi,91.035324,921.0,maund/acre,2024-25(1).pdf,128,previous_year
Sialkot,Sialkot,Rabi Fodder,2023-24,Rabi,70.67346,715.0,maund/acre,2024-25(1).pdf,128,previous_year
Talagang,Talagang,Rabi Fodder,2023-24,Rabi,33.903492,343.0,maund/acre,2024-25(1).pdf,128,previous_year
Toba Tek Singh,T.T. Singh,Rabi Fodder,2023-24,Rabi,81.842832,828.0,maund/acre,2024-25(1).pdf,128,previous_year
Vehari,Vehari,Rabi Fodder,2023-24,Rabi,76.307568,772.0,maund/acre,2024-25(1).pdf,128,previous_year
Wazirabad,Wazirabad,Rabi Fodder,2023-24,Rabi,68.20236,690.0,maund/acre,2024-25(1).pdf,128,previous_year
Attock,Attock,Rapeseed & Mustard,2023-24,Rabi,0.485324,4.91,maund/acre,2024-25(1).pdf,131,previous_year
Bahawalnagar,Bahawalnagar,Rapeseed & Mustard,2023-24,Rabi,1.308695,13.24,maund/acre,2024-25(1).pdf,131,previous_year
Bahawalpur,Bahawalpur,Rapeseed & Mustard,2023-24,Rabi,1.582492,16.01,maund/acre,2024-25(1).pdf,131,previous_year
Bhakkar,Bhakkar,Rapeseed & Mustard,2023-24,Rabi,0.896515,9.07,maund/acre,2024-25(1).pdf,131,previous_year
Chakwal,Chakwal,Rapeseed & Mustard,2023-24,Rabi,0.984486,9.96,maund/acre,2024-25(1).pdf,131,previous_year
Chiniot,Chiniot,Rapeseed & Mustard,2023-24,Rabi,1.560747,15.79,maund/acre,2024-25(1).pdf,131,previous_year
Dera Ghazi Khan,D.G. Khan,Rapeseed & Mustard,2023-24,Rabi,1.116937,11.3,maund/acre,2024-25(1).pdf,131,previous_year
Faisalabad,Faisalabad,Rapeseed & Mustard,2023-24,Rabi,1.616099,16.35,maund/acre,2024-25(1).pdf,131,previous_year
Gujranwala,Gujranwala,Rapeseed & Mustard,2023-24,Rabi,0.98844,10.0,maund/acre,2024-25(1).pdf,131,previous_year
Gujrat,Gujrat,Rapeseed & Mustard,2023-24,Rabi,0.636555,6.44,maund/acre,2024-25(1).pdf,131,previous_year
Jhang,Jhang,Rapeseed & Mustard,2023-24,Rabi,1.536036,15.54,maund/acre,2024-25(1).pdf,131,previous_year
Jhelum,Jhelum,Rapeseed & Mustard,2023-24,Rabi,0.595041,6.02,maund/acre,2024-25(1).pdf,131,previous_year
Kasur,Kasur,Rapeseed & Mustard,2023-24,Rabi,1.338348,13.54,maund/acre,2024-25(1).pdf,131,previous_year
Khanewal,Khanewal,Rapeseed & Mustard,2023-24,Rabi,1.403585,14.2,maund/acre,2024-25(1).pdf,131,previous_year
Khushab,Khushab,Rapeseed & Mustard,2023-24,Rabi,0.909365,9.2,maund/acre,2024-25(1).pdf,131,previous_year
Kot Addu,Kot Addu,Rapeseed & Mustard,2023-24,Rabi,1.657614,16.77,maund/acre,2024-25(1).pdf,131,previous_year
Lahore,Lahore,Rapeseed & Mustard,2023-24,Rabi,1.341313,13.57,maund/acre,2024-25(1).pdf,131,previous_year
Layyah,Layyah,Rapeseed & Mustard,2023-24,Rabi,1.486614,15.04,maund/acre,2024-25(1).pdf,131,previous_year
Lodhran,Lodhran,Rapeseed & Mustard,2023-24,Rabi,1.272122,12.87,maund/acre,2024-25(1).pdf,131,previous_year
Mianwali,Mianwali,Rapeseed & Mustard,2023-24,Rabi,1.366024,13.82,maund/acre,2024-25(1).pdf,131,previous_year
Multan,Multan,Rapeseed & Mustard,2023-24,Rabi,1.682325,17.02,maund/acre,2024-25(1).pdf,131,previous_year
Muzaffargarh,Muzzafargargh,Rapeseed & Mustard,2023-24,Rabi,1.428296,14.45,maund/acre,2024-25(1).pdf,131,previous_year
Nankana Sahib,Nankana Sahib,Rapeseed & Mustard,2023-24,Rabi,1.423354,14.4,maund/acre,2024-25(1).pdf,131,previous_year
Narowal,Narowal,Rapeseed & Mustard,2023-24,Rabi,0.597018,6.04,maund/acre,2024-25(1).pdf,131,previous_year
Okara,Okara,Rapeseed & Mustard,2023-24,Rabi,1.537024,15.55,maund/acre,2024-25(1).pdf,131,previous_year
Pakpattan,Pakpattan,Rapeseed & Mustard,2023-24,Rabi,1.549874,15.68,maund/acre,2024-25(1).pdf,131,previous_year
Rahim Yar Khan,Rahim Yar Khan,Rapeseed & Mustard,2023-24,Rabi,1.544932,15.63,maund/acre,2024-25(1).pdf,131,previous_year
Rajanpur,Rajan Pur,Rapeseed & Mustard,2023-24,Rabi,1.101122,11.14,maund/acre,2024-25(1).pdf,131,previous_year
Rawalpindi,Rawalpindi,Rapeseed & Mustard,2023-24,Rabi,0.3677,3.72,maund/acre,2024-25(1).pdf,131,previous_year
Sahiwal,Sahiwal,Rapeseed & Mustard,2023-24,Rabi,1.402596,14.19,maund/acre,2024-25(1).pdf,131,previous_year
Sargodha,Sargodha,Rapeseed & Mustard,2023-24,Rabi,1.28596,13.01,maund/acre,2024-25(1).pdf,131,previous_year
Sheikhupura,Sheikhupura,Rapeseed & Mustard,2023-24,Rabi,1.779192,18.0,maund/acre,2024-25(1).pdf,131,previous_year
Sialkot,Sialkot,Rapeseed & Mustard,2023-24,Rabi,1.087284,11.0,maund/acre,2024-25(1).pdf,131,previous_year
Talagang,Talagang,Rapeseed & Mustard,2023-24,Rabi,0.805579,8.15,maund/acre,2024-25(1).pdf,131,previous_year
Toba Tek Singh,T.T. Singh,Rapeseed & Mustard,2023-24,Rabi,1.210839,12.25,maund/acre,2024-25(1).pdf,131,previous_year
Vehari,Vehari,Rapeseed & Mustard,2023-24,Rabi,1.452018,14.69,maund/acre,2024-25(1).pdf,131,previous_year
Bahawalnagar,Bahawalnagar,Rice,2023-24,Kharif,2.553141,25.83,maund/acre,2024-25(1).pdf,10,previous_year
Bahawalpur,Bahawalpur,Rice,2023-24,Kharif,2.247713,22.74,maund/acre,2024-25(1).pdf,10,previous_year
Bhakkar,Bhakkar,Rice,2023-24,Kharif,2.71821,27.5,maund/acre,2024-25(1).pdf,10,previous_year
Chiniot,Chiniot,Rice,2023-24,Kharif,2.437493,24.66,maund/acre,2024-25(1).pdf,10,previous_year
Dera Ghazi Khan,D.G. Khan,Rice,2023-24,Kharif,3.386395,34.26,maund/acre,2024-25(1).pdf,10,previous_year
Faisalabad,Faisalabad,Rice,2023-24,Kharif,2.405863,24.34,maund/acre,2024-25(1).pdf,10,previous_year
Gujranwala,Gujranwala,Rice,2023-24,Kharif,2.176545,22.02,maund/acre,2024-25(1).pdf,10,previous_year
Gujrat,Gujrat,Rice,2023-24,Kharif,1.878036,19.0,maund/acre,2024-25(1).pdf,10,previous_year
Hafizabad,Hafizabad,Rice,2023-24,Kharif,2.238817,22.65,maund/acre,2024-25(1).pdf,10,previous_year
Jhang,Jhang,Rice,2023-24,Kharif,2.396967,24.25,maund/acre,2024-25(1).pdf,10,previous_year
Jhelum,Jhelum,Rice,2023-24,Kharif,2.259574,22.86,maund/acre,2024-25(1).pdf,10,previous_year
Kasur,Kasur,Rice,2023-24,Kharif,2.405863,24.34,maund/acre,2024-25(1).pdf,10,previous_year
Khanewal,Khanewal,Rice,2023-24,Kharif,2.679661,27.11,maund/acre,2024-25(1).pdf,10,previous_year
Khushab,Khushab,Rice,2023-24,Kharif,1.941296,19.64,maund/acre,2024-25(1).pdf,10,previous_year
Kot Addu,Kot Addu,Rice,2023-24,Kharif,1.942285,19.65,maund/acre,2024-25(1).pdf,10,previous_year
Lahore,Lahore,Rice,2023-24,Kharif,2.118227,21.43,maund/acre,2024-25(1).pdf,10,previous_year
Layyah,Layyah,Rice,2023-24,Kharif,2.273412,23.0,maund/acre,2024-25(1).pdf,10,previous_year
Lodhran,Lodhran,Rice,2023-24,Kharif,2.291204,23.18,maund/acre,2024-25(1).pdf,10,previous_year
Mandi Bahauddin,M.B.Din,Rice,2023-24,Kharif,2.276377,23.03,maund/acre,2024-25(1).pdf,10,previous_year
Mianwali,Mianwali,Rice,2023-24,Kharif,2.206198,22.32,maund/acre,2024-25(1).pdf,10,previous_year
Multan,Multan,Rice,2023-24,Kharif,2.551164,25.81,maund/acre,2024-25(1).pdf,10,previous_year
Muzaffargarh,Muzzafargargh,Rice,2023-24,Kharif,2.317892,23.45,maund/acre,2024-25(1).pdf,10,previous_year
Nankana Sahib,Nankana Sahib,Rice,2023-24,Kharif,2.256609,22.83,maund/acre,2024-25(1).pdf,10,previous_year
Narowal,Narowal,Rice,2023-24,Kharif,2.013452,20.37,maund/acre,2024-25(1).pdf,10,previous_year
Okara,Okara,Rice,2023-24,Kharif,2.897118,29.31,maund/acre,2024-25(1).pdf,10,previous_year
Pakpattan,Pakpattan,Rice,2023-24,Kharif,2.78147,28.14,maund/acre,2024-25(1).pdf,10,previous_year
Rahim Yar Khan,Rahim Yar Khan,Rice,2023-24,Kharif,2.275389,23.02,maund/acre,2024-25(1).pdf,10,previous_year
Rajanpur,Rajan Pur,Rice,2023-24,Kharif,2.954447,29.89,maund/acre,2024-25(1).pdf,10,previous_year
Rawalpindi,RAWALPINDI DV:,Rice,2023-24,Kharif,2.259574,22.86,maund/acre,2024-25(1).pdf,10,previous_year
Sahiwal,Sahiwal,Rice,2023-24,Kharif,2.853626,28.87,maund/acre,2024-25(1).pdf,10,previous_year
Sargodha,Sargodha,Rice,2023-24,Kharif,2.030256,20.54,maund/acre,2024-25(1).pdf,10,previous_year
Sheikhupura,Sheikhupura,Rice,2023-24,Kharif,2.083632,21.08,maund/acre,2024-25(1).pdf,10,previous_year
Sialkot,Sialkot,Rice,2023-24,Kharif,1.880013,19.02,maund/acre,2024-25(1).pdf,10,previous_year
Toba Tek Singh,T.T. Singh,Rice,2023-24,Kharif,2.842753,28.76,maund/acre,2024-25(1).pdf,10,previous_year
Vehari,Vehari,Rice,2023-24,Kharif,2.77554,28.08,maund/acre,2024-25(1).pdf,10,previous_year
Wazirabad,Wazirabad,Rice,2023-24,Kharif,2.022348,20.46,maund/acre,2024-25(1).pdf,10,previous_year
Attock,Attock,Sesamum,2023-24,Kharif,0.610856,6.18,maund/acre,2024-25(1).pdf,42,previous_year
Bahawalnagar,Bahawalnagar,Sesamum,2023-24,Kharif,0.815463,8.25,maund/acre,2024-25(1).pdf,42,previous_year
Bahawalpur,Bahawalpur,Sesamum,2023-24,Kharif,0.577249,5.84,maund/acre,2024-25(1).pdf,42,previous_year
Bhakkar,Bhakkar,Sesamum,2023-24,Kharif,0.62074,6.28,maund/acre,2024-25(1).pdf,42,previous_year
Chakwal,Chakwal,Sesamum,2023-24,Kharif,0.596029,6.03,maund/acre,2024-25(1).pdf,42,previous_year
Chiniot,Chiniot,Sesamum,2023-24,Kharif,0.918261,9.29,maund/acre,2024-25(1).pdf,42,previous_year
Dera Ghazi Khan,D.G. Khan,Sesamum,2023-24,Kharif,0.725515,7.34,maund/acre,2024-25(1).pdf,42,previous_year
Faisalabad,Faisalabad,Sesamum,2023-24,Kharif,0.797671,8.07,maund/acre,2024-25(1).pdf,42,previous_year
Gujranwala,Gujranwala,Sesamum,2023-24,Kharif,0.412179,4.17,maund/acre,2024-25(1).pdf,42,previous_year
Gujrat,Gujrat,Sesamum,2023-24,Kharif,0.444798,4.5,maund/acre,2024-25(1).pdf,42,previous_year
Hafizabad,Hafizabad,Sesamum,2023-24,Kharif,0.468521,4.74,maund/acre,2024-25(1).pdf,42,previous_year
Jhang,Jhang,Sesamum,2023-24,Kharif,0.718596,7.27,maund/acre,2024-25(1).pdf,42,previous_year
Jhelum,Jhelum,Sesamum,2023-24,Kharif,0.565388,5.72,maund/acre,2024-25(1).pdf,42,previous_year
Kasur,Kasur,Sesamum,2023-24,Kharif,0.751214,7.6,maund/acre,2024-25(1).pdf,42,previous_year
Khanewal,Khanewal,Sesamum,2023-24,Kharif,0.72255,7.31,maund/acre,2024-25(1).pdf,42,previous_year
Khushab,Khushab,Sesamum,2023-24,Kharif,0.273798,2.77,maund/acre,2024-25(1).pdf,42,previous_year
Kot Addu,Kot Addu,Sesamum,2023-24,Kharif,0.808544,8.18,maund/acre,2024-25(1).pdf,42,previous_year
Lahore,Lahore,Sesamum,2023-24,Kharif,0.469509,4.75,maund/acre,2024-25(1).pdf,42,previous_year
Layyah,Layyah,Sesamum,2023-24,Kharif,0.636555,6.44,maund/acre,2024-25(1).pdf,42,previous_year
Lodhran,Lodhran,Sesamum,2023-24,Kharif,0.69685,7.05,maund/acre,2024-25(1).pdf,42,previous_year
Mandi Bahauddin,M.B.Din,Sesamum,2023-24,Kharif,0.464567,4.7,maund/acre,2024-25(1).pdf,42,previous_year
Mianwali,Mianwali,Sesamum,2023-24,Kharif,0.600972,6.08,maund/acre,2024-25(1).pdf,42,previous_year
Multan,Multan,Sesamum,2023-24,Kharif,0.659289,6.67,maund/acre,2024-25(1).pdf,42,previous_year
Muzaffargarh,Muzzafargargh,Sesamum,2023-24,Kharif,0.79174,8.01,maund/acre,2024-25(1).pdf,42,previous_year
Nankana Sahib,Nankana Sahib,Sesamum,2023-24,Kharif,1.008209,10.2,maund/acre,2024-25(1).pdf,42,previous_year
Narowal,Narowal,Sesamum,2023-24,Kharif,0.545619,5.52,maund/acre,2024-25(1).pdf,42,previous_year
Okara,Okara,Sesamum,2023-24,Kharif,0.856977,8.67,maund/acre,2024-25(1).pdf,42,previous_year
Pakpattan,Pakpattan,Sesamum,2023-24,Kharif,0.879712,8.9,maund/acre,2024-25(1).pdf,42,previous_year
Rahim Yar Khan,Rahim Yar Khan,Sesamum,2023-24,Kharif,0.859943,8.7,maund/acre,2024-25(1).pdf,42,previous_year
Rajanpur,Rajan Pur,Sesamum,2023-24,Kharif,0.640509,6.48,maund/acre,2024-25(1).pdf,42,previous_year
Rawalpindi,Rawalpindi,Sesamum,2023-24,Kharif,0.593064,6.0,maund/acre,2024-25(1).pdf,42,previous_year
Sahiwal,Sahiwal,Sesamum,2023-24,Kharif,0.903434,9.14,maund/acre,2024-25(1).pdf,42,previous_year
Sargodha,Sargodha,Sesamum,2023-24,Kharif,0.518931,5.25,maund/acre,2024-25(1).pdf,42,previous_year
Sheikhupura,Sheikhupura,Sesamum,2023-24,Kharif,0.552538,5.59,maund/acre,2024-25(1).pdf,42,previous_year
Toba Tek Singh,T.T. Singh,Sesamum,2023-24,Kharif,0.758133,7.67,maund/acre,2024-25(1).pdf,42,previous_year
Vehari,Vehari,Sesamum,2023-24,Kharif,0.950879,9.62,maund/acre,2024-25(1).pdf,42,previous_year
Attock,Attock,Shimla Mirch,2023-24,Kharif,9.360527,94.7,maund/acre,2024-25(1).pdf,80,previous_year
Bahawalnagar,Bahawalnagar,Shimla Mirch,2023-24,Kharif,28.66476,290.0,maund/acre,2024-25(1).pdf,80,previous_year
Chakwal,Chakwal,Shimla Mirch,2023-24,Kharif,16.012728,162.0,maund/acre,2024-25(1).pdf,80,previous_year
Faisalabad,Faisalabad,Shimla Mirch,2023-24,Kharif,22.931808,232.0,maund/acre,2024-25(1).pdf,80,previous_year
Gujranwala,Gujranwala,Shimla Mirch,2023-24,Kharif,36.898465,373.3,maund/acre,2024-25(1).pdf,80,previous_year
Hafizabad,Hafizabad,Shimla Mirch,2023-24,Kharif,25.69944,260.0,maund/acre,2024-25(1).pdf,80,previous_year
Jhang,Jhang,Shimla Mirch,2023-24,Kharif,23.524872,238.0,maund/acre,2024-25(1).pdf,80,previous_year
Jhelum,Jhelum,Shimla Mirch,2023-24,Kharif,13.600934,137.6,maund/acre,2024-25(1).pdf,80,previous_year
Kasur,Kasur,Shimla Mirch,2023-24,Kharif,8.89596,90.0,maund/acre,2024-25(1).pdf,80,previous_year
Khushab,Khushab,Shimla Mirch,2023-24,Kharif,9.093648,92.0,maund/acre,2024-25(1).pdf,80,previous_year
Lahore,Lahore,Shimla Mirch,2023-24,Kharif,36.769968,372.0,maund/acre,2024-25(1).pdf,80,previous_year
Okara,Okara,Shimla Mirch,2023-24,Kharif,21.547992,218.0,maund/acre,2024-25(1).pdf,80,previous_year
Rawalpindi,Rawalpindi,Shimla Mirch,2023-24,Kharif,20.75724,210.0,maund/acre,2024-25(1).pdf,80,previous_year
Sahiwal,Sahiwal,Shimla Mirch,2023-24,Kharif,13.640472,138.0,maund/acre,2024-25(1).pdf,80,previous_year
Sheikhupura,Sheikhupura,Shimla Mirch,2023-24,Kharif,25.798284,261.0,maund/acre,2024-25(1).pdf,80,previous_year
Talagang,Talagang,Shimla Mirch,2023-24,Kharif,14.33238,145.0,maund/acre,2024-25(1).pdf,80,previous_year
Toba Tek Singh,T.T. Singh,Shimla Mirch,2023-24,Kharif,32.321988,327.0,maund/acre,2024-25(1).pdf,80,previous_year
Bahawalnagar,Bahawalnagar,Sugarcane,2023-24,Kharif,75.912192,768.0,maund/acre,2024-25(1).pdf,20,previous_year
Bahawalpur,Bahawalpur,Sugarcane,2023-24,Kharif,74.62722,755.0,maund/acre,2024-25(1).pdf,20,previous_year
Bhakkar,Bhakkar,Sugarcane,2023-24,Kharif,69.783864,706.0,maund/acre,2024-25(1).pdf,20,previous_year
Chiniot,Chiniot,Sugarcane,2023-24,Kharif,75.714504,766.0,maund/acre,2024-25(1).pdf,20,previous_year
Dera Ghazi Khan,D.G. Khan,Sugarcane,2023-24,Kharif,80.55786,815.0,maund/acre,2024-25(1).pdf,20,previous_year
Faisalabad,Faisalabad,Sugarcane,2023-24,Kharif,76.801788,777.0,maund/acre,2024-25(1).pdf,20,previous_year
Gujranwala,Gujranwala,Sugarcane,2023-24,Kharif,52.585008,532.0,maund/acre,2024-25(1).pdf,20,previous_year
Gujrat,Gujrat,Sugarcane,2023-24,Kharif,48.038184,486.0,maund/acre,2024-25(1).pdf,20,previous_year
Hafizabad,Hafizabad,Sugarcane,2023-24,Kharif,61.678656,624.0,maund/acre,2024-25(1).pdf,20,previous_year
Jhang,Jhang,Sugarcane,2023-24,Kharif,76.505256,774.0,maund/acre,2024-25(1).pdf,20,previous_year
Kasur,Kasur,Sugarcane,2023-24,Kharif,56.736456,574.0,maund/acre,2024-25(1).pdf,20,previous_year
Khanewal,Khanewal,Sugarcane,2023-24,Kharif,79.174044,801.0,maund/acre,2024-25(1).pdf,20,previous_year
Khushab,Khushab,Sugarcane,2023-24,Kharif,48.828936,494.0,maund/acre,2024-25(1).pdf,20,previous_year
Kot Addu,Kot Addu,Sugarcane,2023-24,Kharif,85.895436,869.0,maund/acre,2024-25(1).pdf,20,previous_year
Layyah,Layyah,Sugarcane,2023-24,Kharif,65.23704,660.0,maund/acre,2024-25(1).pdf,20,previous_year
Lodhran,Lodhran,Sugarcane,2023-24,Kharif,89.552664,906.0,maund/acre,2024-25(1).pdf,20,previous_year
Mandi Bahauddin,M.B.Din,Sugarcane,2023-24,Kharif,62.074032,628.0,maund/acre,2024-25(1).pdf,20,previous_year
Mianwali,Mianwali,Sugarcane,2023-24,Kharif,67.609296,684.0,maund/acre,2024-25(1).pdf,20,previous_year
Multan,Multan,Sugarcane,2023-24,Kharif,67.905828,687.0,maund/acre,2024-25(1).pdf,20,previous_year
Muzaffargarh,Muzzafargargh,Sugarcane,2023-24,Kharif,84.412776,854.0,maund/acre,2024-25(1).pdf,20,previous_year
Nankana Sahib,Nankana Sahib,Sugarcane,2023-24,Kharif,65.928948,667.0,maund/acre,2024-25(1).pdf,20,previous_year
Narowal,Narowal,Sugarcane,2023-24,Kharif,32.321988,327.0,maund/acre,2024-25(1).pdf,20,previous_year
Okara,Okara,Sugarcane,2023-24,Kharif,101.413944,1026.0,maund/acre,2024-25(1).pdf,20,previous_year
Pakpattan,Pakpattan,Sugarcane,2023-24,Kharif,56.044548,567.0,maund/acre,2024-25(1).pdf,20,previous_year
Rahim Yar Khan,Rahim Yar Khan,Sugarcane,2023-24,Kharif,91.529544,926.0,maund/acre,2024-25(1).pdf,20,previous_year
Rajanpur,Rajan Pur,Sugarcane,2023-24,Kharif,85.99428,870.0,maund/acre,2024-25(1).pdf,20,previous_year
Sahiwal,Sahiwal,Sugarcane,2023-24,Kharif,67.609296,684.0,maund/acre,2024-25(1).pdf,20,previous_year
Sargodha,Sargodha,Sugarcane,2023-24,Kharif,73.045716,739.0,maund/acre,2024-25(1).pdf,20,previous_year
Sheikhupura,Sheikhupura,Sugarcane,2023-24,Kharif,61.579812,623.0,maund/acre,2024-25(1).pdf,20,previous_year
Sialkot,Sialkot,Sugarcane,2023-24,Kharif,60.78906,615.0,maund/acre,2024-25(1).pdf,20,previous_year
Toba Tek Singh,T.T. Singh,Sugarcane,2023-24,Kharif,73.14456,740.0,maund/acre,2024-25(1).pdf,20,previous_year
Vehari,Vehari,Sugarcane,2023-24,Kharif,68.795424,696.0,maund/acre,2024-25(1).pdf,20,previous_year
Wazirabad,Wazirabad,Sugarcane,2023-24,Kharif,52.090788,527.0,maund/acre,2024-25(1).pdf,20,previous_year
Bahawalnagar,Bahawalnagar,Sweet Potato,2023-24,Other/Perennial,23.999323,242.8,maund/acre,2024-25(1).pdf,76,previous_year
Chiniot,Chiniot,Sweet Potato,2023-24,Other/Perennial,14.8266,150.0,maund/acre,2024-25(1).pdf,76,previous_year
Jhang,Jhang,Sweet Potato,2023-24,Other/Perennial,14.431224,146.0,maund/acre,2024-25(1).pdf,76,previous_year
Khanewal,Khanewal,Sweet Potato,2023-24,Other/Perennial,12.10839,122.5,maund/acre,2024-25(1).pdf,76,previous_year
Mandi Bahauddin,M.B.Din,Sweet Potato,2023-24,Other/Perennial,11.732783,118.7,maund/acre,2024-25(1).pdf,76,previous_year
Muzaffargarh,Muzaffargarh,Sweet Potato,2023-24,Other/Perennial,14.480646,146.5,maund/acre,2024-25(1).pdf,76,previous_year
Nankana Sahib,Nankana Sahib,Sweet Potato,2023-24,Other/Perennial,14.787062,149.6,maund/acre,2024-25(1).pdf,76,previous_year
Narowal,Narowal,Sweet Potato,2023-24,Other/Perennial,19.492037,197.2,maund/acre,2024-25(1).pdf,76,previous_year
Okara,Okara,Sweet Potato,2023-24,Other/Perennial,27.972852,283.0,maund/acre,2024-25(1).pdf,76,previous_year
Sahiwal,Sahiwal,Sweet Potato,2023-24,Other/Perennial,15.419664,156.0,maund/acre,2024-25(1).pdf,76,previous_year
Sheikhupura,Sheikhupura,Sweet Potato,2023-24,Other/Perennial,13.907351,140.7,maund/acre,2024-25(1).pdf,76,previous_year
Vehari,Vehari,Sweet Potato,2023-24,Other/Perennial,1.828614,18.5,maund/acre,2024-25(1).pdf,76,previous_year
Attock,Attock,Tinda,2023-24,Kharif,19.541459,197.7,maund/acre,2024-25(1).pdf,64,previous_year
Bahawalnagar,Bahawalnagar,Tinda,2023-24,Kharif,8.15463,82.5,maund/acre,2024-25(1).pdf,64,previous_year
Bahawalpur,Bahawalpur,Tinda,2023-24,Kharif,21.547992,218.0,maund/acre,2024-25(1).pdf,64,previous_year
Bhakkar,Bhakkar,Tinda,2023-24,Kharif,9.805325,99.2,maund/acre,2024-25(1).pdf,64,previous_year
Chakwal,Chakwal,Tinda,2023-24,Kharif,8.965151,90.7,maund/acre,2024-25(1).pdf,64,previous_year
Faisalabad,Faisalabad,Tinda,2023-24,Kharif,12.058968,122.0,maund/acre,2024-25(1).pdf,64,previous_year
Jhang,Jhang,Tinda,2023-24,Kharif,22.862617,231.3,maund/acre,2024-25(1).pdf,64,previous_year
Jhelum,Jhelum,Tinda,2023-24,Kharif,10.477464,106.0,maund/acre,2024-25(1).pdf,64,previous_year
Kasur,Kasur,Tinda,2023-24,Kharif,8.105208,82.0,maund/acre,2024-25(1).pdf,64,previous_year
Khanewal,Khanewal,Tinda,2023-24,Kharif,10.704805,108.3,maund/acre,2024-25(1).pdf,64,previous_year
Khushab,Khushab,Tinda,2023-24,Kharif,8.668619,87.7,maund/acre,2024-25(1).pdf,64,previous_year
Lahore,Lahore,Tinda,2023-24,Kharif,9.034342,91.4,maund/acre,2024-25(1).pdf,64,previous_year
Mandi Bahauddin,M.B.Din,Tinda,2023-24,Kharif,8.105208,82.0,maund/acre,2024-25(1).pdf,64,previous_year
Mianwali,Mianwali,Tinda,2023-24,Kharif,8.302896,84.0,maund/acre,2024-25(1).pdf,64,previous_year
Muzaffargarh,Muzaffargarh,Tinda,2023-24,Kharif,12.256656,124.0,maund/acre,2024-25(1).pdf,64,previous_year
Nankana Sahib,Nankana Sahib,Tinda,2023-24,Kharif,9.993128,101.1,maund/acre,2024-25(1).pdf,64,previous_year
Narowal,Narowal,Tinda,2023-24,Kharif,7.314456,74.0,maund/acre,2024-25(1).pdf,64,previous_year
Okara,Okara,Tinda,2023-24,Kharif,8.619197,87.2,maund/acre,2024-25(1).pdf,64,previous_year
Pakpattan,Pakpattan,Tinda,2023-24,Kharif,5.505611,55.7,maund/acre,2024-25(1).pdf,64,previous_year
Rahim Yar Khan,Rahim Yar Khan,Tinda,2023-24,Kharif,9.923938,100.4,maund/acre,2024-25(1).pdf,64,previous_year
Rajanpur,Rajan Pur,Tinda,2023-24,Kharif,6.721392,68.0,maund/acre,2024-25(1).pdf,64,previous_year
Rawalpindi,RAWALPINDI DV:,Tinda,2023-24,Kharif,12.642148,127.9,maund/acre,2024-25(1).pdf,64,previous_year
Sahiwal,Sahiwal,Tinda,2023-24,Kharif,18.78036,190.0,maund/acre,2024-25(1).pdf,64,previous_year
Sargodha,Sargodha,Tinda,2023-24,Kharif,7.116768,72.0,maund/acre,2024-25(1).pdf,64,previous_year
Sheikhupura,Sheikhupura,Tinda,2023-24,Kharif,16.457526,166.5,maund/acre,2024-25(1).pdf,64,previous_year
Sialkot,Sialkot,Tinda,2023-24,Kharif,5.831796,59.0,maund/acre,2024-25(1).pdf,64,previous_year
Toba Tek Singh,T.T. Singh,Tinda,2023-24,Kharif,3.607806,36.5,maund/acre,2024-25(1).pdf,64,previous_year
Vehari,Vehari,Tinda,2023-24,Kharif,18.543134,187.6,maund/acre,2024-25(1).pdf,64,previous_year
Attock,Attock,Tobacco,2023-24,Kharif,3.133355,31.7,maund/acre,2024-25(1).pdf,154,previous_year
Bahawalnagar,Bahawalnagar,Tobacco,2023-24,Kharif,2.589713,26.2,maund/acre,2024-25(1).pdf,154,previous_year
Bahawalpur,Bahawalpur,Tobacco,2023-24,Kharif,0.89948,9.1,maund/acre,2024-25(1).pdf,154,previous_year
Bhakkar,Bhakkar,Tobacco,2023-24,Kharif,2.154799,21.8,maund/acre,2024-25(1).pdf,154,previous_year
Chiniot,Chiniot,Tobacco,2023-24,Kharif,2.253643,22.8,maund/acre,2024-25(1).pdf,154,previous_year
Dera Ghazi Khan,D.G. Khan,Tobacco,2023-24,Kharif,4.487518,45.4,maund/acre,2024-25(1).pdf,154,previous_year
Faisalabad,Faisalabad,Tobacco,2023-24,Kharif,1.947227,19.7,maund/acre,2024-25(1).pdf,154,previous_year
Gujranwala,Gujranwala,Tobacco,2023-24,Kharif,1.591388,16.1,maund/acre,2024-25(1).pdf,154,previous_year
Gujrat,Gujrat,Tobacco,2023-24,Kharif,1.719886,17.4,maund/acre,2024-25(1).pdf,154,previous_year
Hafizabad,Hafizabad,Tobacco,2023-24,Kharif,2.836823,28.7,maund/acre,2024-25(1).pdf,154,previous_year
Jhang,Jhang,Tobacco,2023-24,Kharif,2.075724,21.0,maund/acre,2024-25(1).pdf,154,previous_year
Kasur,Kasur,Tobacco,2023-24,Kharif,1.966996,19.9,maund/acre,2024-25(1).pdf,154,previous_year
Khanewal,Khanewal,Tobacco,2023-24,Kharif,1.344278,13.6,maund/acre,2024-25(1).pdf,154,previous_year
Khushab,Khushab,Tobacco,2023-24,Kharif,3.924107,39.7,maund/acre,2024-25(1).pdf,154,previous_year
Lahore,Lahore,Tobacco,2023-24,Kharif,3.192661,32.3,maund/acre,2024-25(1).pdf,154,previous_year
Layyah,Layyah,Tobacco,2023-24,Kharif,3.973529,40.2,maund/acre,2024-25(1).pdf,154,previous_year
Lodhran,Lodhran,Tobacco,2023-24,Kharif,3.597922,36.4,maund/acre,2024-25(1).pdf,154,previous_year
Mandi Bahauddin,M.B.Din,Tobacco,2023-24,Kharif,1.492544,15.1,maund/acre,2024-25(1).pdf,154,previous_year
Mianwali,Mianwali,Tobacco,2023-24,Kharif,2.955436,29.9,maund/acre,2024-25(1).pdf,154,previous_year
Multan,Multan,Tobacco,2023-24,Kharif,0.939018,9.5,maund/acre,2024-25(1).pdf,154,previous_year
Muzaffargarh,Muzaffargarh,Tobacco,2023-24,Kharif,6.731276,68.1,maund/acre,2024-25(1).pdf,154,previous_year
Nankana Sahib,Nankana Sahib,Tobacco,2023-24,Kharif,1.581504,16.0,maund/acre,2024-25(1).pdf,154,previous_year
Narowal,Narowal,Tobacco,2023-24,Kharif,1.591388,16.1,maund/acre,2024-25(1).pdf,154,previous_year
Okara,Okara,Tobacco,2023-24,Kharif,2.945551,29.8,maund/acre,2024-25(1).pdf,154,previous_year
Pakpattan,Pakpattan,Tobacco,2023-24,Kharif,2.579828,26.1,maund/acre,2024-25(1).pdf,154,previous_year
Rahim Yar Khan,Rahim Yar Khan,Tobacco,2023-24,Kharif,1.116937,11.3,maund/acre,2024-25(1).pdf,154,previous_year
Rajanpur,Rajan Pur,Tobacco,2023-24,Kharif,4.616015,46.7,maund/acre,2024-25(1).pdf,154,previous_year
Rawalpindi,RAWALPINDI DV:,Tobacco,2023-24,Kharif,3.133355,31.7,maund/acre,2024-25(1).pdf,154,previous_year
Sahiwal,Sahiwal,Tobacco,2023-24,Kharif,3.113586,31.5,maund/acre,2024-25(1).pdf,154,previous_year
Sargodha,Sargodha,Tobacco,2023-24,Kharif,2.253643,22.8,maund/acre,2024-25(1).pdf,154,previous_year
Sheikhupura,Sheikhupura,Tobacco,2023-24,Kharif,2.480984,25.1,maund/acre,2024-25(1).pdf,154,previous_year
Sialkot,Sialkot,Tobacco,2023-24,Kharif,2.441447,24.7,maund/acre,2024-25(1).pdf,154,previous_year
Toba Tek Singh,T.T. Singh,Tobacco,2023-24,Kharif,2.13503,21.6,maund/acre,2024-25(1).pdf,154,previous_year
Vehari,Vehari,Tobacco,2023-24,Kharif,3.429887,34.7,maund/acre,2024-25(1).pdf,154,previous_year
Wazirabad,Wazirabad,Tobacco,2023-24,Kharif,2.915898,29.5,maund/acre,2024-25(1).pdf,154,previous_year
Kasur,Kasur,Turmeric,2023-24,Kharif,24.21678,245.0,maund/acre,2024-25(1).pdf,86,previous_year
Okara,Okara,Turmeric,2023-24,Kharif,25.798284,261.0,maund/acre,2024-25(1).pdf,86,previous_year
Attock,Attock,Wheat,2023-24,Rabi,1.930423,19.53,maund/acre,2024-25(1).pdf,113,previous_year
Bahawalnagar,Bahawalnagar,Wheat,2023-24,Rabi,3.831193,38.76,maund/acre,2024-25(1).pdf,113,previous_year
Bahawalpur,Bahawalpur,Wheat,2023-24,Rabi,3.840089,38.85,maund/acre,2024-25(1).pdf,113,previous_year
Bhakkar,Bhakkar,Wheat,2023-24,Rabi,2.907002,29.41,maund/acre,2024-25(1).pdf,113,previous_year
Chakwal,Chakwal,Wheat,2023-24,Rabi,2.304054,23.31,maund/acre,2024-25(1).pdf,113,previous_year
Chiniot,Chiniot,Wheat,2023-24,Rabi,3.844043,38.89,maund/acre,2024-25(1).pdf,113,previous_year
Dera Ghazi Khan,D.G. Khan,Wheat,2023-24,Rabi,3.84602,38.91,maund/acre,2024-25(1).pdf,113,previous_year
Faisalabad,Faisalabad,Wheat,2023-24,Rabi,3.76398,38.08,maund/acre,2024-25(1).pdf,113,previous_year
Gujranwala,Gujranwala,Wheat,2023-24,Rabi,3.496112,35.37,maund/acre,2024-25(1).pdf,113,previous_year
Gujrat,Gujrat,Wheat,2023-24,Rabi,2.332718,23.6,maund/acre,2024-25(1).pdf,113,previous_year
Hafizabad,Hafizabad,Wheat,2023-24,Rabi,3.486228,35.27,maund/acre,2024-25(1).pdf,113,previous_year
Islamabad,Islamabad,Wheat,2023-24,Rabi,2.429586,24.58,maund/acre,2024-25(1).pdf,113,previous_year
Jhang,Jhang,Wheat,2023-24,Rabi,3.752118,37.96,maund/acre,2024-25(1).pdf,113,previous_year
Jhelum,Jhelum,Wheat,2023-24,Rabi,2.387083,24.15,maund/acre,2024-25(1).pdf,113,previous_year
Kasur,Kasur,Wheat,2023-24,Rabi,3.73828,37.82,maund/acre,2024-25(1).pdf,113,previous_year
Khanewal,Khanewal,Wheat,2023-24,Rabi,3.917188,39.63,maund/acre,2024-25(1).pdf,113,previous_year
Khushab,Khushab,Wheat,2023-24,Rabi,2.279343,23.06,maund/acre,2024-25(1).pdf,113,previous_year
Kot Addu,Kot Addu,Wheat,2023-24,Rabi,3.450644,34.91,maund/acre,2024-25(1).pdf,113,previous_year
Lahore,Lahore,Wheat,2023-24,Rabi,3.7195,37.63,maund/acre,2024-25(1).pdf,113,previous_year
Layyah,Layyah,Wheat,2023-24,Rabi,3.059222,30.95,maund/acre,2024-25(1).pdf,113,previous_year
Lodhran,Lodhran,Wheat,2023-24,Rabi,3.960679,40.07,maund/acre,2024-25(1).pdf,113,previous_year
Mandi Bahauddin,M.B.Din,Wheat,2023-24,Rabi,3.158066,31.95,maund/acre,2024-25(1).pdf,113,previous_year
Mianwali,Mianwali,Wheat,2023-24,Rabi,2.979158,30.14,maund/acre,2024-25(1).pdf,113,previous_year
Multan,Multan,Wheat,2023-24,Rabi,3.94091,39.87,maund/acre,2024-25(1).pdf,113,previous_year
Murree,Muree,Wheat,2023-24,Rabi,1.546909,15.65,maund/acre,2024-25(1).pdf,113,previous_year
Muzaffargarh,Muzzafargargh,Wheat,2023-24,Rabi,3.556407,35.98,maund/acre,2024-25(1).pdf,113,previous_year
Nankana Sahib,Nankana Sahib,Wheat,2023-24,Rabi,3.882592,39.28,maund/acre,2024-25(1).pdf,113,previous_year
Narowal,Narowal,Wheat,2023-24,Rabi,2.599597,26.3,maund/acre,2024-25(1).pdf,113,previous_year
Okara,Okara,Wheat,2023-24,Rabi,4.223604,42.73,maund/acre,2024-25(1).pdf,113,previous_year
Pakpattan,Pakpattan,Wheat,2023-24,Rabi,4.077315,41.25,maund/acre,2024-25(1).pdf,113,previous_year
Rahim Yar Khan,Rahim Yar Khan,Wheat,2023-24,Rabi,4.062488,41.1,maund/acre,2024-25(1).pdf,113,previous_year
Rajanpur,Rajan Pur,Wheat,2023-24,Rabi,3.838113,38.83,maund/acre,2024-25(1).pdf,113,previous_year
Rawalpindi,Rawalpindi,Wheat,2023-24,Rabi,2.476042,25.05,maund/acre,2024-25(1).pdf,113,previous_year
Sahiwal,Sahiwal,Wheat,2023-24,Rabi,3.856893,39.02,maund/acre,2024-25(1).pdf,113,previous_year
Sargodha,Sargodha,Wheat,2023-24,Rabi,3.04143,30.77,maund/acre,2024-25(1).pdf,113,previous_year
Sheikhupura,Sheikhupura,Wheat,2023-24,Rabi,3.42791,34.68,maund/acre,2024-25(1).pdf,113,previous_year
Sialkot,Sialkot,Wheat,2023-24,Rabi,2.973228,30.08,maund/acre,2024-25(1).pdf,113,previous_year
Talagang,Talagang,Wheat,2023-24,Rabi,1.630926,16.5,maund/acre,2024-25(1).pdf,113,previous_year
Taunsa,Taunsa,Wheat,2023-24,Rabi,3.473378,35.14,maund/acre,2024-25(1).pdf,113,previous_year
Toba Tek Singh,T.T. Singh,Wheat,2023-24,Rabi,3.799563,38.44,maund/acre,2024-25(1).pdf,113,previous_year
Vehari,Vehari,Wheat,2023-24,Rabi,4.021962,40.69,maund/acre,2024-25(1).pdf,113,previous_year
Wazirabad,Wazirabad,Wheat,2023-24,Rabi,3.202546,32.4,maund/acre,2024-25(1).pdf,113,previous_year
Attock,Attock,Arum,2024-25,Kharif,18.019261,182.3,maund/acre,2024-25(1).pdf,72,current
Bhakkar,Bhakkar,Arum,2024-25,Kharif,34.763435,351.7,maund/acre,2024-25(1).pdf,72,current
Chiniot,Chiniot,Arum,2024-25,Kharif,26.915221,272.3,maund/acre,2024-25(1).pdf,72,current
Jhang,Jhang,Arum,2024-25,Kharif,25.343602,256.4,maund/acre,2024-25(1).pdf,72,current
Kasur,Kasur,Arum,2024-25,Kharif,26.509961,268.2,maund/acre,2024-25(1).pdf,72,current
Khanewal,Khanewal,Arum,2024-25,Kharif,26.549498,268.6,maund/acre,2024-25(1).pdf,72,current
Multan,Multan,Arum,2024-25,Kharif,22.496894,227.6,maund/acre,2024-25(1).pdf,72,current
Muzaffargarh,Muzaffargarh,Arum,2024-25,Kharif,22.991114,232.6,maund/acre,2024-25(1).pdf,72,current
Okara,Okara,Arum,2024-25,Kharif,30.750368,311.1,maund/acre,2024-25(1).pdf,72,current
Pakpattan,Pakpattan,Arum,2024-25,Kharif,29.376437,297.2,maund/acre,2024-25(1).pdf,72,current
Rawalpindi,RAWALPINDI DV:,Arum,2024-25,Kharif,18.019261,182.3,maund/acre,2024-25(1).pdf,72,current
Vehari,Vehari,Arum,2024-25,Kharif,11.436251,115.7,maund/acre,2024-25(1).pdf,72,current
Bahawalnagar,Bahawalnagar,Bajra,2024-25,Kharif,1.572608,15.91,maund/acre,2024-25(1).pdf,57,current
Bhakkar,Bhakkar,Bajra,2024-25,Kharif,1.541966,15.6,maund/acre,2024-25(1).pdf,57,current
Chakwal,Chakwal,Bajra,2024-25,Kharif,0.49422,5.0,maund/acre,2024-25(1).pdf,57,current
Gujrat,Gujrat,Bajra,2024-25,Kharif,1.075423,10.88,maund/acre,2024-25(1).pdf,57,current
Jhelum,Jhelum,Bajra,2024-25,Kharif,1.847394,18.69,maund/acre,2024-25(1).pdf,57,current
Kasur,Kasur,Bajra,2024-25,Kharif,1.440157,14.57,maund/acre,2024-25(1).pdf,57,current
Khushab,Khushab,Bajra,2024-25,Kharif,1.307706,13.23,maund/acre,2024-25(1).pdf,57,current
Kot Addu,Kot Addu,Bajra,2024-25,Kharif,2.850661,28.84,maund/acre,2024-25(1).pdf,57,current
Layyah,Layyah,Bajra,2024-25,Kharif,0.994371,10.06,maund/acre,2024-25(1).pdf,57,current
Mianwali,Mianwali,Bajra,2024-25,Kharif,1.436203,14.53,maund/acre,2024-25(1).pdf,57,current
Narowal,Narowal,Bajra,2024-25,Kharif,2.197302,22.23,maund/acre,2024-25(1).pdf,57,current
Rajanpur,Rajan Pur,Bajra,2024-25,Kharif,1.021059,10.33,maund/acre,2024-25(1).pdf,57,current
Talagang,Talagang,Bajra,2024-25,Kharif,0.395376,4.0,maund/acre,2024-25(1).pdf,57,current
Toba Tek Singh,T.T. Singh,Bajra,2024-25,Kharif,1.188105,12.02,maund/acre,2024-25(1).pdf,57,current
Vehari,Vehari,Bajra,2024-25,Kharif,2.186429,22.12,maund/acre,2024-25(1).pdf,57,current
Attock,Attock,Barley,2024-25,Rabi,0.824359,8.34,maund/acre,2024-25(1).pdf,156,current
Bahawalnagar,Bahawalnagar,Barley,2024-25,Rabi,1.284972,13.0,maund/acre,2024-25(1).pdf,156,current
Bhakkar,Bhakkar,Barley,2024-25,Rabi,0.622717,6.3,maund/acre,2024-25(1).pdf,156,current
Chakwal,Chakwal,Barley,2024-25,Rabi,1.136706,11.5,maund/acre,2024-25(1).pdf,156,current
Kasur,Kasur,Barley,2024-25,Rabi,2.96532,30.0,maund/acre,2024-25(1).pdf,156,current
Khushab,Khushab,Barley,2024-25,Rabi,1.098157,11.11,maund/acre,2024-25(1).pdf,156,current
Layyah,Layyah,Barley,2024-25,Rabi,1.204908,12.19,maund/acre,2024-25(1).pdf,156,current
Mandi Bahauddin,M.B.Din,Barley,2024-25,Rabi,3.010788,30.46,maund/acre,2024-25(1).pdf,156,current
Narowal,Narowal,Barley,2024-25,Rabi,1.076411,10.89,maund/acre,2024-25(1).pdf,156,current
Rawalpindi,RAWALPINDI DV:,Barley,2024-25,Rabi,1.00129,10.13,maund/acre,2024-25(1).pdf,156,current
Talagang,Talagang,Barley,2024-25,Rabi,1.067515,10.8,maund/acre,2024-25(1).pdf,156,current
Attock,Attock,Bitter Gourd,2024-25,Kharif,13.976542,141.4,maund/acre,2024-25(1).pdf,62,current
Bahawalnagar,Bahawalnagar,Bitter Gourd,2024-25,Kharif,5.693414,57.6,maund/acre,2024-25(1).pdf,62,current
Bahawalpur,Bahawalpur,Bitter Gourd,2024-25,Kharif,12.296194,124.4,maund/acre,2024-25(1).pdf,62,current
Bhakkar,Bhakkar,Bitter Gourd,2024-25,Kharif,11.347291,114.8,maund/acre,2024-25(1).pdf,62,current
Chiniot,Chiniot,Bitter Gourd,2024-25,Kharif,17.594232,178.0,maund/acre,2024-25(1).pdf,62,current
Faisalabad,Faisalabad,Bitter Gourd,2024-25,Kharif,18.493712,187.1,maund/acre,2024-25(1).pdf,62,current
Gujranwala,Gujranwala,Bitter Gourd,2024-25,Kharif,28.565916,289.0,maund/acre,2024-25(1).pdf,62,current
Gujrat,Gujrat,Bitter Gourd,2024-25,Kharif,12.157812,123.0,maund/acre,2024-25(1).pdf,62,current
Jhang,Jhang,Bitter Gourd,2024-25,Kharif,21.350304,216.0,maund/acre,2024-25(1).pdf,62,current
Jhelum,Jhelum,Bitter Gourd,2024-25,Kharif,5.169541,52.3,maund/acre,2024-25(1).pdf,62,current
Kasur,Kasur,Bitter Gourd,2024-25,Kharif,19.215274,194.4,maund/acre,2024-25(1).pdf,62,current
Khanewal,Khanewal,Bitter Gourd,2024-25,Kharif,14.767294,149.4,maund/acre,2024-25(1).pdf,62,current
Kot Addu,Kot Addu,Bitter Gourd,2024-25,Kharif,7.512144,76.0,maund/acre,2024-25(1).pdf,62,current
Lahore,Lahore,Bitter Gourd,2024-25,Kharif,12.217118,123.6,maund/acre,2024-25(1).pdf,62,current
Lodhran,Lodhran,Bitter Gourd,2024-25,Kharif,22.457357,227.2,maund/acre,2024-25(1).pdf,62,current
Mandi Bahauddin,M.B.Din,Bitter Gourd,2024-25,Kharif,15.32082,155.0,maund/acre,2024-25(1).pdf,62,current
Mianwali,Mianwali,Bitter Gourd,2024-25,Kharif,12.60261,127.5,maund/acre,2024-25(1).pdf,62,current
Multan,Multan,Bitter Gourd,2024-25,Kharif,10.645499,107.7,maund/acre,2024-25(1).pdf,62,current
Muzaffargarh,Muzaffargarh,Bitter Gourd,2024-25,Kharif,11.811858,119.5,maund/acre,2024-25(1).pdf,62,current
Nankana Sahib,Nankana Sahib,Bitter Gourd,2024-25,Kharif,15.676658,158.6,maund/acre,2024-25(1).pdf,62,current
Narowal,Narowal,Bitter Gourd,2024-25,Kharif,16.635445,168.3,maund/acre,2024-25(1).pdf,62,current
Okara,Okara,Bitter Gourd,2024-25,Kharif,13.768969,139.3,maund/acre,2024-25(1).pdf,62,current
Pakpattan,Pakpattan,Bitter Gourd,2024-25,Kharif,22.763773,230.3,maund/acre,2024-25(1).pdf,62,current
Rahim Yar Khan,Rahim Yar Khan,Bitter Gourd,2024-25,Kharif,14.480646,146.5,maund/acre,2024-25(1).pdf,62,current
Rajanpur,Rajan Pur,Bitter Gourd,2024-25,Kharif,7.116768,72.0,maund/acre,2024-25(1).pdf,62,current
Rawalpindi,Rawalpindi,Bitter Gourd,2024-25,Kharif,3.558384,36.0,maund/acre,2024-25(1).pdf,62,current
Sahiwal,Sahiwal,Bitter Gourd,2024-25,Kharif,21.597414,218.5,maund/acre,2024-25(1).pdf,62,current
Sargodha,Sargodha,Bitter Gourd,2024-25,Kharif,17.673307,178.8,maund/acre,2024-25(1).pdf,62,current
Sheikhupura,Sheikhupura,Bitter Gourd,2024-25,Kharif,23.920248,242.0,maund/acre,2024-25(1).pdf,62,current
Sialkot,Sialkot,Bitter Gourd,2024-25,Kharif,14.8266,150.0,maund/acre,2024-25(1).pdf,62,current
Toba Tek Singh,T.T. Singh,Bitter Gourd,2024-25,Kharif,46.881709,474.3,maund/acre,2024-25(1).pdf,62,current
Vehari,Vehari,Bitter Gourd,2024-25,Kharif,19.27458,195.0,maund/acre,2024-25(1).pdf,62,current
Wazirabad,Wazirabad,Bitter Gourd,2024-25,Kharif,6.67197,67.5,maund/acre,2024-25(1).pdf,62,current
Attock,Attock,Bottle Gourd,2024-25,Kharif,11.20891,113.4,maund/acre,2024-25(1).pdf,66,current
Bahawalnagar,Bahawalnagar,Bottle Gourd,2024-25,Kharif,5.634108,57.0,maund/acre,2024-25(1).pdf,66,current
Bahawalpur,Bahawalpur,Bottle Gourd,2024-25,Kharif,12.049084,121.9,maund/acre,2024-25(1).pdf,66,current
Bhakkar,Bhakkar,Bottle Gourd,2024-25,Kharif,15.745849,159.3,maund/acre,2024-25(1).pdf,66,current
Chakwal,Chakwal,Bottle Gourd,2024-25,Kharif,11.86128,120.0,maund/acre,2024-25(1).pdf,66,current
Chiniot,Chiniot,Bottle Gourd,2024-25,Kharif,16.388335,165.8,maund/acre,2024-25(1).pdf,66,current
Dera Ghazi Khan,D.G. Khan,Bottle Gourd,2024-25,Kharif,8.589544,86.9,maund/acre,2024-25(1).pdf,66,current
Faisalabad,Faisalabad,Bottle Gourd,2024-25,Kharif,16.813364,170.1,maund/acre,2024-25(1).pdf,66,current
Gujranwala,Gujranwala,Bottle Gourd,2024-25,Kharif,22.061981,223.2,maund/acre,2024-25(1).pdf,66,current
Gujrat,Gujrat,Bottle Gourd,2024-25,Kharif,15.360358,155.4,maund/acre,2024-25(1).pdf,66,current
Hafizabad,Hafizabad,Bottle Gourd,2024-25,Kharif,13.4329,135.9,maund/acre,2024-25(1).pdf,66,current
Jhang,Jhang,Bottle Gourd,2024-25,Kharif,20.880795,211.25,maund/acre,2024-25(1).pdf,66,current
Jhelum,Jhelum,Bottle Gourd,2024-25,Kharif,15.133016,153.1,maund/acre,2024-25(1).pdf,66,current
Kasur,Kasur,Bottle Gourd,2024-25,Kharif,21.330535,215.8,maund/acre,2024-25(1).pdf,66,current
Khanewal,Khanewal,Bottle Gourd,2024-25,Kharif,11.821742,119.6,maund/acre,2024-25(1).pdf,66,current
Khushab,Khushab,Bottle Gourd,2024-25,Kharif,9.30122,94.1,maund/acre,2024-25(1).pdf,66,current
Kot Addu,Kot Addu,Bottle Gourd,2024-25,Kharif,28.993911,293.33,maund/acre,2024-25(1).pdf,66,current
Lahore,Lahore,Bottle Gourd,2024-25,Kharif,19.294349,195.2,maund/acre,2024-25(1).pdf,66,current
Lodhran,Lodhran,Bottle Gourd,2024-25,Kharif,29.603778,299.5,maund/acre,2024-25(1).pdf,66,current
Mandi Bahauddin,M.B.Din,Bottle Gourd,2024-25,Kharif,21.518339,217.7,maund/acre,2024-25(1).pdf,66,current
Mianwali,Mianwali,Bottle Gourd,2024-25,Kharif,11.070528,112.0,maund/acre,2024-25(1).pdf,66,current
Multan,Multan,Bottle Gourd,2024-25,Kharif,13.156136,133.1,maund/acre,2024-25(1).pdf,66,current
Muzaffargarh,Muzaffargarh,Bottle Gourd,2024-25,Kharif,19.501921,197.3,maund/acre,2024-25(1).pdf,66,current
Nankana Sahib,Nankana Sahib,Bottle Gourd,2024-25,Kharif,19.986257,202.2,maund/acre,2024-25(1).pdf,66,current
Narowal,Narowal,Bottle Gourd,2024-25,Kharif,9.864631,99.8,maund/acre,2024-25(1).pdf,66,current
Okara,Okara,Bottle Gourd,2024-25,Kharif,22.002674,222.6,maund/acre,2024-25(1).pdf,66,current
Pakpattan,Pakpattan,Bottle Gourd,2024-25,Kharif,29.841004,301.9,maund/acre,2024-25(1).pdf,66,current
Rahim Yar Khan,Rahim Yar Khan,Bottle Gourd,2024-25,Kharif,22.625392,228.9,maund/acre,2024-25(1).pdf,66,current
Rajanpur,Rajan Pur,Bottle Gourd,2024-25,Kharif,6.543473,66.2,maund/acre,2024-25(1).pdf,66,current
Rawalpindi,Rawalpindi,Bottle Gourd,2024-25,Kharif,15.81504,160.0,maund/acre,2024-25(1).pdf,66,current
Sahiwal,Sahiwal,Bottle Gourd,2024-25,Kharif,13.175905,133.3,maund/acre,2024-25(1).pdf,66,current
Sargodha,Sargodha,Bottle Gourd,2024-25,Kharif,15.093479,152.7,maund/acre,2024-25(1).pdf,66,current
Sheikhupura,Sheikhupura,Bottle Gourd,2024-25,Kharif,18.276256,184.9,maund/acre,2024-25(1).pdf,66,current
Sialkot,Sialkot,Bottle Gourd,2024-25,Kharif,16.80348,170.0,maund/acre,2024-25(1).pdf,66,current
Toba Tek Singh,T.T. Singh,Bottle Gourd,2024-25,Kharif,18.750707,189.7,maund/acre,2024-25(1).pdf,66,current
Vehari,Vehari,Bottle Gourd,2024-25,Kharif,36.48332,369.1,maund/acre,2024-25(1).pdf,66,current
Wazirabad,Wazirabad,Bottle Gourd,2024-25,Kharif,14.628912,148.0,maund/acre,2024-25(1).pdf,66,current
Attock,Attock,Brinjal,2024-25,Kharif,44.005349,445.2,maund/acre,2024-25(1).pdf,68,current
Bahawalnagar,Bahawalnagar,Brinjal,2024-25,Kharif,29.6532,300.0,maund/acre,2024-25(1).pdf,68,current
Bahawalpur,Bahawalpur,Brinjal,2024-25,Kharif,12.533419,126.8,maund/acre,2024-25(1).pdf,68,current
Bhakkar,Bhakkar,Brinjal,2024-25,Kharif,11.465904,116.0,maund/acre,2024-25(1).pdf,68,current
Chakwal,Chakwal,Brinjal,2024-25,Kharif,11.36706,115.0,maund/acre,2024-25(1).pdf,68,current
Chiniot,Chiniot,Brinjal,2024-25,Kharif,15.647005,158.3,maund/acre,2024-25(1).pdf,68,current
Faisalabad,Faisalabad,Brinjal,2024-25,Kharif,24.809844,251.0,maund/acre,2024-25(1).pdf,68,current
Gujranwala,Gujranwala,Brinjal,2024-25,Kharif,10.398389,105.2,maund/acre,2024-25(1).pdf,68,current
Gujrat,Gujrat,Brinjal,2024-25,Kharif,14.453958,146.23,maund/acre,2024-25(1).pdf,68,current
Hafizabad,Hafizabad,Brinjal,2024-25,Kharif,31.956265,323.3,maund/acre,2024-25(1).pdf,68,current
Jhang,Jhang,Brinjal,2024-25,Kharif,14.342264,145.1,maund/acre,2024-25(1).pdf,68,current
Jhelum,Jhelum,Brinjal,2024-25,Kharif,17.594232,178.0,maund/acre,2024-25(1).pdf,68,current
Kasur,Kasur,Brinjal,2024-25,Kharif,20.431055,206.7,maund/acre,2024-25(1).pdf,68,current
Khanewal,Khanewal,Brinjal,2024-25,Kharif,20.271916,205.09,maund/acre,2024-25(1).pdf,68,current
Khushab,Khushab,Brinjal,2024-25,Kharif,13.937004,141.0,maund/acre,2024-25(1).pdf,68,current
Lahore,Lahore,Brinjal,2024-25,Kharif,22.635276,229.0,maund/acre,2024-25(1).pdf,68,current
Lodhran,Lodhran,Brinjal,2024-25,Kharif,29.050252,293.9,maund/acre,2024-25(1).pdf,68,current
Mandi Bahauddin,M.B.Din,Brinjal,2024-25,Kharif,15.142901,153.2,maund/acre,2024-25(1).pdf,68,current
Mianwali,Mianwali,Brinjal,2024-25,Kharif,25.94655,262.5,maund/acre,2024-25(1).pdf,68,current
Multan,Multan,Brinjal,2024-25,Kharif,14.717872,148.9,maund/acre,2024-25(1).pdf,68,current
Muzaffargarh,Muzaffargarh,Brinjal,2024-25,Kharif,23.784832,240.63,maund/acre,2024-25(1).pdf,68,current
Nankana Sahib,Nankana Sahib,Brinjal,2024-25,Kharif,33.725573,341.2,maund/acre,2024-25(1).pdf,68,current
Narowal,Narowal,Brinjal,2024-25,Kharif,10.902493,110.3,maund/acre,2024-25(1).pdf,68,current
Okara,Okara,Brinjal,2024-25,Kharif,16.15111,163.4,maund/acre,2024-25(1).pdf,68,current
Pakpattan,Pakpattan,Brinjal,2024-25,Kharif,31.13586,315.0,maund/acre,2024-25(1).pdf,68,current
Rahim Yar Khan,Rahim Yar Khan,Brinjal,2024-25,Kharif,31.956265,323.3,maund/acre,2024-25(1).pdf,68,current
Rajanpur,Rajan Pur,Brinjal,2024-25,Kharif,18.612325,188.3,maund/acre,2024-25(1).pdf,68,current
Rawalpindi,RAWALPINDI DV:,Brinjal,2024-25,Kharif,34.229677,346.3,maund/acre,2024-25(1).pdf,68,current
Sahiwal,Sahiwal,Brinjal,2024-25,Kharif,13.541628,137.0,maund/acre,2024-25(1).pdf,68,current
Sargodha,Sargodha,Brinjal,2024-25,Kharif,31.353317,317.2,maund/acre,2024-25(1).pdf,68,current
Sheikhupura,Sheikhupura,Brinjal,2024-25,Kharif,32.1243,325.0,maund/acre,2024-25(1).pdf,68,current
Sialkot,Sialkot,Brinjal,2024-25,Kharif,32.61852,330.0,maund/acre,2024-25(1).pdf,68,current
Toba Tek Singh,T.T. Singh,Brinjal,2024-25,Kharif,32.697595,330.8,maund/acre,2024-25(1).pdf,68,current
Vehari,Vehari,Brinjal,2024-25,Kharif,30.710831,310.7,maund/acre,2024-25(1).pdf,68,current
Wazirabad,Wazirabad,Brinjal,2024-25,Kharif,11.11995,112.5,maund/acre,2024-25(1).pdf,68,current
Attock,Attock,Canola,2024-25,Rabi,1.160429,11.74,maund/acre,2024-25(1).pdf,136,current
Bahawalnagar,Bahawalnagar,Canola,2024-25,Rabi,2.055955,20.8,maund/acre,2024-25(1).pdf,136,current
Bahawalpur,Bahawalpur,Canola,2024-25,Rabi,1.885944,19.08,maund/acre,2024-25(1).pdf,136,current
Bhakkar,Bhakkar,Canola,2024-25,Rabi,1.567666,15.86,maund/acre,2024-25(1).pdf,136,current
Chakwal,Chakwal,Canola,2024-25,Rabi,0.958787,9.7,maund/acre,2024-25(1).pdf,136,current
Chiniot,Chiniot,Canola,2024-25,Rabi,1.307706,13.23,maund/acre,2024-25(1).pdf,136,current
Dera Ghazi Khan,D.G. Khan,Canola,2024-25,Rabi,1.359105,13.75,maund/acre,2024-25(1).pdf,136,current
Faisalabad,Faisalabad,Canola,2024-25,Rabi,2.105377,21.3,maund/acre,2024-25(1).pdf,136,current
Gujrat,Gujrat,Canola,2024-25,Rabi,1.093215,11.06,maund/acre,2024-25(1).pdf,136,current
Jhang,Jhang,Canola,2024-25,Rabi,1.721862,17.42,maund/acre,2024-25(1).pdf,136,current
Kasur,Kasur,Canola,2024-25,Rabi,1.403585,14.2,maund/acre,2024-25(1).pdf,136,current
Khanewal,Khanewal,Canola,2024-25,Rabi,1.363059,13.79,maund/acre,2024-25(1).pdf,136,current
Khushab,Khushab,Canola,2024-25,Rabi,1.249388,12.64,maund/acre,2024-25(1).pdf,136,current
Kot Addu,Kot Addu,Canola,2024-25,Rabi,1.415446,14.32,maund/acre,2024-25(1).pdf,136,current
Layyah,Layyah,Canola,2024-25,Rabi,2.072759,20.97,maund/acre,2024-25(1).pdf,136,current
Lodhran,Lodhran,Canola,2024-25,Rabi,0.918261,9.29,maund/acre,2024-25(1).pdf,136,current
Mianwali,Mianwali,Canola,2024-25,Rabi,1.745585,17.66,maund/acre,2024-25(1).pdf,136,current
Multan,Multan,Canola,2024-25,Rabi,1.550862,15.69,maund/acre,2024-25(1).pdf,136,current
Muzaffargarh,Muzzafargargh,Canola,2024-25,Rabi,1.407539,14.24,maund/acre,2024-25(1).pdf,136,current
Nankana Sahib,Nankana Sahib,Canola,2024-25,Rabi,1.686279,17.06,maund/acre,2024-25(1).pdf,136,current
Narowal,Narowal,Canola,2024-25,Rabi,1.327475,13.43,maund/acre,2024-25(1).pdf,136,current
Okara,Okara,Canola,2024-25,Rabi,1.555805,15.74,maund/acre,2024-25(1).pdf,136,current
Pakpattan,Pakpattan,Canola,2024-25,Rabi,1.436203,14.53,maund/acre,2024-25(1).pdf,136,current
Rahim Yar Khan,Rahim Yar Khan,Canola,2024-25,Rabi,1.852337,18.74,maund/acre,2024-25(1).pdf,136,current
Rajanpur,Rajan Pur,Canola,2024-25,Rabi,1.291891,13.07,maund/acre,2024-25(1).pdf,136,current
Rawalpindi,RAWALPINDI DV:,Canola,2024-25,Rabi,1.016116,10.28,maund/acre,2024-25(1).pdf,136,current
Sahiwal,Sahiwal,Canola,2024-25,Rabi,2.356441,23.84,maund/acre,2024-25(1).pdf,136,current
Sargodha,Sargodha,Canola,2024-25,Rabi,1.765354,17.86,maund/acre,2024-25(1).pdf,136,current
Sheikhupura,Sheikhupura,Canola,2024-25,Rabi,1.704071,17.24,maund/acre,2024-25(1).pdf,136,current
Sialkot,Sialkot,Canola,2024-25,Rabi,1.136706,11.5,maund/acre,2024-25(1).pdf,136,current
Talagang,Talagang,Canola,2024-25,Rabi,0.751214,7.6,maund/acre,2024-25(1).pdf,136,current
Taunsa,Taunsa,Canola,2024-25,Rabi,1.389747,14.06,maund/acre,2024-25(1).pdf,136,current
Toba Tek Singh,T.T. Singh,Canola,2024-25,Rabi,1.703082,17.23,maund/acre,2024-25(1).pdf,136,current
Vehari,Vehari,Canola,2024-25,Rabi,1.560747,15.79,maund/acre,2024-25(1).pdf,136,current
Wazirabad,Wazirabad,Canola,2024-25,Rabi,1.136706,11.5,maund/acre,2024-25(1).pdf,136,current
Bahawalnagar,Bahawalnagar,Cotton,2024-25,Kharif,1.471787,14.89,maund/acre,2024-25(1).pdf,5,current
Bahawalpur,Bahawalpur,Cotton,2024-25,Kharif,1.441146,14.58,maund/acre,2024-25(1).pdf,5,current
Bhakkar,Bhakkar,Cotton,2024-25,Kharif,1.3937,14.1,maund/acre,2024-25(1).pdf,5,current
Chiniot,Chiniot,Cotton,2024-25,Kharif,1.304741,13.2,maund/acre,2024-25(1).pdf,5,current
Dera Ghazi Khan,D.G. Khan,Cotton,2024-25,Kharif,1.421377,14.38,maund/acre,2024-25(1).pdf,5,current
Faisalabad,Faisalabad,Cotton,2024-25,Kharif,0.606902,6.14,maund/acre,2024-25(1).pdf,5,current
Jhang,Jhang,Cotton,2024-25,Kharif,1.580516,15.99,maund/acre,2024-25(1).pdf,5,current
Kasur,Kasur,Cotton,2024-25,Kharif,0.74133,7.5,maund/acre,2024-25(1).pdf,5,current
Khanewal,Khanewal,Cotton,2024-25,Kharif,1.814776,18.36,maund/acre,2024-25(1).pdf,5,current
Khushab,Khushab,Cotton,2024-25,Kharif,1.470799,14.88,maund/acre,2024-25(1).pdf,5,current
Kot Addu,Kot Addu,Cotton,2024-25,Kharif,0.955821,9.67,maund/acre,2024-25(1).pdf,5,current
Layyah,Layyah,Cotton,2024-25,Kharif,0.608879,6.16,maund/acre,2024-25(1).pdf,5,current
Lodhran,Lodhran,Cotton,2024-25,Kharif,1.57755,15.96,maund/acre,2024-25(1).pdf,5,current
Mianwali,Mianwali,Cotton,2024-25,Kharif,1.494521,15.12,maund/acre,2024-25(1).pdf,5,current
Multan,Multan,Cotton,2024-25,Kharif,1.652672,16.72,maund/acre,2024-25(1).pdf,5,current
Muzaffargarh,Muzzafargargh,Cotton,2024-25,Kharif,0.915295,9.26,maund/acre,2024-25(1).pdf,5,current
Okara,Okara,Cotton,2024-25,Kharif,2.181487,22.07,maund/acre,2024-25(1).pdf,5,current
Pakpattan,Pakpattan,Cotton,2024-25,Kharif,1.80588,18.27,maund/acre,2024-25(1).pdf,5,current
Rahim Yar Khan,Rahim Yar Khan,Cotton,2024-25,Kharif,1.130775,11.44,maund/acre,2024-25(1).pdf,5,current
Rajanpur,Rajan Pur,Cotton,2024-25,Kharif,1.110018,11.23,maund/acre,2024-25(1).pdf,5,current
Sahiwal,Sahiwal,Cotton,2024-25,Kharif,2.237828,22.64,maund/acre,2024-25(1).pdf,5,current
Sargodha,Sargodha,Cotton,2024-25,Kharif,0.796683,8.06,maund/acre,2024-25(1).pdf,5,current
Taunsa,Taunsa,Cotton,2024-25,Kharif,1.15944,11.73,maund/acre,2024-25(1).pdf,5,current
Toba Tek Singh,T.T. Singh,Cotton,2024-25,Kharif,0.577249,5.84,maund/acre,2024-25(1).pdf,5,current
Vehari,Vehari,Cotton,2024-25,Kharif,1.789076,18.1,maund/acre,2024-25(1).pdf,5,current
Bahawalpur,Bahawalpur,Cucumber,2024-25,Kharif,90.93648,920.0,maund/acre,2024-25(1).pdf,78,current
Chakwal,Chakwal,Cucumber,2024-25,Kharif,11.86128,120.0,maund/acre,2024-25(1).pdf,78,current
Faisalabad,Faisalabad,Cucumber,2024-25,Kharif,59.088943,597.8,maund/acre,2024-25(1).pdf,78,current
Gujranwala,Gujranwala,Cucumber,2024-25,Kharif,23.72256,240.0,maund/acre,2024-25(1).pdf,78,current
Gujrat,Gujrat,Cucumber,2024-25,Kharif,12.414806,125.6,maund/acre,2024-25(1).pdf,78,current
Jhelum,Jhelum,Cucumber,2024-25,Kharif,14.233536,144.0,maund/acre,2024-25(1).pdf,78,current
Kasur,Kasur,Cucumber,2024-25,Kharif,18.978048,192.0,maund/acre,2024-25(1).pdf,78,current
Lahore,Lahore,Cucumber,2024-25,Kharif,8.085439,81.8,maund/acre,2024-25(1).pdf,78,current
Lodhran,Lodhran,Cucumber,2024-25,Kharif,114.599734,1159.4,maund/acre,2024-25(1).pdf,78,current
Multan,Multan,Cucumber,2024-25,Kharif,10.87284,110.0,maund/acre,2024-25(1).pdf,78,current
Nankana Sahib,Nankana Sahib,Cucumber,2024-25,Kharif,37.56072,380.0,maund/acre,2024-25(1).pdf,78,current
Okara,Okara,Cucumber,2024-25,Kharif,54.85842,555.0,maund/acre,2024-25(1).pdf,78,current
Pakpattan,Pakpattan,Cucumber,2024-25,Kharif,51.497724,521.0,maund/acre,2024-25(1).pdf,78,current
Rawalpindi,Rawalpindi,Cucumber,2024-25,Kharif,31.63008,320.0,maund/acre,2024-25(1).pdf,78,current
Sahiwal,Sahiwal,Cucumber,2024-25,Kharif,45.46824,460.0,maund/acre,2024-25(1).pdf,78,current
Talagang,Talagang,Cucumber,2024-25,Kharif,11.36706,115.0,maund/acre,2024-25(1).pdf,78,current
Toba Tek Singh,T.T. Singh,Cucumber,2024-25,Kharif,48.18645,487.5,maund/acre,2024-25(1).pdf,78,current
Vehari,Vehari,Cucumber,2024-25,Kharif,68.983228,697.9,maund/acre,2024-25(1).pdf,78,current
Wazirabad,Wazirabad,Cucumber,2024-25,Kharif,11.86128,120.0,maund/acre,2024-25(1).pdf,78,current
Bahawalnagar,Bahawalnagar,Dates,2024-25,Kharif,15.241745,154.2,maund/acre,2024-25(1).pdf,90,current
Bahawalpur,Bahawalpur,Dates,2024-25,Kharif,8.40174,85.0,maund/acre,2024-25(1).pdf,90,current
Bhakkar,Bhakkar,Dates,2024-25,Kharif,7.096999,71.8,maund/acre,2024-25(1).pdf,90,current
Chakwal,Chakwal,Dates,2024-25,Kharif,1.710001,17.3,maund/acre,2024-25(1).pdf,90,current
Chiniot,Chiniot,Dates,2024-25,Kharif,10.141394,102.6,maund/acre,2024-25(1).pdf,90,current
Dera Ghazi Khan,D.G. Khan,Dates,2024-25,Kharif,8.223821,83.2,maund/acre,2024-25(1).pdf,90,current
Faisalabad,Faisalabad,Dates,2024-25,Kharif,9.241914,93.5,maund/acre,2024-25(1).pdf,90,current
Hafizabad,Hafizabad,Dates,2024-25,Kharif,6.069022,61.4,maund/acre,2024-25(1).pdf,90,current
Jhang,Jhang,Dates,2024-25,Kharif,14.609143,147.8,maund/acre,2024-25(1).pdf,90,current
Khanewal,Khanewal,Dates,2024-25,Kharif,8.055786,81.5,maund/acre,2024-25(1).pdf,90,current
Khushab,Khushab,Dates,2024-25,Kharif,14.8266,150.0,maund/acre,2024-25(1).pdf,90,current
Kot Addu,Kot Addu,Dates,2024-25,Kharif,8.223821,83.2,maund/acre,2024-25(1).pdf,90,current
Layyah,Layyah,Dates,2024-25,Kharif,6.691739,67.7,maund/acre,2024-25(1).pdf,90,current
Lodhran,Lodhran,Dates,2024-25,Kharif,6.91908,70.0,maund/acre,2024-25(1).pdf,90,current
Mianwali,Mianwali,Dates,2024-25,Kharif,9.587868,97.0,maund/acre,2024-25(1).pdf,90,current
Multan,Multan,Dates,2024-25,Kharif,8.718041,88.2,maund/acre,2024-25(1).pdf,90,current
Muzaffargarh,Muzaffargarh,Dates,2024-25,Kharif,4.823587,48.8,maund/acre,2024-25(1).pdf,90,current
Okara,Okara,Dates,2024-25,Kharif,9.686712,98.0,maund/acre,2024-25(1).pdf,90,current
Pakpattan,Pakpattan,Dates,2024-25,Kharif,8.599428,87.0,maund/acre,2024-25(1).pdf,90,current
Rahim Yar Khan,Rahim Yar Khan,Dates,2024-25,Kharif,8.451162,85.5,maund/acre,2024-25(1).pdf,90,current
Rajanpur,Rajan Pur,Dates,2024-25,Kharif,6.91908,70.0,maund/acre,2024-25(1).pdf,90,current
Rawalpindi,RAWALPINDI DV:,Dates,2024-25,Kharif,1.710001,17.3,maund/acre,2024-25(1).pdf,90,current
Sahiwal,Sahiwal,Dates,2024-25,Kharif,8.204052,83.0,maund/acre,2024-25(1).pdf,90,current
Sargodha,Sargodha,Dates,2024-25,Kharif,7.99648,80.9,maund/acre,2024-25(1).pdf,90,current
Taunsa,Taunsa,Dates,2024-25,Kharif,7.838329,79.3,maund/acre,2024-25(1).pdf,90,current
Toba Tek Singh,T.T. Singh,Dates,2024-25,Kharif,6.849889,69.3,maund/acre,2024-25(1).pdf,90,current
Vehari,Vehari,Dates,2024-25,Kharif,10.62573,107.5,maund/acre,2024-25(1).pdf,90,current
Attock,Attock,Gram,2024-25,Rabi,0.558469,5.65,maund/acre,2024-25(1).pdf,118,current
Bahawalnagar,Bahawalnagar,Gram,2024-25,Rabi,0.871804,8.82,maund/acre,2024-25(1).pdf,118,current
Bahawalpur,Bahawalpur,Gram,2024-25,Rabi,1.435215,14.52,maund/acre,2024-25(1).pdf,118,current
Bhakkar,Bhakkar,Gram,2024-25,Rabi,0.114659,1.16,maund/acre,2024-25(1).pdf,118,current
Chakwal,Chakwal,Gram,2024-25,Rabi,0.860931,8.71,maund/acre,2024-25(1).pdf,118,current
Dera Ghazi Khan,D.G. Khan,Gram,2024-25,Rabi,0.826336,8.36,maund/acre,2024-25(1).pdf,118,current
Gujrat,Gujrat,Gram,2024-25,Rabi,0.205596,2.08,maund/acre,2024-25(1).pdf,118,current
Jhang,Jhang,Gram,2024-25,Rabi,0.123555,1.25,maund/acre,2024-25(1).pdf,118,current
Kasur,Kasur,Gram,2024-25,Rabi,0.24711,2.5,maund/acre,2024-25(1).pdf,118,current
Khushab,Khushab,Gram,2024-25,Rabi,0.157162,1.59,maund/acre,2024-25(1).pdf,118,current
Kot Addu,Kot Addu,Gram,2024-25,Rabi,0.148266,1.5,maund/acre,2024-25(1).pdf,118,current
Layyah,Layyah,Gram,2024-25,Rabi,0.168035,1.7,maund/acre,2024-25(1).pdf,118,current
Mianwali,Mianwali,Gram,2024-25,Rabi,0.342989,3.47,maund/acre,2024-25(1).pdf,118,current
Rawalpindi,Rawalpindi,Gram,2024-25,Rabi,0.564399,5.71,maund/acre,2024-25(1).pdf,118,current
Talagang,Talagang,Gram,2024-25,Rabi,0.716619,7.25,maund/acre,2024-25(1).pdf,118,current
Taunsa,Taunsa,Gram,2024-25,Rabi,0.972625,9.84,maund/acre,2024-25(1).pdf,118,current
Toba Tek Singh,T.T. Singh,Gram,2024-25,Rabi,0.24711,2.5,maund/acre,2024-25(1).pdf,118,current
Attock,Attock,Grapes,2024-25,Other/Perennial,5.515495,55.8,maund/acre,2024-25(1).pdf,92,current
Bahawalnagar,Bahawalnagar,Grapes,2024-25,Other/Perennial,10.754227,108.8,maund/acre,2024-25(1).pdf,92,current
Bahawalpur,Bahawalpur,Grapes,2024-25,Other/Perennial,10.9618,110.9,maund/acre,2024-25(1).pdf,92,current
Bhakkar,Bhakkar,Grapes,2024-25,Other/Perennial,5.317807,53.8,maund/acre,2024-25(1).pdf,92,current
Chakwal,Chakwal,Grapes,2024-25,Other/Perennial,5.139888,52.0,maund/acre,2024-25(1).pdf,92,current
Chiniot,Chiniot,Grapes,2024-25,Other/Perennial,12.157812,123.0,maund/acre,2024-25(1).pdf,92,current
Dera Ghazi Khan,D.G. Khan,Grapes,2024-25,Other/Perennial,10.675152,108.0,maund/acre,2024-25(1).pdf,92,current
Faisalabad,Faisalabad,Grapes,2024-25,Other/Perennial,14.8266,150.0,maund/acre,2024-25(1).pdf,92,current
Gujrat,Gujrat,Grapes,2024-25,Other/Perennial,6.622548,67.0,maund/acre,2024-25(1).pdf,92,current
Jhang,Jhang,Grapes,2024-25,Other/Perennial,10.87284,110.0,maund/acre,2024-25(1).pdf,92,current
Jhelum,Jhelum,Grapes,2024-25,Other/Perennial,9.370411,94.8,maund/acre,2024-25(1).pdf,92,current
Kasur,Kasur,Grapes,2024-25,Other/Perennial,6.840005,69.2,maund/acre,2024-25(1).pdf,92,current
Khanewal,Khanewal,Grapes,2024-25,Other/Perennial,5.120119,51.8,maund/acre,2024-25(1).pdf,92,current
Khushab,Khushab,Grapes,2024-25,Other/Perennial,2.174568,22.0,maund/acre,2024-25(1).pdf,92,current
Layyah,Layyah,Grapes,2024-25,Other/Perennial,13.83816,140.0,maund/acre,2024-25(1).pdf,92,current
Lodhran,Lodhran,Grapes,2024-25,Other/Perennial,11.070528,112.0,maund/acre,2024-25(1).pdf,92,current
Mandi Bahauddin,M.B.Din,Grapes,2024-25,Other/Perennial,6.938849,70.2,maund/acre,2024-25(1).pdf,92,current
Mianwali,Mianwali,Grapes,2024-25,Other/Perennial,9.133186,92.4,maund/acre,2024-25(1).pdf,92,current
Multan,Multan,Grapes,2024-25,Other/Perennial,10.902493,110.3,maund/acre,2024-25(1).pdf,92,current
Muzaffargarh,Muzaffargarh,Grapes,2024-25,Other/Perennial,5.614339,56.8,maund/acre,2024-25(1).pdf,92,current
Nankana Sahib,Nankana Sahib,Grapes,2024-25,Other/Perennial,7.670294,77.6,maund/acre,2024-25(1).pdf,92,current
Okara,Okara,Grapes,2024-25,Other/Perennial,3.894454,39.4,maund/acre,2024-25(1).pdf,92,current
Pakpattan,Pakpattan,Grapes,2024-25,Other/Perennial,18.829782,190.5,maund/acre,2024-25(1).pdf,92,current
Rahim Yar Khan,Rahim Yar Khan,Grapes,2024-25,Other/Perennial,13.304402,134.6,maund/acre,2024-25(1).pdf,92,current
Rawalpindi,Rawalpindi,Grapes,2024-25,Other/Perennial,3.924107,39.7,maund/acre,2024-25(1).pdf,92,current
Sahiwal,Sahiwal,Grapes,2024-25,Other/Perennial,3.45954,35.0,maund/acre,2024-25(1).pdf,92,current
Sargodha,Sargodha,Grapes,2024-25,Other/Perennial,3.103702,31.4,maund/acre,2024-25(1).pdf,92,current
Sheikhupura,Sheikhupura,Grapes,2024-25,Other/Perennial,9.8844,100.0,maund/acre,2024-25(1).pdf,92,current
Sialkot,Sialkot,Grapes,2024-25,Other/Perennial,15.81504,160.0,maund/acre,2024-25(1).pdf,92,current
Talagang,Talagang,Grapes,2024-25,Other/Perennial,7.4133,75.0,maund/acre,2024-25(1).pdf,92,current
Taunsa,Taunsa,Grapes,2024-25,Other/Perennial,9.271567,93.8,maund/acre,2024-25(1).pdf,92,current
Toba Tek Singh,T.T. Singh,Grapes,2024-25,Other/Perennial,14.33238,145.0,maund/acre,2024-25(1).pdf,92,current
Vehari,Vehari,Grapes,2024-25,Other/Perennial,31.234704,316.0,maund/acre,2024-25(1).pdf,92,current
Wazirabad,Wazirabad,Grapes,2024-25,Other/Perennial,6.128328,62.0,maund/acre,2024-25(1).pdf,92,current
Attock,Attock,Groundnut,2024-25,Kharif,0.957798,9.69,maund/acre,2024-25(1).pdf,37,current
Bhakkar,Bhakkar,Groundnut,2024-25,Kharif,0.94396,9.55,maund/acre,2024-25(1).pdf,37,current
Chakwal,Chakwal,Groundnut,2024-25,Kharif,0.810521,8.2,maund/acre,2024-25(1).pdf,37,current
Jhelum,Jhelum,Groundnut,2024-25,Kharif,1.530105,15.48,maund/acre,2024-25(1).pdf,37,current
Khushab,Khushab,Groundnut,2024-25,Kharif,0.579226,5.86,maund/acre,2024-25(1).pdf,37,current
Mianwali,Mianwali,Groundnut,2024-25,Kharif,0.831278,8.41,maund/acre,2024-25(1).pdf,37,current
Rahim Yar Khan,Rahim Yar Khan,Groundnut,2024-25,Kharif,1.862221,18.84,maund/acre,2024-25(1).pdf,37,current
Rawalpindi,Rawalpindi,Groundnut,2024-25,Kharif,1.474752,14.92,maund/acre,2024-25(1).pdf,37,current
Sargodha,Sargodha,Groundnut,2024-25,Kharif,0.939018,9.5,maund/acre,2024-25(1).pdf,37,current
Talagang,Talagang,Groundnut,2024-25,Kharif,0.814475,8.24,maund/acre,2024-25(1).pdf,37,current
Bhakkar,Bhakkar,Guarseed,2024-25,Kharif,0.118613,1.2,maund/acre,2024-25(1).pdf,47,current
Dera Ghazi Khan,D.G. Khan,Guarseed,2024-25,Kharif,0.576261,5.83,maund/acre,2024-25(1).pdf,47,current
Khushab,Khushab,Guarseed,2024-25,Kharif,0.138382,1.4,maund/acre,2024-25(1).pdf,47,current
Layyah,Layyah,Guarseed,2024-25,Kharif,0.697839,7.06,maund/acre,2024-25(1).pdf,47,current
Mianwali,Mianwali,Guarseed,2024-25,Kharif,0.242168,2.45,maund/acre,2024-25(1).pdf,47,current
Rahim Yar Khan,Rahim Yar Khan,Guarseed,2024-25,Kharif,1.326486,13.42,maund/acre,2024-25(1).pdf,47,current
Attock,Attock,Guava,2024-25,Kharif,4.546824,46.0,maund/acre,2024-25(1).pdf,188,current
Bahawalnagar,Bahawalnagar,Guava,2024-25,Kharif,14.233536,144.0,maund/acre,2024-25(1).pdf,188,current
Bahawalpur,Bahawalpur,Guava,2024-25,Kharif,11.070528,112.0,maund/acre,2024-25(1).pdf,188,current
Bhakkar,Bhakkar,Guava,2024-25,Kharif,24.019092,243.0,maund/acre,2024-25(1).pdf,188,current
Chiniot,Chiniot,Guava,2024-25,Kharif,6.326016,64.0,maund/acre,2024-25(1).pdf,188,current
Faisalabad,Faisalabad,Guava,2024-25,Kharif,33.11274,335.0,maund/acre,2024-25(1).pdf,188,current
Gujranwala,Gujranwala,Guava,2024-25,Kharif,12.256656,124.0,maund/acre,2024-25(1).pdf,188,current
Gujrat,Gujrat,Guava,2024-25,Kharif,8.500584,86.0,maund/acre,2024-25(1).pdf,188,current
Hafizabad,Hafizabad,Guava,2024-25,Kharif,14.727756,149.0,maund/acre,2024-25(1).pdf,188,current
Jhang,Jhang,Guava,2024-25,Kharif,14.628912,148.0,maund/acre,2024-25(1).pdf,188,current
Jhelum,Jhelum,Guava,2024-25,Kharif,6.91908,70.0,maund/acre,2024-25(1).pdf,188,current
Kasur,Kasur,Guava,2024-25,Kharif,23.030652,233.0,maund/acre,2024-25(1).pdf,188,current
Khanewal,Khanewal,Guava,2024-25,Kharif,19.175736,194.0,maund/acre,2024-25(1).pdf,188,current
Khushab,Khushab,Guava,2024-25,Kharif,5.041044,51.0,maund/acre,2024-25(1).pdf,188,current
Kot Addu,Kot Addu,Guava,2024-25,Kharif,5.93064,60.0,maund/acre,2024-25(1).pdf,188,current
Lahore,Lahore,Guava,2024-25,Kharif,13.34394,135.0,maund/acre,2024-25(1).pdf,188,current
Layyah,Layyah,Guava,2024-25,Kharif,10.180932,103.0,maund/acre,2024-25(1).pdf,188,current
Lodhran,Lodhran,Guava,2024-25,Kharif,13.146252,133.0,maund/acre,2024-25(1).pdf,188,current
Mandi Bahauddin,M.B.Din,Guava,2024-25,Kharif,11.663592,118.0,maund/acre,2024-25(1).pdf,188,current
Mianwali,Mianwali,Guava,2024-25,Kharif,16.012728,162.0,maund/acre,2024-25(1).pdf,188,current
Multan,Multan,Guava,2024-25,Kharif,7.116768,72.0,maund/acre,2024-25(1).pdf,188,current
Murree,Muree,Guava,2024-25,Kharif,3.45954,35.0,maund/acre,2024-25(1).pdf,188,current
Muzaffargarh,Muzaffargarh,Guava,2024-25,Kharif,12.750876,129.0,maund/acre,2024-25(1).pdf,188,current
Nankana Sahib,Nankana Sahib,Guava,2024-25,Kharif,26.094816,264.0,maund/acre,2024-25(1).pdf,188,current
Narowal,Narowal,Guava,2024-25,Kharif,14.134692,143.0,maund/acre,2024-25(1).pdf,188,current
Okara,Okara,Guava,2024-25,Kharif,32.1243,325.0,maund/acre,2024-25(1).pdf,188,current
Pakpattan,Pakpattan,Guava,2024-25,Kharif,10.477464,106.0,maund/acre,2024-25(1).pdf,188,current
Rahim Yar Khan,Rahim Yar Khan,Guava,2024-25,Kharif,16.012728,162.0,maund/acre,2024-25(1).pdf,188,current
Rajanpur,Rajan Pur,Guava,2024-25,Kharif,8.797116,89.0,maund/acre,2024-25(1).pdf,188,current
Rawalpindi,Rawalpindi,Guava,2024-25,Kharif,11.268216,114.0,maund/acre,2024-25(1).pdf,188,current
Sahiwal,Sahiwal,Guava,2024-25,Kharif,13.541628,137.0,maund/acre,2024-25(1).pdf,188,current
Sargodha,Sargodha,Guava,2024-25,Kharif,15.518508,157.0,maund/acre,2024-25(1).pdf,188,current
Sheikhupura,Sheikhupura,Guava,2024-25,Kharif,34.200024,346.0,maund/acre,2024-25(1).pdf,188,current
Sialkot,Sialkot,Guava,2024-25,Kharif,13.245096,134.0,maund/acre,2024-25(1).pdf,188,current
Taunsa,Taunsa,Guava,2024-25,Kharif,9.192492,93.0,maund/acre,2024-25(1).pdf,188,current
Toba Tek Singh,T.T. Singh,Guava,2024-25,Kharif,11.564748,117.0,maund/acre,2024-25(1).pdf,188,current
Vehari,Vehari,Guava,2024-25,Kharif,28.269384,286.0,maund/acre,2024-25(1).pdf,188,current
Wazirabad,Wazirabad,Guava,2024-25,Kharif,11.169372,113.0,maund/acre,2024-25(1).pdf,188,current
Attock,Attock,Jowar,2024-25,Kharif,0.271821,2.75,maund/acre,2024-25(1).pdf,52,current
Chakwal,Chakwal,Jowar,2024-25,Kharif,0.410203,4.15,maund/acre,2024-25(1).pdf,52,current
Dera Ghazi Khan,D.G. Khan,Jowar,2024-25,Kharif,0.391422,3.96,maund/acre,2024-25(1).pdf,52,current
Kasur,Kasur,Jowar,2024-25,Kharif,1.186128,12.0,maund/acre,2024-25(1).pdf,52,current
Khanewal,Khanewal,Jowar,2024-25,Kharif,0.632602,6.4,maund/acre,2024-25(1).pdf,52,current
Layyah,Layyah,Jowar,2024-25,Kharif,0.392411,3.97,maund/acre,2024-25(1).pdf,52,current
Mianwali,Mianwali,Jowar,2024-25,Kharif,0.792729,8.02,maund/acre,2024-25(1).pdf,52,current
Multan,Multan,Jowar,2024-25,Kharif,0.596029,6.03,maund/acre,2024-25(1).pdf,52,current
Rajanpur,Rajan Pur,Jowar,2024-25,Kharif,0.49422,5.0,maund/acre,2024-25(1).pdf,52,current
Rawalpindi,Rawalpindi,Jowar,2024-25,Kharif,0.437879,4.43,maund/acre,2024-25(1).pdf,52,current
Talagang,Talagang,Jowar,2024-25,Kharif,0.365723,3.7,maund/acre,2024-25(1).pdf,52,current
Toba Tek Singh,T.T. Singh,Jowar,2024-25,Kharif,1.71692,17.37,maund/acre,2024-25(1).pdf,52,current
Attock,Attock,Kharif Fodder,2024-25,Kharif,28.981061,293.2,maund/acre,2024-25(1).pdf,108,current
Bahawalnagar,Bahawalnagar,Kharif Fodder,2024-25,Kharif,43.432054,439.4,maund/acre,2024-25(1).pdf,108,current
Bahawalpur,Bahawalpur,Kharif Fodder,2024-25,Kharif,36.16702,365.9,maund/acre,2024-25(1).pdf,108,current
Bhakkar,Bhakkar,Kharif Fodder,2024-25,Kharif,29.860772,302.1,maund/acre,2024-25(1).pdf,108,current
Chakwal,Chakwal,Kharif Fodder,2024-25,Kharif,21.577645,218.3,maund/acre,2024-25(1).pdf,108,current
Chiniot,Chiniot,Kharif Fodder,2024-25,Kharif,30.335224,306.9,maund/acre,2024-25(1).pdf,108,current
Dera Ghazi Khan,D.G. Khan,Kharif Fodder,2024-25,Kharif,32.331872,327.1,maund/acre,2024-25(1).pdf,108,current
Faisalabad,Faisalabad,Kharif Fodder,2024-25,Kharif,36.690893,371.2,maund/acre,2024-25(1).pdf,108,current
Gujranwala,Gujranwala,Kharif Fodder,2024-25,Kharif,38.183437,386.3,maund/acre,2024-25(1).pdf,108,current
Gujrat,Gujrat,Kharif Fodder,2024-25,Kharif,33.419156,338.1,maund/acre,2024-25(1).pdf,108,current
Hafizabad,Hafizabad,Kharif Fodder,2024-25,Kharif,40.12078,405.9,maund/acre,2024-25(1).pdf,108,current
Islamabad,Islamabad,Kharif Fodder,2024-25,Kharif,27.1821,275.0,maund/acre,2024-25(1).pdf,108,current
Jhang,Jhang,Kharif Fodder,2024-25,Kharif,37.580489,380.2,maund/acre,2024-25(1).pdf,108,current
Jhelum,Jhelum,Kharif Fodder,2024-25,Kharif,31.946381,323.2,maund/acre,2024-25(1).pdf,108,current
Kasur,Kasur,Kharif Fodder,2024-25,Kharif,36.433898,368.6,maund/acre,2024-25(1).pdf,108,current
Khanewal,Khanewal,Kharif Fodder,2024-25,Kharif,34.980892,353.9,maund/acre,2024-25(1).pdf,108,current
Khushab,Khushab,Kharif Fodder,2024-25,Kharif,19.11643,193.4,maund/acre,2024-25(1).pdf,108,current
Kot Addu,Kot Addu,Kharif Fodder,2024-25,Kharif,31.916728,322.9,maund/acre,2024-25(1).pdf,108,current
Lahore,Lahore,Kharif Fodder,2024-25,Kharif,37.017078,374.5,maund/acre,2024-25(1).pdf,108,current
Layyah,Layyah,Kharif Fodder,2024-25,Kharif,22.763773,230.3,maund/acre,2024-25(1).pdf,108,current
Lodhran,Lodhran,Kharif Fodder,2024-25,Kharif,39.181762,396.4,maund/acre,2024-25(1).pdf,108,current
Mandi Bahauddin,M.B.Din,Kharif Fodder,2024-25,Kharif,44.519338,450.4,maund/acre,2024-25(1).pdf,108,current
Mianwali,Mianwali,Kharif Fodder,2024-25,Kharif,22.190478,224.5,maund/acre,2024-25(1).pdf,108,current
Multan,Multan,Kharif Fodder,2024-25,Kharif,37.481645,379.2,maund/acre,2024-25(1).pdf,108,current
Murree,Muree,Kharif Fodder,2024-25,Kharif,23.169034,234.4,maund/acre,2024-25(1).pdf,108,current
Muzaffargarh,Muzzafargargh,Kharif Fodder,2024-25,Kharif,37.817714,382.6,maund/acre,2024-25(1).pdf,108,current
Nankana Sahib,Nankana Sahib,Kharif Fodder,2024-25,Kharif,42.572111,430.7,maund/acre,2024-25(1).pdf,108,current
Narowal,Narowal,Kharif Fodder,2024-25,Kharif,25.630249,259.3,maund/acre,2024-25(1).pdf,108,current
Okara,Okara,Kharif Fodder,2024-25,Kharif,40.110895,405.8,maund/acre,2024-25(1).pdf,108,current
Pakpattan,Pakpattan,Kharif Fodder,2024-25,Kharif,34.368059,347.7,maund/acre,2024-25(1).pdf,108,current
Rahim Yar Khan,Rahim Yar Khan,Kharif Fodder,2024-25,Kharif,40.634768,411.1,maund/acre,2024-25(1).pdf,108,current
Rajanpur,Rajan Pur,Kharif Fodder,2024-25,Kharif,28.763604,291.0,maund/acre,2024-25(1).pdf,108,current
Rawalpindi,Rawalpindi,Kharif Fodder,2024-25,Kharif,29.109558,294.5,maund/acre,2024-25(1).pdf,108,current
Sahiwal,Sahiwal,Kharif Fodder,2024-25,Kharif,38.697426,391.5,maund/acre,2024-25(1).pdf,108,current
Sargodha,Sargodha,Kharif Fodder,2024-25,Kharif,39.102686,395.6,maund/acre,2024-25(1).pdf,108,current
Sheikhupura,Sheikhupura,Kharif Fodder,2024-25,Kharif,38.964305,394.2,maund/acre,2024-25(1).pdf,108,current
Sialkot,Sialkot,Kharif Fodder,2024-25,Kharif,37.71887,381.6,maund/acre,2024-25(1).pdf,108,current
Talagang,Talagang,Kharif Fodder,2024-25,Kharif,20.589205,208.3,maund/acre,2024-25(1).pdf,108,current
Toba Tek Singh,T.T. Singh,Kharif Fodder,2024-25,Kharif,32.292335,326.7,maund/acre,2024-25(1).pdf,108,current
Vehari,Vehari,Kharif Fodder,2024-25,Kharif,34.130833,345.3,maund/acre,2024-25(1).pdf,108,current
Wazirabad,Wazirabad,Kharif Fodder,2024-25,Kharif,39.458525,399.2,maund/acre,2024-25(1).pdf,108,current
Attock,Attock,Ladyfinger,2024-25,Kharif,8.411624,85.1,maund/acre,2024-25(1).pdf,60,current
Bahawalnagar,Bahawalnagar,Ladyfinger,2024-25,Kharif,11.989777,121.3,maund/acre,2024-25(1).pdf,60,current
Bahawalpur,Bahawalpur,Ladyfinger,2024-25,Kharif,9.765787,98.8,maund/acre,2024-25(1).pdf,60,current
Bhakkar,Bhakkar,Ladyfinger,2024-25,Kharif,14.559721,147.3,maund/acre,2024-25(1).pdf,60,current
Chakwal,Chakwal,Ladyfinger,2024-25,Kharif,8.105208,82.0,maund/acre,2024-25(1).pdf,60,current
Chiniot,Chiniot,Ladyfinger,2024-25,Kharif,11.376944,115.1,maund/acre,2024-25(1).pdf,60,current
Dera Ghazi Khan,D.G. Khan,Ladyfinger,2024-25,Kharif,9.024457,91.3,maund/acre,2024-25(1).pdf,60,current
Faisalabad,Faisalabad,Ladyfinger,2024-25,Kharif,15.686543,158.7,maund/acre,2024-25(1).pdf,60,current
Gujranwala,Gujranwala,Ladyfinger,2024-25,Kharif,17.495388,177.0,maund/acre,2024-25(1).pdf,60,current
Gujrat,Gujrat,Ladyfinger,2024-25,Kharif,11.386829,115.2,maund/acre,2024-25(1).pdf,60,current
Hafizabad,Hafizabad,Ladyfinger,2024-25,Kharif,9.172723,92.8,maund/acre,2024-25(1).pdf,60,current
Jhang,Jhang,Ladyfinger,2024-25,Kharif,10.408273,105.3,maund/acre,2024-25(1).pdf,60,current
Jhelum,Jhelum,Ladyfinger,2024-25,Kharif,12.553188,127.0,maund/acre,2024-25(1).pdf,60,current
Kasur,Kasur,Ladyfinger,2024-25,Kharif,15.676658,158.6,maund/acre,2024-25(1).pdf,60,current
Khanewal,Khanewal,Ladyfinger,2024-25,Kharif,10.87284,110.0,maund/acre,2024-25(1).pdf,60,current
Khushab,Khushab,Ladyfinger,2024-25,Kharif,6.721392,68.0,maund/acre,2024-25(1).pdf,60,current
Kot Addu,Kot Addu,Ladyfinger,2024-25,Kharif,6.029484,61.0,maund/acre,2024-25(1).pdf,60,current
Lahore,Lahore,Ladyfinger,2024-25,Kharif,9.894284,100.1,maund/acre,2024-25(1).pdf,60,current
Lodhran,Lodhran,Ladyfinger,2024-25,Kharif,8.797116,89.0,maund/acre,2024-25(1).pdf,60,current
Mandi Bahauddin,M.B.Din,Ladyfinger,2024-25,Kharif,17.762267,179.7,maund/acre,2024-25(1).pdf,60,current
Mianwali,Mianwali,Ladyfinger,2024-25,Kharif,11.564748,117.0,maund/acre,2024-25(1).pdf,60,current
Multan,Multan,Ladyfinger,2024-25,Kharif,19.27458,195.0,maund/acre,2024-25(1).pdf,60,current
Muzaffargarh,Muzaffargarh,Ladyfinger,2024-25,Kharif,10.082088,102.0,maund/acre,2024-25(1).pdf,60,current
Nankana Sahib,Nankana Sahib,Ladyfinger,2024-25,Kharif,19.580996,198.1,maund/acre,2024-25(1).pdf,60,current
Narowal,Narowal,Ladyfinger,2024-25,Kharif,9.607637,97.2,maund/acre,2024-25(1).pdf,60,current
Okara,Okara,Ladyfinger,2024-25,Kharif,11.040875,111.7,maund/acre,2024-25(1).pdf,60,current
Pakpattan,Pakpattan,Ladyfinger,2024-25,Kharif,8.332549,84.3,maund/acre,2024-25(1).pdf,60,current
Rahim Yar Khan,Rahim Yar Khan,Ladyfinger,2024-25,Kharif,20.658396,209.0,maund/acre,2024-25(1).pdf,60,current
Rajanpur,Rajan Pur,Ladyfinger,2024-25,Kharif,4.625899,46.8,maund/acre,2024-25(1).pdf,60,current
Rawalpindi,Rawalpindi,Ladyfinger,2024-25,Kharif,18.78036,190.0,maund/acre,2024-25(1).pdf,60,current
Sahiwal,Sahiwal,Ladyfinger,2024-25,Kharif,12.711338,128.6,maund/acre,2024-25(1).pdf,60,current
Sargodha,Sargodha,Ladyfinger,2024-25,Kharif,10.9618,110.9,maund/acre,2024-25(1).pdf,60,current
Sheikhupura,Sheikhupura,Ladyfinger,2024-25,Kharif,10.655383,107.8,maund/acre,2024-25(1).pdf,60,current
Sialkot,Sialkot,Ladyfinger,2024-25,Kharif,23.920248,242.0,maund/acre,2024-25(1).pdf,60,current
Talagang,Talagang,Ladyfinger,2024-25,Kharif,7.90752,80.0,maund/acre,2024-25(1).pdf,60,current
Toba Tek Singh,T.T. Singh,Ladyfinger,2024-25,Kharif,18.019261,182.3,maund/acre,2024-25(1).pdf,60,current
Vehari,Vehari,Ladyfinger,2024-25,Kharif,17.307584,175.1,maund/acre,2024-25(1).pdf,60,current
Wazirabad,Wazirabad,Ladyfinger,2024-25,Kharif,17.465735,176.7,maund/acre,2024-25(1).pdf,60,current
Attock,Attock,Litchi,2024-25,Kharif,2.945551,29.8,maund/acre,2024-25(1).pdf,102,current
Chiniot,Chiniot,Litchi,2024-25,Kharif,8.757578,88.6,maund/acre,2024-25(1).pdf,102,current
Faisalabad,Faisalabad,Litchi,2024-25,Kharif,2.96532,30.0,maund/acre,2024-25(1).pdf,102,current
Gujrat,Gujrat,Litchi,2024-25,Kharif,4.9422,50.0,maund/acre,2024-25(1).pdf,102,current
Hafizabad,Hafizabad,Litchi,2024-25,Kharif,6.227172,63.0,maund/acre,2024-25(1).pdf,102,current
Jhang,Jhang,Litchi,2024-25,Kharif,2.214106,22.4,maund/acre,2024-25(1).pdf,102,current
Kasur,Kasur,Litchi,2024-25,Kharif,7.126652,72.1,maund/acre,2024-25(1).pdf,102,current
Khanewal,Khanewal,Litchi,2024-25,Kharif,7.353994,74.4,maund/acre,2024-25(1).pdf,102,current
Lahore,Lahore,Litchi,2024-25,Kharif,6.187634,62.6,maund/acre,2024-25(1).pdf,102,current
Lodhran,Lodhran,Litchi,2024-25,Kharif,0.889596,9.0,maund/acre,2024-25(1).pdf,102,current
Mandi Bahauddin,M.B.Din,Litchi,2024-25,Kharif,6.454513,65.3,maund/acre,2024-25(1).pdf,102,current
Mianwali,Mianwali,Litchi,2024-25,Kharif,3.95376,40.0,maund/acre,2024-25(1).pdf,102,current
Multan,Multan,Litchi,2024-25,Kharif,3.756072,38.0,maund/acre,2024-25(1).pdf,102,current
Nankana Sahib,Nankana Sahib,Litchi,2024-25,Kharif,7.531913,76.2,maund/acre,2024-25(1).pdf,102,current
Narowal,Narowal,Litchi,2024-25,Kharif,2.599597,26.3,maund/acre,2024-25(1).pdf,102,current
Okara,Okara,Litchi,2024-25,Kharif,4.9422,50.0,maund/acre,2024-25(1).pdf,102,current
Pakpattan,Pakpattan,Litchi,2024-25,Kharif,8.73781,88.4,maund/acre,2024-25(1).pdf,102,current
Rawalpindi,Rawalpindi,Litchi,2024-25,Kharif,8.89596,90.0,maund/acre,2024-25(1).pdf,102,current
Sahiwal,Sahiwal,Litchi,2024-25,Kharif,3.637459,36.8,maund/acre,2024-25(1).pdf,102,current
Sheikhupura,Sheikhupura,Litchi,2024-25,Kharif,8.846538,89.5,maund/acre,2024-25(1).pdf,102,current
Sialkot,Sialkot,Litchi,2024-25,Kharif,4.230523,42.8,maund/acre,2024-25(1).pdf,102,current
Vehari,Vehari,Litchi,2024-25,Kharif,1.037862,10.5,maund/acre,2024-25(1).pdf,102,current
Wazirabad,Wazirabad,Litchi,2024-25,Kharif,5.980062,60.5,maund/acre,2024-25(1).pdf,102,current
Attock,Attock,Lufa,2024-25,Kharif,23.692907,239.7,maund/acre,2024-25(1).pdf,74,current
Bahawalnagar,Bahawalnagar,Lufa,2024-25,Kharif,5.93064,60.0,maund/acre,2024-25(1).pdf,74,current
Bahawalpur,Bahawalpur,Lufa,2024-25,Kharif,9.54833,96.6,maund/acre,2024-25(1).pdf,74,current
Bhakkar,Bhakkar,Lufa,2024-25,Kharif,11.446135,115.8,maund/acre,2024-25(1).pdf,74,current
Chiniot,Chiniot,Lufa,2024-25,Kharif,12.84972,130.0,maund/acre,2024-25(1).pdf,74,current
Dera Ghazi Khan,D.G. Khan,Lufa,2024-25,Kharif,11.36706,115.0,maund/acre,2024-25(1).pdf,74,current
Faisalabad,Faisalabad,Lufa,2024-25,Kharif,18.790244,190.1,maund/acre,2024-25(1).pdf,74,current
Gujranwala,Gujranwala,Lufa,2024-25,Kharif,9.528562,96.4,maund/acre,2024-25(1).pdf,74,current
Gujrat,Gujrat,Lufa,2024-25,Kharif,10.611892,107.36,maund/acre,2024-25(1).pdf,74,current
Jhang,Jhang,Lufa,2024-25,Kharif,7.314456,74.0,maund/acre,2024-25(1).pdf,74,current
Kasur,Kasur,Lufa,2024-25,Kharif,23.416144,236.9,maund/acre,2024-25(1).pdf,74,current
Khanewal,Khanewal,Lufa,2024-25,Kharif,6.91908,70.0,maund/acre,2024-25(1).pdf,74,current
Khushab,Khushab,Lufa,2024-25,Kharif,4.645668,47.0,maund/acre,2024-25(1).pdf,74,current
Kot Addu,Kot Addu,Lufa,2024-25,Kharif,21.350304,216.0,maund/acre,2024-25(1).pdf,74,current
Lahore,Lahore,Lufa,2024-25,Kharif,16.190647,163.8,maund/acre,2024-25(1).pdf,74,current
Lodhran,Lodhran,Lufa,2024-25,Kharif,21.814871,220.7,maund/acre,2024-25(1).pdf,74,current
Mandi Bahauddin,M.B.Din,Lufa,2024-25,Kharif,12.616448,127.64,maund/acre,2024-25(1).pdf,74,current
Mianwali,Mianwali,Lufa,2024-25,Kharif,8.975035,90.8,maund/acre,2024-25(1).pdf,74,current
Multan,Multan,Lufa,2024-25,Kharif,11.465904,116.0,maund/acre,2024-25(1).pdf,74,current
Muzaffargarh,Muzaffargarh,Lufa,2024-25,Kharif,11.040875,111.7,maund/acre,2024-25(1).pdf,74,current
Nankana Sahib,Nankana Sahib,Lufa,2024-25,Kharif,18.859435,190.8,maund/acre,2024-25(1).pdf,74,current
Narowal,Narowal,Lufa,2024-25,Kharif,7.90752,80.0,maund/acre,2024-25(1).pdf,74,current
Okara,Okara,Lufa,2024-25,Kharif,15.024288,152.0,maund/acre,2024-25(1).pdf,74,current
Pakpattan,Pakpattan,Lufa,2024-25,Kharif,12.009546,121.5,maund/acre,2024-25(1).pdf,74,current
Rahim Yar Khan,Rahim Yar Khan,Lufa,2024-25,Kharif,19.531574,197.6,maund/acre,2024-25(1).pdf,74,current
Rajanpur,Rajan Pur,Lufa,2024-25,Kharif,5.446304,55.1,maund/acre,2024-25(1).pdf,74,current
Rawalpindi,Rawalpindi,Lufa,2024-25,Kharif,18.661747,188.8,maund/acre,2024-25(1).pdf,74,current
Sahiwal,Sahiwal,Lufa,2024-25,Kharif,6.968502,70.5,maund/acre,2024-25(1).pdf,74,current
Sargodha,Sargodha,Lufa,2024-25,Kharif,15.795271,159.8,maund/acre,2024-25(1).pdf,74,current
Sheikhupura,Sheikhupura,Lufa,2024-25,Kharif,14.520184,146.9,maund/acre,2024-25(1).pdf,74,current
Sialkot,Sialkot,Lufa,2024-25,Kharif,14.233536,144.0,maund/acre,2024-25(1).pdf,74,current
Toba Tek Singh,T.T. Singh,Lufa,2024-25,Kharif,6.098675,61.7,maund/acre,2024-25(1).pdf,74,current
Vehari,Vehari,Lufa,2024-25,Kharif,17.584348,177.9,maund/acre,2024-25(1).pdf,74,current
Wazirabad,Wazirabad,Lufa,2024-25,Kharif,10.87284,110.0,maund/acre,2024-25(1).pdf,74,current
Attock,Attock,Maize (Autumn),2024-25,Kharif,4.763292,48.19,maund/acre,2024-25(1).pdf,15,current
Bahawalnagar,Bahawalnagar,Maize (Autumn),2024-25,Kharif,7.873913,79.66,maund/acre,2024-25(1).pdf,15,current
Bahawalpur,Bahawalpur,Maize (Autumn),2024-25,Kharif,7.146421,72.3,maund/acre,2024-25(1).pdf,15,current
Chiniot,Chiniot,Maize (Autumn),2024-25,Kharif,7.291722,73.77,maund/acre,2024-25(1).pdf,15,current
Dera Ghazi Khan,D.G. Khan,Maize (Autumn),2024-25,Kharif,4.9422,50.0,maund/acre,2024-25(1).pdf,15,current
Faisalabad,Faisalabad,Maize (Autumn),2024-25,Kharif,6.277582,63.51,maund/acre,2024-25(1).pdf,15,current
Jhang,Jhang,Maize (Autumn),2024-25,Kharif,6.966525,70.48,maund/acre,2024-25(1).pdf,15,current
Jhelum,Jhelum,Maize (Autumn),2024-25,Kharif,5.634108,57.0,maund/acre,2024-25(1).pdf,15,current
Kasur,Kasur,Maize (Autumn),2024-25,Kharif,6.698658,67.77,maund/acre,2024-25(1).pdf,15,current
Khanewal,Khanewal,Maize (Autumn),2024-25,Kharif,6.48812,65.64,maund/acre,2024-25(1).pdf,15,current
Lodhran,Lodhran,Maize (Autumn),2024-25,Kharif,7.182993,72.67,maund/acre,2024-25(1).pdf,15,current
Multan,Multan,Maize (Autumn),2024-25,Kharif,6.57708,66.54,maund/acre,2024-25(1).pdf,15,current
Murree,Muree,Maize (Autumn),2024-25,Kharif,1.992695,20.16,maund/acre,2024-25(1).pdf,15,current
Muzaffargarh,Muzzafargargh,Maize (Autumn),2024-25,Kharif,6.515796,65.92,maund/acre,2024-25(1).pdf,15,current
Nankana Sahib,Nankana Sahib,Maize (Autumn),2024-25,Kharif,6.650224,67.28,maund/acre,2024-25(1).pdf,15,current
Okara,Okara,Maize (Autumn),2024-25,Kharif,7.290733,73.76,maund/acre,2024-25(1).pdf,15,current
Pakpattan,Pakpattan,Maize (Autumn),2024-25,Kharif,6.096698,61.68,maund/acre,2024-25(1).pdf,15,current
Rahim Yar Khan,Rahim Yar Khan,Maize (Autumn),2024-25,Kharif,6.797502,68.77,maund/acre,2024-25(1).pdf,15,current
Rawalpindi,Rawalpindi,Maize (Autumn),2024-25,Kharif,2.403886,24.32,maund/acre,2024-25(1).pdf,15,current
Sahiwal,Sahiwal,Maize (Autumn),2024-25,Kharif,6.723369,68.02,maund/acre,2024-25(1).pdf,15,current
Sargodha,Sargodha,Maize (Autumn),2024-25,Kharif,6.702612,67.81,maund/acre,2024-25(1).pdf,15,current
Toba Tek Singh,T.T. Singh,Maize (Autumn),2024-25,Kharif,6.379392,64.54,maund/acre,2024-25(1).pdf,15,current
Vehari,Vehari,Maize (Autumn),2024-25,Kharif,6.62749,67.05,maund/acre,2024-25(1).pdf,15,current
Bahawalnagar,Bahawalnagar,Maize (Spring),2024-25,Kharif,8.4907,85.9,maund/acre,2024-25(1).pdf,123,current
Bahawalpur,Bahawalpur,Maize (Spring),2024-25,Kharif,5.535264,56.0,maund/acre,2024-25(1).pdf,123,current
Chiniot,Chiniot,Maize (Spring),2024-25,Kharif,10.003013,101.2,maund/acre,2024-25(1).pdf,123,current
Faisalabad,Faisalabad,Maize (Spring),2024-25,Kharif,8.055786,81.5,maund/acre,2024-25(1).pdf,123,current
Hafizabad,Hafizabad,Maize (Spring),2024-25,Kharif,5.732952,58.0,maund/acre,2024-25(1).pdf,123,current
Jhang,Jhang,Maize (Spring),2024-25,Kharif,6.454513,65.3,maund/acre,2024-25(1).pdf,123,current
Jhelum,Jhelum,Maize (Spring),2024-25,Kharif,6.83012,69.1,maund/acre,2024-25(1).pdf,123,current
Kasur,Kasur,Maize (Spring),2024-25,Kharif,9.47914,95.9,maund/acre,2024-25(1).pdf,123,current
Khanewal,Khanewal,Maize (Spring),2024-25,Kharif,7.66041,77.5,maund/acre,2024-25(1).pdf,123,current
Khushab,Khushab,Maize (Spring),2024-25,Kharif,7.769138,78.6,maund/acre,2024-25(1).pdf,123,current
Lahore,Lahore,Maize (Spring),2024-25,Kharif,5.475958,55.4,maund/acre,2024-25(1).pdf,123,current
Lodhran,Lodhran,Maize (Spring),2024-25,Kharif,5.485842,55.5,maund/acre,2024-25(1).pdf,123,current
Mandi Bahauddin,M.B.Din,Maize (Spring),2024-25,Kharif,3.410118,34.5,maund/acre,2024-25(1).pdf,123,current
Multan,Multan,Maize (Spring),2024-25,Kharif,5.84168,59.1,maund/acre,2024-25(1).pdf,123,current
Muzaffargarh,Muzzafargargh,Maize (Spring),2024-25,Kharif,7.067346,71.5,maund/acre,2024-25(1).pdf,123,current
Nankana Sahib,Nankana Sahib,Maize (Spring),2024-25,Kharif,6.454513,65.3,maund/acre,2024-25(1).pdf,123,current
Okara,Okara,Maize (Spring),2024-25,Kharif,8.876191,89.8,maund/acre,2024-25(1).pdf,123,current
Pakpattan,Pakpattan,Maize (Spring),2024-25,Kharif,7.551682,76.4,maund/acre,2024-25(1).pdf,123,current
Rahim Yar Khan,Rahim Yar Khan,Maize (Spring),2024-25,Kharif,6.118444,61.9,maund/acre,2024-25(1).pdf,123,current
Rawalpindi,RAWALPINDI DV:,Maize (Spring),2024-25,Kharif,6.83012,69.1,maund/acre,2024-25(1).pdf,123,current
Sahiwal,Sahiwal,Maize (Spring),2024-25,Kharif,8.421509,85.2,maund/acre,2024-25(1).pdf,123,current
Sargodha,Sargodha,Maize (Spring),2024-25,Kharif,5.861449,59.3,maund/acre,2024-25(1).pdf,123,current
Sheikhupura,Sheikhupura,Maize (Spring),2024-25,Kharif,5.416651,54.8,maund/acre,2024-25(1).pdf,123,current
Sialkot,Sialkot,Maize (Spring),2024-25,Kharif,11.376944,115.1,maund/acre,2024-25(1).pdf,123,current
Toba Tek Singh,T.T. Singh,Maize (Spring),2024-25,Kharif,7.927289,80.2,maund/acre,2024-25(1).pdf,123,current
Vehari,Vehari,Maize (Spring),2024-25,Kharif,6.464398,65.4,maund/acre,2024-25(1).pdf,123,current
Wazirabad,Wazirabad,Maize (Spring),2024-25,Kharif,8.105208,82.0,maund/acre,2024-25(1).pdf,123,current
Bahawalnagar,Bahawalnagar,Mango,2024-25,Kharif,6.770814,68.5,maund/acre,2024-25(1).pdf,94,current
Bahawalpur,Bahawalpur,Mango,2024-25,Kharif,9.311105,94.2,maund/acre,2024-25(1).pdf,94,current
Bhakkar,Bhakkar,Mango,2024-25,Kharif,9.320989,94.3,maund/acre,2024-25(1).pdf,94,current
Chiniot,Chiniot,Mango,2024-25,Kharif,11.722898,118.6,maund/acre,2024-25(1).pdf,94,current
Dera Ghazi Khan,D.G. Khan,Mango,2024-25,Kharif,15.340589,155.2,maund/acre,2024-25(1).pdf,94,current
Faisalabad,Faisalabad,Mango,2024-25,Kharif,10.457695,105.8,maund/acre,2024-25(1).pdf,94,current
Gujranwala,Gujranwala,Mango,2024-25,Kharif,13.83816,140.0,maund/acre,2024-25(1).pdf,94,current
Gujrat,Gujrat,Mango,2024-25,Kharif,4.44798,45.0,maund/acre,2024-25(1).pdf,94,current
Hafizabad,Hafizabad,Mango,2024-25,Kharif,6.187634,62.6,maund/acre,2024-25(1).pdf,94,current
Jhang,Jhang,Mango,2024-25,Kharif,11.683361,118.2,maund/acre,2024-25(1).pdf,94,current
Jhelum,Jhelum,Mango,2024-25,Kharif,8.105208,82.0,maund/acre,2024-25(1).pdf,94,current
Kasur,Kasur,Mango,2024-25,Kharif,12.3555,125.0,maund/acre,2024-25(1).pdf,94,current
Khanewal,Khanewal,Mango,2024-25,Kharif,13.274749,134.3,maund/acre,2024-25(1).pdf,94,current
Khushab,Khushab,Mango,2024-25,Kharif,4.655552,47.1,maund/acre,2024-25(1).pdf,94,current
Kot Addu,Kot Addu,Mango,2024-25,Kharif,19.047239,192.7,maund/acre,2024-25(1).pdf,94,current
Lahore,Lahore,Mango,2024-25,Kharif,11.268216,114.0,maund/acre,2024-25(1).pdf,94,current
Layyah,Layyah,Mango,2024-25,Kharif,13.808507,139.7,maund/acre,2024-25(1).pdf,94,current
Lodhran,Lodhran,Mango,2024-25,Kharif,13.274749,134.3,maund/acre,2024-25(1).pdf,94,current
Mandi Bahauddin,M.B.Din,Mango,2024-25,Kharif,6.790583,68.7,maund/acre,2024-25(1).pdf,94,current
Mianwali,Mianwali,Mango,2024-25,Kharif,8.124977,82.2,maund/acre,2024-25(1).pdf,94,current
Multan,Multan,Mango,2024-25,Kharif,10.082088,102.0,maund/acre,2024-25(1).pdf,94,current
Muzaffargarh,Muzaffargarh,Mango,2024-25,Kharif,20.905506,211.5,maund/acre,2024-25(1).pdf,94,current
Nankana Sahib,Nankana Sahib,Mango,2024-25,Kharif,8.965151,90.7,maund/acre,2024-25(1).pdf,94,current
Narowal,Narowal,Mango,2024-25,Kharif,5.139888,52.0,maund/acre,2024-25(1).pdf,94,current
Okara,Okara,Mango,2024-25,Kharif,4.052604,41.0,maund/acre,2024-25(1).pdf,94,current
Pakpattan,Pakpattan,Mango,2024-25,Kharif,14.154461,143.2,maund/acre,2024-25(1).pdf,94,current
Rahim Yar Khan,Rahim Yar Khan,Mango,2024-25,Kharif,13.897466,140.6,maund/acre,2024-25(1).pdf,94,current
Rajanpur,Rajan Pur,Mango,2024-25,Kharif,11.762436,119.0,maund/acre,2024-25(1).pdf,94,current
Rawalpindi,Rawalpindi,Mango,2024-25,Kharif,10.37862,105.0,maund/acre,2024-25(1).pdf,94,current
Sahiwal,Sahiwal,Mango,2024-25,Kharif,10.576308,107.0,maund/acre,2024-25(1).pdf,94,current
Sargodha,Sargodha,Mango,2024-25,Kharif,8.807,89.1,maund/acre,2024-25(1).pdf,94,current
Sheikhupura,Sheikhupura,Mango,2024-25,Kharif,13.83816,140.0,maund/acre,2024-25(1).pdf,94,current
Taunsa,Taunsa,Mango,2024-25,Kharif,10.665268,107.9,maund/acre,2024-25(1).pdf,94,current
Toba Tek Singh,T.T. Singh,Mango,2024-25,Kharif,4.78405,48.4,maund/acre,2024-25(1).pdf,94,current
Vehari,Vehari,Mango,2024-25,Kharif,21.676489,219.3,maund/acre,2024-25(1).pdf,94,current
Wazirabad,Wazirabad,Mango,2024-25,Kharif,6.91908,70.0,maund/acre,2024-25(1).pdf,94,current
Gujrat,Gujrat,Mash,2024-25,Kharif,0.349908,3.54,maund/acre,2024-25(1).pdf,30,current
Narowal,Narowal,Mash,2024-25,Kharif,0.407237,4.12,maund/acre,2024-25(1).pdf,30,current
Rawalpindi,Rawalpindi,Mash,2024-25,Kharif,0.370665,3.75,maund/acre,2024-25(1).pdf,30,current
Attock,Attock,Masoor,2024-25,Rabi,0.840174,8.5,maund/acre,2024-25(1).pdf,152,current
Bahawalnagar,Bahawalnagar,Masoor,2024-25,Rabi,0.424041,4.29,maund/acre,2024-25(1).pdf,152,current
Bahawalpur,Bahawalpur,Masoor,2024-25,Rabi,0.573295,5.8,maund/acre,2024-25(1).pdf,152,current
Chakwal,Chakwal,Masoor,2024-25,Rabi,0.425029,4.3,maund/acre,2024-25(1).pdf,152,current
Gujranwala,Gujranwala,Masoor,2024-25,Rabi,1.917574,19.4,maund/acre,2024-25(1).pdf,152,current
Gujrat,Gujrat,Masoor,2024-25,Rabi,0.340023,3.44,maund/acre,2024-25(1).pdf,152,current
Jhang,Jhang,Masoor,2024-25,Rabi,0.468521,4.74,maund/acre,2024-25(1).pdf,152,current
Jhelum,Jhelum,Masoor,2024-25,Rabi,0.266879,2.7,maund/acre,2024-25(1).pdf,152,current
Khushab,Khushab,Masoor,2024-25,Rabi,0.801625,8.11,maund/acre,2024-25(1).pdf,152,current
Layyah,Layyah,Masoor,2024-25,Rabi,0.445786,4.51,maund/acre,2024-25(1).pdf,152,current
Mianwali,Mianwali,Masoor,2024-25,Rabi,0.809532,8.19,maund/acre,2024-25(1).pdf,152,current
Narowal,Narowal,Masoor,2024-25,Rabi,0.610856,6.18,maund/acre,2024-25(1).pdf,152,current
Rahim Yar Khan,Rahim Yar Khan,Masoor,2024-25,Rabi,0.882677,8.93,maund/acre,2024-25(1).pdf,152,current
Rawalpindi,Rawalpindi,Masoor,2024-25,Rabi,0.235249,2.38,maund/acre,2024-25(1).pdf,152,current
Sheikhupura,Sheikhupura,Masoor,2024-25,Rabi,0.691908,7.0,maund/acre,2024-25(1).pdf,152,current
Talagang,Talagang,Masoor,2024-25,Rabi,0.385492,3.9,maund/acre,2024-25(1).pdf,152,current
Toba Tek Singh,T.T. Singh,Masoor,2024-25,Rabi,1.199966,12.14,maund/acre,2024-25(1).pdf,152,current
Bahawalnagar,Bahawalnagar,Moong,2024-25,Kharif,0.800636,8.1,maund/acre,2024-25(1).pdf,25,current
Bahawalpur,Bahawalpur,Moong,2024-25,Kharif,0.710688,7.19,maund/acre,2024-25(1).pdf,25,current
Bhakkar,Bhakkar,Moong,2024-25,Kharif,0.602948,6.1,maund/acre,2024-25(1).pdf,25,current
Faisalabad,Faisalabad,Moong,2024-25,Kharif,0.775925,7.85,maund/acre,2024-25(1).pdf,25,current
Jhang,Jhang,Moong,2024-25,Kharif,0.848082,8.58,maund/acre,2024-25(1).pdf,25,current
Kasur,Kasur,Moong,2024-25,Kharif,0.593064,6.0,maund/acre,2024-25(1).pdf,25,current
Khanewal,Khanewal,Moong,2024-25,Kharif,0.673128,6.81,maund/acre,2024-25(1).pdf,25,current
Khushab,Khushab,Moong,2024-25,Kharif,0.535734,5.42,maund/acre,2024-25(1).pdf,25,current
Layyah,Layyah,Moong,2024-25,Kharif,0.542654,5.49,maund/acre,2024-25(1).pdf,25,current
Lodhran,Lodhran,Moong,2024-25,Kharif,0.829301,8.39,maund/acre,2024-25(1).pdf,25,current
Mianwali,Mianwali,Moong,2024-25,Kharif,0.811509,8.21,maund/acre,2024-25(1).pdf,25,current
Multan,Multan,Moong,2024-25,Kharif,0.609867,6.17,maund/acre,2024-25(1).pdf,25,current
Muzaffargarh,Muzzafargargh,Moong,2024-25,Kharif,0.769006,7.78,maund/acre,2024-25(1).pdf,25,current
Okara,Okara,Moong,2024-25,Kharif,0.679058,6.87,maund/acre,2024-25(1).pdf,25,current
Pakpattan,Pakpattan,Moong,2024-25,Kharif,0.724527,7.33,maund/acre,2024-25(1).pdf,25,current
Rahim Yar Khan,Rahim Yar Khan,Moong,2024-25,Kharif,0.83622,8.46,maund/acre,2024-25(1).pdf,25,current
Rajanpur,Rajan Pur,Moong,2024-25,Kharif,1.518244,15.36,maund/acre,2024-25(1).pdf,25,current
Sahiwal,Sahiwal,Moong,2024-25,Kharif,1.037862,10.5,maund/acre,2024-25(1).pdf,25,current
Sargodha,Sargodha,Moong,2024-25,Kharif,0.634578,6.42,maund/acre,2024-25(1).pdf,25,current
Toba Tek Singh,T.T. Singh,Moong,2024-25,Kharif,0.883665,8.94,maund/acre,2024-25(1).pdf,25,current
Vehari,Vehari,Moong,2024-25,Kharif,0.769006,7.78,maund/acre,2024-25(1).pdf,25,current
Attock,Attock,Other Kharif Fruits,2024-25,Kharif,0.98844,10.0,maund/acre,2024-25(1).pdf,104,current
Bahawalnagar,Bahawalnagar,Other Kharif Fruits,2024-25,Kharif,0.098844,1.0,maund/acre,2024-25(1).pdf,104,current
Bahawalpur,Bahawalpur,Other Kharif Fruits,2024-25,Kharif,0.691908,7.0,maund/acre,2024-25(1).pdf,104,current
Chakwal,Chakwal,Other Kharif Fruits,2024-25,Kharif,0.790752,8.0,maund/acre,2024-25(1).pdf,104,current
Chiniot,Chiniot,Other Kharif Fruits,2024-25,Kharif,0.098844,1.0,maund/acre,2024-25(1).pdf,104,current
Faisalabad,Faisalabad,Other Kharif Fruits,2024-25,Kharif,4.744512,48.0,maund/acre,2024-25(1).pdf,104,current
Gujranwala,Gujranwala,Other Kharif Fruits,2024-25,Kharif,0.98844,10.0,maund/acre,2024-25(1).pdf,104,current
Gujrat,Gujrat,Other Kharif Fruits,2024-25,Kharif,0.296532,3.0,maund/acre,2024-25(1).pdf,104,current
Hafizabad,Hafizabad,Other Kharif Fruits,2024-25,Kharif,0.098844,1.0,maund/acre,2024-25(1).pdf,104,current
Kasur,Kasur,Other Kharif Fruits,2024-25,Kharif,1.680348,17.0,maund/acre,2024-25(1).pdf,104,current
Khanewal,Khanewal,Other Kharif Fruits,2024-25,Kharif,0.296532,3.0,maund/acre,2024-25(1).pdf,104,current
Khushab,Khushab,Other Kharif Fruits,2024-25,Kharif,0.395376,4.0,maund/acre,2024-25(1).pdf,104,current
Lahore,Lahore,Other Kharif Fruits,2024-25,Kharif,0.296532,3.0,maund/acre,2024-25(1).pdf,104,current
Lodhran,Lodhran,Other Kharif Fruits,2024-25,Kharif,0.296532,3.0,maund/acre,2024-25(1).pdf,104,current
Mandi Bahauddin,M.B.Din,Other Kharif Fruits,2024-25,Kharif,0.593064,6.0,maund/acre,2024-25(1).pdf,104,current
Mianwali,Mianwali,Other Kharif Fruits,2024-25,Kharif,0.197688,2.0,maund/acre,2024-25(1).pdf,104,current
Murree,Muree,Other Kharif Fruits,2024-25,Kharif,5.139888,52.0,maund/acre,2024-25(1).pdf,104,current
Muzaffargarh,Muzaffargarh,Other Kharif Fruits,2024-25,Kharif,1.779192,18.0,maund/acre,2024-25(1).pdf,104,current
Nankana Sahib,Nankana Sahib,Other Kharif Fruits,2024-25,Kharif,8.204,8204.0,kg/ha,2024-25(1).pdf,105,current
Narowal,Narowal,Other Kharif Fruits,2024-25,Kharif,0.296532,3.0,maund/acre,2024-25(1).pdf,104,current
Okara,Okara,Other Kharif Fruits,2024-25,Kharif,1.48266,15.0,maund/acre,2024-25(1).pdf,104,current
Pakpattan,Pakpattan,Other Kharif Fruits,2024-25,Kharif,1.48266,15.0,maund/acre,2024-25(1).pdf,104,current
Rahim Yar Khan,Rahim Yar Khan,Other Kharif Fruits,2024-25,Kharif,0.49422,5.0,maund/acre,2024-25(1).pdf,104,current
Rawalpindi,RAWALPINDI DV:,Other Kharif Fruits,2024-25,Kharif,6.91908,70.0,maund/acre,2024-25(1).pdf,104,current
Sahiwal,Sahiwal,Other Kharif Fruits,2024-25,Kharif,0.49422,5.0,maund/acre,2024-25(1).pdf,104,current
Sargodha,Sargodha,Other Kharif Fruits,2024-25,Kharif,0.691908,7.0,maund/acre,2024-25(1).pdf,104,current
Sheikhupura,Sheikhupura,Other Kharif Fruits,2024-25,Kharif,0.691908,7.0,maund/acre,2024-25(1).pdf,104,current
Sialkot,Sialkot,Other Kharif Fruits,2024-25,Kharif,0.296532,3.0,maund/acre,2024-25(1).pdf,104,current
Toba Tek Singh,T.T. Singh,Other Kharif Fruits,2024-25,Kharif,1.284972,13.0,maund/acre,2024-25(1).pdf,104,current
Vehari,Vehari,Other Kharif Fruits,2024-25,Kharif,1.284972,13.0,maund/acre,2024-25(1).pdf,104,current
Wazirabad,Wazirabad,Other Kharif Fruits,2024-25,Kharif,0.098844,1.0,maund/acre,2024-25(1).pdf,104,current
Bahawalpur,Bahawalpur,Other Kharif Pulses,2024-25,Kharif,1.101122,11.14,maund/acre,2024-25(1).pdf,33,current
Bhakkar,Bhakkar,Other Kharif Pulses,2024-25,Kharif,0.478405,4.84,maund/acre,2024-25(1).pdf,33,current
Muzaffargarh,Muzaffargarh,Other Kharif Pulses,2024-25,Kharif,0.758133,7.67,maund/acre,2024-25(1).pdf,33,current
Okara,Okara,Other Kharif Pulses,2024-25,Kharif,1.250377,12.65,maund/acre,2024-25(1).pdf,33,current
Rahim Yar Khan,Rahim Yar Khan,Other Kharif Pulses,2024-25,Kharif,1.084319,10.97,maund/acre,2024-25(1).pdf,33,current
Rawalpindi,Rawalpindi,Other Kharif Pulses,2024-25,Kharif,0.296532,3.0,maund/acre,2024-25(1).pdf,33,current
Sheikhupura,Sheikhupura,Other Kharif Pulses,2024-25,Kharif,1.378874,13.95,maund/acre,2024-25(1).pdf,33,current
Bahawalnagar,Bahawalnagar,Other Kharif Vegetables,2024-25,Kharif,5.070697,51.3,maund/acre,2024-25(1).pdf,88,current
Bahawalpur,Bahawalpur,Other Kharif Vegetables,2024-25,Kharif,7.690063,77.8,maund/acre,2024-25(1).pdf,88,current
Bhakkar,Bhakkar,Other Kharif Vegetables,2024-25,Kharif,4.44798,45.0,maund/acre,2024-25(1).pdf,88,current
Chiniot,Chiniot,Other Kharif Vegetables,2024-25,Kharif,11.327522,114.6,maund/acre,2024-25(1).pdf,88,current
Faisalabad,Faisalabad,Other Kharif Vegetables,2024-25,Kharif,7.294687,73.8,maund/acre,2024-25(1).pdf,88,current
Gujranwala,Gujranwala,Other Kharif Vegetables,2024-25,Kharif,3.924107,39.7,maund/acre,2024-25(1).pdf,88,current
Gujrat,Gujrat,Other Kharif Vegetables,2024-25,Kharif,5.693414,57.6,maund/acre,2024-25(1).pdf,88,current
Hafizabad,Hafizabad,Other Kharif Vegetables,2024-25,Kharif,4.121795,41.7,maund/acre,2024-25(1).pdf,88,current
Islamabad,Islamabad,Other Kharif Vegetables,2024-25,Kharif,9.093648,92.0,maund/acre,2024-25(1).pdf,88,current
Kasur,Kasur,Other Kharif Vegetables,2024-25,Kharif,4.250292,43.0,maund/acre,2024-25(1).pdf,88,current
Khanewal,Khanewal,Other Kharif Vegetables,2024-25,Kharif,11.535095,116.7,maund/acre,2024-25(1).pdf,88,current
Kot Addu,Kot Addu,Other Kharif Vegetables,2024-25,Kharif,11.86128,120.0,maund/acre,2024-25(1).pdf,88,current
Lahore,Lahore,Other Kharif Vegetables,2024-25,Kharif,4.774165,48.3,maund/acre,2024-25(1).pdf,88,current
Layyah,Layyah,Other Kharif Vegetables,2024-25,Kharif,13.59105,137.5,maund/acre,2024-25(1).pdf,88,current
Lodhran,Lodhran,Other Kharif Vegetables,2024-25,Kharif,5.218963,52.8,maund/acre,2024-25(1).pdf,88,current
Mandi Bahauddin,M.B.Din,Other Kharif Vegetables,2024-25,Kharif,9.489024,96.0,maund/acre,2024-25(1).pdf,88,current
Mianwali,Mianwali,Other Kharif Vegetables,2024-25,Kharif,7.116768,72.0,maund/acre,2024-25(1).pdf,88,current
Multan,Multan,Other Kharif Vegetables,2024-25,Kharif,3.014742,30.5,maund/acre,2024-25(1).pdf,88,current
Muzaffargarh,Muzaffargarh,Other Kharif Vegetables,2024-25,Kharif,9.172723,92.8,maund/acre,2024-25(1).pdf,88,current
Nankana Sahib,Nankana Sahib,Other Kharif Vegetables,2024-25,Kharif,12.681685,128.3,maund/acre,2024-25(1).pdf,88,current
Narowal,Narowal,Other Kharif Vegetables,2024-25,Kharif,5.139888,52.0,maund/acre,2024-25(1).pdf,88,current
Okara,Okara,Other Kharif Vegetables,2024-25,Kharif,8.678503,87.8,maund/acre,2024-25(1).pdf,88,current
Pakpattan,Pakpattan,Other Kharif Vegetables,2024-25,Kharif,18.177412,183.9,maund/acre,2024-25(1).pdf,88,current
Rahim Yar Khan,Rahim Yar Khan,Other Kharif Vegetables,2024-25,Kharif,11.080412,112.1,maund/acre,2024-25(1).pdf,88,current
Rajanpur,Rajan Pur,Other Kharif Vegetables,2024-25,Kharif,14.8266,150.0,maund/acre,2024-25(1).pdf,88,current
Rawalpindi,Rawalpindi,Other Kharif Vegetables,2024-25,Kharif,9.400064,95.1,maund/acre,2024-25(1).pdf,88,current
Sahiwal,Sahiwal,Other Kharif Vegetables,2024-25,Kharif,30.542796,309.0,maund/acre,2024-25(1).pdf,88,current
Sargodha,Sargodha,Other Kharif Vegetables,2024-25,Kharif,8.223821,83.2,maund/acre,2024-25(1).pdf,88,current
Sheikhupura,Sheikhupura,Other Kharif Vegetables,2024-25,Kharif,10.388504,105.1,maund/acre,2024-25(1).pdf,88,current
Toba Tek Singh,T.T. Singh,Other Kharif Vegetables,2024-25,Kharif,3.835147,38.8,maund/acre,2024-25(1).pdf,88,current
Vehari,Vehari,Other Kharif Vegetables,2024-25,Kharif,12.385153,125.3,maund/acre,2024-25(1).pdf,88,current
Wazirabad,Wazirabad,Other Kharif Vegetables,2024-25,Kharif,2.96532,30.0,maund/acre,2024-25(1).pdf,88,current
Attock,Attock,Other Rabi Fruits,2024-25,Other/Perennial,2.96532,30.0,maund/acre,2024-25(1).pdf,202,current
Bahawalnagar,Bahawalnagar,Other Rabi Fruits,2024-25,Other/Perennial,7.4133,75.0,maund/acre,2024-25(1).pdf,202,current
Bahawalpur,Bahawalpur,Other Rabi Fruits,2024-25,Other/Perennial,10.675152,108.0,maund/acre,2024-25(1).pdf,202,current
Bhakkar,Bhakkar,Other Rabi Fruits,2024-25,Other/Perennial,2.866476,29.0,maund/acre,2024-25(1).pdf,202,current
Chakwal,Chakwal,Other Rabi Fruits,2024-25,Other/Perennial,3.064164,31.0,maund/acre,2024-25(1).pdf,202,current
Chiniot,Chiniot,Other Rabi Fruits,2024-25,Other/Perennial,2.4711,25.0,maund/acre,2024-25(1).pdf,202,current
Dera Ghazi Khan,D.G. Khan,Other Rabi Fruits,2024-25,Other/Perennial,18.582672,188.0,maund/acre,2024-25(1).pdf,202,current
Faisalabad,Faisalabad,Other Rabi Fruits,2024-25,Other/Perennial,12.652032,128.0,maund/acre,2024-25(1).pdf,202,current
Jhang,Jhang,Other Rabi Fruits,2024-25,Other/Perennial,6.227172,63.0,maund/acre,2024-25(1).pdf,202,current
Kasur,Kasur,Other Rabi Fruits,2024-25,Other/Perennial,12.948564,131.0,maund/acre,2024-25(1).pdf,202,current
Khanewal,Khanewal,Other Rabi Fruits,2024-25,Other/Perennial,10.37862,105.0,maund/acre,2024-25(1).pdf,202,current
Khushab,Khushab,Other Rabi Fruits,2024-25,Other/Perennial,4.843356,49.0,maund/acre,2024-25(1).pdf,202,current
Kot Addu,Kot Addu,Other Rabi Fruits,2024-25,Other/Perennial,9.8844,100.0,maund/acre,2024-25(1).pdf,202,current
Lahore,Lahore,Other Rabi Fruits,2024-25,Other/Perennial,12.3555,125.0,maund/acre,2024-25(1).pdf,202,current
Layyah,Layyah,Other Rabi Fruits,2024-25,Other/Perennial,14.8266,150.0,maund/acre,2024-25(1).pdf,202,current
Lodhran,Lodhran,Other Rabi Fruits,2024-25,Other/Perennial,8.006364,81.0,maund/acre,2024-25(1).pdf,202,current
Mandi Bahauddin,M.B.Din,Other Rabi Fruits,2024-25,Other/Perennial,2.4711,25.0,maund/acre,2024-25(1).pdf,202,current
Multan,Multan,Other Rabi Fruits,2024-25,Other/Perennial,11.86128,120.0,maund/acre,2024-25(1).pdf,202,current
Murree,Muree,Other Rabi Fruits,2024-25,Other/Perennial,2.4711,25.0,maund/acre,2024-25(1).pdf,202,current
Nankana Sahib,Nankana Sahib,Other Rabi Fruits,2024-25,Other/Perennial,4.9422,50.0,maund/acre,2024-25(1).pdf,202,current
Narowal,Narowal,Other Rabi Fruits,2024-25,Other/Perennial,4.349136,44.0,maund/acre,2024-25(1).pdf,202,current
Okara,Okara,Other Rabi Fruits,2024-25,Other/Perennial,9.8844,100.0,maund/acre,2024-25(1).pdf,202,current
Pakpattan,Pakpattan,Other Rabi Fruits,2024-25,Other/Perennial,1.284972,13.0,maund/acre,2024-25(1).pdf,202,current
Rahim Yar Khan,Rahim Yar Khan,Other Rabi Fruits,2024-25,Other/Perennial,18.384984,186.0,maund/acre,2024-25(1).pdf,202,current
Rajanpur,Rajan Pur,Other Rabi Fruits,2024-25,Other/Perennial,8.994804,91.0,maund/acre,2024-25(1).pdf,202,current
Rawalpindi,Rawalpindi,Other Rabi Fruits,2024-25,Other/Perennial,13.937004,141.0,maund/acre,2024-25(1).pdf,202,current
Sahiwal,Sahiwal,Other Rabi Fruits,2024-25,Other/Perennial,3.95376,40.0,maund/acre,2024-25(1).pdf,202,current
Sargodha,Sargodha,Other Rabi Fruits,2024-25,Other/Perennial,12.750876,129.0,maund/acre,2024-25(1).pdf,202,current
Sheikhupura,Sheikhupura,Other Rabi Fruits,2024-25,Other/Perennial,7.512144,76.0,maund/acre,2024-25(1).pdf,202,current
Sialkot,Sialkot,Other Rabi Fruits,2024-25,Other/Perennial,6.91908,70.0,maund/acre,2024-25(1).pdf,202,current
Toba Tek Singh,T.T. Singh,Other Rabi Fruits,2024-25,Other/Perennial,12.84972,130.0,maund/acre,2024-25(1).pdf,202,current
Vehari,Vehari,Other Rabi Fruits,2024-25,Other/Perennial,9.8844,100.0,maund/acre,2024-25(1).pdf,202,current
Wazirabad,Wazirabad,Other Rabi Fruits,2024-25,Other/Perennial,2.075724,21.0,maund/acre,2024-25(1).pdf,202,current
Attock,Attock,Other Rabi Vegetables,2024-25,Rabi,6.622548,67.0,maund/acre,2024-25(1).pdf,186,current
Bahawalnagar,Bahawalnagar,Other Rabi Vegetables,2024-25,Rabi,4.151448,42.0,maund/acre,2024-25(1).pdf,186,current
Bahawalpur,Bahawalpur,Other Rabi Vegetables,2024-25,Rabi,12.454344,126.0,maund/acre,2024-25(1).pdf,186,current
Chakwal,Chakwal,Other Rabi Vegetables,2024-25,Rabi,5.93064,60.0,maund/acre,2024-25(1).pdf,186,current
Chiniot,Chiniot,Other Rabi Vegetables,2024-25,Rabi,18.483828,187.0,maund/acre,2024-25(1).pdf,186,current
Faisalabad,Faisalabad,Other Rabi Vegetables,2024-25,Rabi,17.2977,175.0,maund/acre,2024-25(1).pdf,186,current
Gujranwala,Gujranwala,Other Rabi Vegetables,2024-25,Rabi,15.617352,158.0,maund/acre,2024-25(1).pdf,186,current
Gujrat,Gujrat,Other Rabi Vegetables,2024-25,Rabi,4.349136,44.0,maund/acre,2024-25(1).pdf,186,current
Hafizabad,Hafizabad,Other Rabi Vegetables,2024-25,Rabi,7.610988,77.0,maund/acre,2024-25(1).pdf,186,current
Jhang,Jhang,Other Rabi Vegetables,2024-25,Rabi,11.169372,113.0,maund/acre,2024-25(1).pdf,186,current
Jhelum,Jhelum,Other Rabi Vegetables,2024-25,Rabi,6.91908,70.0,maund/acre,2024-25(1).pdf,186,current
Kasur,Kasur,Other Rabi Vegetables,2024-25,Rabi,11.36706,115.0,maund/acre,2024-25(1).pdf,186,current
Khanewal,Khanewal,Other Rabi Vegetables,2024-25,Rabi,8.500584,86.0,maund/acre,2024-25(1).pdf,186,current
Khushab,Khushab,Other Rabi Vegetables,2024-25,Rabi,12.058968,122.0,maund/acre,2024-25(1).pdf,186,current
Lahore,Lahore,Other Rabi Vegetables,2024-25,Rabi,19.669956,199.0,maund/acre,2024-25(1).pdf,186,current
Lodhran,Lodhran,Other Rabi Vegetables,2024-25,Rabi,12.84972,130.0,maund/acre,2024-25(1).pdf,186,current
Mandi Bahauddin,M.B.Din,Other Rabi Vegetables,2024-25,Rabi,10.675152,108.0,maund/acre,2024-25(1).pdf,186,current
Multan,Multan,Other Rabi Vegetables,2024-25,Rabi,14.925444,151.0,maund/acre,2024-25(1).pdf,186,current
Muzaffargarh,Muzaffargarh,Other Rabi Vegetables,2024-25,Rabi,9.39018,95.0,maund/acre,2024-25(1).pdf,186,current
Nankana Sahib,Nankana Sahib,Other Rabi Vegetables,2024-25,Rabi,10.37862,105.0,maund/acre,2024-25(1).pdf,186,current
Narowal,Narowal,Other Rabi Vegetables,2024-25,Rabi,33.310428,337.0,maund/acre,2024-25(1).pdf,186,current
Okara,Okara,Other Rabi Vegetables,2024-25,Rabi,13.937004,141.0,maund/acre,2024-25(1).pdf,186,current
Pakpattan,Pakpattan,Other Rabi Vegetables,2024-25,Rabi,16.210416,164.0,maund/acre,2024-25(1).pdf,186,current
Rahim Yar Khan,Rahim Yar Khan,Other Rabi Vegetables,2024-25,Rabi,10.082088,102.0,maund/acre,2024-25(1).pdf,186,current
Rawalpindi,Rawalpindi,Other Rabi Vegetables,2024-25,Rabi,5.238732,53.0,maund/acre,2024-25(1).pdf,186,current
Sahiwal,Sahiwal,Other Rabi Vegetables,2024-25,Rabi,17.989608,182.0,maund/acre,2024-25(1).pdf,186,current
Sargodha,Sargodha,Other Rabi Vegetables,2024-25,Rabi,16.80348,170.0,maund/acre,2024-25(1).pdf,186,current
Sheikhupura,Sheikhupura,Other Rabi Vegetables,2024-25,Rabi,11.762436,119.0,maund/acre,2024-25(1).pdf,186,current
Sialkot,Sialkot,Other Rabi Vegetables,2024-25,Rabi,6.128328,62.0,maund/acre,2024-25(1).pdf,186,current
Talagang,Talagang,Other Rabi Vegetables,2024-25,Rabi,5.634108,57.0,maund/acre,2024-25(1).pdf,186,current
Toba Tek Singh,T.T. Singh,Other Rabi Vegetables,2024-25,Rabi,13.739316,139.0,maund/acre,2024-25(1).pdf,186,current
Vehari,Vehari,Other Rabi Vegetables,2024-25,Rabi,9.983244,101.0,maund/acre,2024-25(1).pdf,186,current
Wazirabad,Wazirabad,Other Rabi Vegetables,2024-25,Rabi,8.89596,90.0,maund/acre,2024-25(1).pdf,186,current
Attock,Attock,Peach,2024-25,Kharif,10.526886,106.5,maund/acre,2024-25(1).pdf,100,current
Bahawalnagar,Bahawalnagar,Peach,2024-25,Kharif,5.68353,57.5,maund/acre,2024-25(1).pdf,100,current
Bahawalpur,Bahawalpur,Peach,2024-25,Kharif,5.93064,60.0,maund/acre,2024-25(1).pdf,100,current
Bhakkar,Bhakkar,Peach,2024-25,Kharif,16.012728,162.0,maund/acre,2024-25(1).pdf,100,current
Chakwal,Chakwal,Peach,2024-25,Kharif,2.451331,24.8,maund/acre,2024-25(1).pdf,100,current
Chiniot,Chiniot,Peach,2024-25,Kharif,8.826769,89.3,maund/acre,2024-25(1).pdf,100,current
Dera Ghazi Khan,D.G. Khan,Peach,2024-25,Kharif,4.250292,43.0,maund/acre,2024-25(1).pdf,100,current
Faisalabad,Faisalabad,Peach,2024-25,Kharif,12.582841,127.3,maund/acre,2024-25(1).pdf,100,current
Gujranwala,Gujranwala,Peach,2024-25,Kharif,5.238732,53.0,maund/acre,2024-25(1).pdf,100,current
Gujrat,Gujrat,Peach,2024-25,Kharif,5.43642,55.0,maund/acre,2024-25(1).pdf,100,current
Hafizabad,Hafizabad,Peach,2024-25,Kharif,10.04255,101.6,maund/acre,2024-25(1).pdf,100,current
Jhang,Jhang,Peach,2024-25,Kharif,10.082088,102.0,maund/acre,2024-25(1).pdf,100,current
Jhelum,Jhelum,Peach,2024-25,Kharif,2.026302,20.5,maund/acre,2024-25(1).pdf,100,current
Kasur,Kasur,Peach,2024-25,Kharif,19.383308,196.1,maund/acre,2024-25(1).pdf,100,current
Khanewal,Khanewal,Peach,2024-25,Kharif,9.983244,101.0,maund/acre,2024-25(1).pdf,100,current
Khushab,Khushab,Peach,2024-25,Kharif,11.663592,118.0,maund/acre,2024-25(1).pdf,100,current
Lodhran,Lodhran,Peach,2024-25,Kharif,8.40174,85.0,maund/acre,2024-25(1).pdf,100,current
Mandi Bahauddin,M.B.Din,Peach,2024-25,Kharif,2.362372,23.9,maund/acre,2024-25(1).pdf,100,current
Mianwali,Mianwali,Peach,2024-25,Kharif,7.90752,80.0,maund/acre,2024-25(1).pdf,100,current
Multan,Multan,Peach,2024-25,Kharif,7.90752,80.0,maund/acre,2024-25(1).pdf,100,current
Murree,Muree,Peach,2024-25,Kharif,4.546824,46.0,maund/acre,2024-25(1).pdf,100,current
Nankana Sahib,Nankana Sahib,Peach,2024-25,Kharif,10.171048,102.9,maund/acre,2024-25(1).pdf,100,current
Narowal,Narowal,Peach,2024-25,Kharif,5.041044,51.0,maund/acre,2024-25(1).pdf,100,current
Okara,Okara,Peach,2024-25,Kharif,9.8844,100.0,maund/acre,2024-25(1).pdf,100,current
Pakpattan,Pakpattan,Peach,2024-25,Kharif,5.377114,54.4,maund/acre,2024-25(1).pdf,100,current
Rahim Yar Khan,Rahim Yar Khan,Peach,2024-25,Kharif,2.4711,25.0,maund/acre,2024-25(1).pdf,100,current
Rawalpindi,Rawalpindi,Peach,2024-25,Kharif,12.948564,131.0,maund/acre,2024-25(1).pdf,100,current
Sahiwal,Sahiwal,Peach,2024-25,Kharif,6.820236,69.0,maund/acre,2024-25(1).pdf,100,current
Sargodha,Sargodha,Peach,2024-25,Kharif,10.190816,103.1,maund/acre,2024-25(1).pdf,100,current
Sialkot,Sialkot,Peach,2024-25,Kharif,7.90752,80.0,maund/acre,2024-25(1).pdf,100,current
Toba Tek Singh,T.T. Singh,Peach,2024-25,Kharif,3.95376,40.0,maund/acre,2024-25(1).pdf,100,current
Vehari,Vehari,Peach,2024-25,Kharif,24.177242,244.6,maund/acre,2024-25(1).pdf,100,current
Wazirabad,Wazirabad,Peach,2024-25,Kharif,5.93064,60.0,maund/acre,2024-25(1).pdf,100,current
Bahawalnagar,Bahawalnagar,Phalsa,2024-25,Kharif,4.843356,49.0,maund/acre,2024-25(1).pdf,98,current
Bahawalpur,Bahawalpur,Phalsa,2024-25,Kharif,7.610988,77.0,maund/acre,2024-25(1).pdf,98,current
Bhakkar,Bhakkar,Phalsa,2024-25,Kharif,2.96532,30.0,maund/acre,2024-25(1).pdf,98,current
Dera Ghazi Khan,D.G. Khan,Phalsa,2024-25,Kharif,4.546824,46.0,maund/acre,2024-25(1).pdf,98,current
Faisalabad,Faisalabad,Phalsa,2024-25,Kharif,2.96532,30.0,maund/acre,2024-25(1).pdf,98,current
Gujranwala,Gujranwala,Phalsa,2024-25,Kharif,4.250292,43.0,maund/acre,2024-25(1).pdf,98,current
Hafizabad,Hafizabad,Phalsa,2024-25,Kharif,5.584686,56.5,maund/acre,2024-25(1).pdf,98,current
Jhang,Jhang,Phalsa,2024-25,Kharif,6.51382,65.9,maund/acre,2024-25(1).pdf,98,current
Kasur,Kasur,Phalsa,2024-25,Kharif,6.454513,65.3,maund/acre,2024-25(1).pdf,98,current
Khanewal,Khanewal,Phalsa,2024-25,Kharif,4.645668,47.0,maund/acre,2024-25(1).pdf,98,current
Lahore,Lahore,Phalsa,2024-25,Kharif,3.963644,40.1,maund/acre,2024-25(1).pdf,98,current
Lodhran,Lodhran,Phalsa,2024-25,Kharif,8.569775,86.7,maund/acre,2024-25(1).pdf,98,current
Mianwali,Mianwali,Phalsa,2024-25,Kharif,5.03116,50.9,maund/acre,2024-25(1).pdf,98,current
Multan,Multan,Phalsa,2024-25,Kharif,5.386998,54.5,maund/acre,2024-25(1).pdf,98,current
Muzaffargarh,Muzaffargarh,Phalsa,2024-25,Kharif,5.179426,52.4,maund/acre,2024-25(1).pdf,98,current
Nankana Sahib,Nankana Sahib,Phalsa,2024-25,Kharif,3.499078,35.4,maund/acre,2024-25(1).pdf,98,current
Okara,Okara,Phalsa,2024-25,Kharif,3.854916,39.0,maund/acre,2024-25(1).pdf,98,current
Pakpattan,Pakpattan,Phalsa,2024-25,Kharif,6.167866,62.4,maund/acre,2024-25(1).pdf,98,current
Rahim Yar Khan,Rahim Yar Khan,Phalsa,2024-25,Kharif,1.581504,16.0,maund/acre,2024-25(1).pdf,98,current
Rajanpur,Rajan Pur,Phalsa,2024-25,Kharif,2.96532,30.0,maund/acre,2024-25(1).pdf,98,current
Sahiwal,Sahiwal,Phalsa,2024-25,Kharif,3.113586,31.5,maund/acre,2024-25(1).pdf,98,current
Sargodha,Sargodha,Phalsa,2024-25,Kharif,4.279945,43.3,maund/acre,2024-25(1).pdf,98,current
Sheikhupura,Sheikhupura,Phalsa,2024-25,Kharif,4.981738,50.4,maund/acre,2024-25(1).pdf,98,current
Vehari,Vehari,Phalsa,2024-25,Kharif,6.820236,69.0,maund/acre,2024-25(1).pdf,98,current
Bahawalnagar,Bahawalnagar,Pomegranate,2024-25,Kharif,15.81504,160.0,maund/acre,2024-25(1).pdf,96,current
Bahawalpur,Bahawalpur,Pomegranate,2024-25,Kharif,9.686712,98.0,maund/acre,2024-25(1).pdf,96,current
Faisalabad,Faisalabad,Pomegranate,2024-25,Kharif,4.971853,50.3,maund/acre,2024-25(1).pdf,96,current
Jhang,Jhang,Pomegranate,2024-25,Kharif,1.97688,20.0,maund/acre,2024-25(1).pdf,96,current
Jhelum,Jhelum,Pomegranate,2024-25,Kharif,1.018093,10.3,maund/acre,2024-25(1).pdf,96,current
Kasur,Kasur,Pomegranate,2024-25,Kharif,6.91908,70.0,maund/acre,2024-25(1).pdf,96,current
Khanewal,Khanewal,Pomegranate,2024-25,Kharif,4.546824,46.0,maund/acre,2024-25(1).pdf,96,current
Khushab,Khushab,Pomegranate,2024-25,Kharif,6.029484,61.0,maund/acre,2024-25(1).pdf,96,current
Kot Addu,Kot Addu,Pomegranate,2024-25,Kharif,2.22399,22.5,maund/acre,2024-25(1).pdf,96,current
Layyah,Layyah,Pomegranate,2024-25,Kharif,2.055955,20.8,maund/acre,2024-25(1).pdf,96,current
Lodhran,Lodhran,Pomegranate,2024-25,Kharif,10.111741,102.3,maund/acre,2024-25(1).pdf,96,current
Mandi Bahauddin,M.B.Din,Pomegranate,2024-25,Kharif,5.139888,52.0,maund/acre,2024-25(1).pdf,96,current
Mianwali,Mianwali,Pomegranate,2024-25,Kharif,5.93064,60.0,maund/acre,2024-25(1).pdf,96,current
Multan,Multan,Pomegranate,2024-25,Kharif,8.994804,91.0,maund/acre,2024-25(1).pdf,96,current
Muzaffargarh,Muzaffargarh,Pomegranate,2024-25,Kharif,6.909196,69.9,maund/acre,2024-25(1).pdf,96,current
Nankana Sahib,Nankana Sahib,Pomegranate,2024-25,Kharif,6.770814,68.5,maund/acre,2024-25(1).pdf,96,current
Okara,Okara,Pomegranate,2024-25,Kharif,7.709832,78.0,maund/acre,2024-25(1).pdf,96,current
Pakpattan,Pakpattan,Pomegranate,2024-25,Kharif,6.42486,65.0,maund/acre,2024-25(1).pdf,96,current
Rahim Yar Khan,Rahim Yar Khan,Pomegranate,2024-25,Kharif,14.292842,144.6,maund/acre,2024-25(1).pdf,96,current
Rajanpur,Rajan Pur,Pomegranate,2024-25,Kharif,5.940524,60.1,maund/acre,2024-25(1).pdf,96,current
Rawalpindi,RAWALPINDI DV:,Pomegranate,2024-25,Kharif,1.018093,10.3,maund/acre,2024-25(1).pdf,96,current
Sahiwal,Sahiwal,Pomegranate,2024-25,Kharif,2.342603,23.7,maund/acre,2024-25(1).pdf,96,current
Toba Tek Singh,T.T. Singh,Pomegranate,2024-25,Kharif,3.439771,34.8,maund/acre,2024-25(1).pdf,96,current
Vehari,Vehari,Pomegranate,2024-25,Kharif,2.96532,30.0,maund/acre,2024-25(1).pdf,96,current
Wazirabad,Wazirabad,Pomegranate,2024-25,Kharif,4.9422,50.0,maund/acre,2024-25(1).pdf,96,current
Bahawalnagar,Bahawalnagar,Pumpkin,2024-25,Kharif,5.673646,57.4,maund/acre,2024-25(1).pdf,70,current
Bhakkar,Bhakkar,Pumpkin,2024-25,Kharif,11.564748,117.0,maund/acre,2024-25(1).pdf,70,current
Chakwal,Chakwal,Pumpkin,2024-25,Kharif,6.91908,70.0,maund/acre,2024-25(1).pdf,70,current
Chiniot,Chiniot,Pumpkin,2024-25,Kharif,18.256487,184.7,maund/acre,2024-25(1).pdf,70,current
Gujranwala,Gujranwala,Pumpkin,2024-25,Kharif,15.024288,152.0,maund/acre,2024-25(1).pdf,70,current
Gujrat,Gujrat,Pumpkin,2024-25,Kharif,12.375269,125.2,maund/acre,2024-25(1).pdf,70,current
Hafizabad,Hafizabad,Pumpkin,2024-25,Kharif,13.34394,135.0,maund/acre,2024-25(1).pdf,70,current
Kasur,Kasur,Pumpkin,2024-25,Kharif,18.78036,190.0,maund/acre,2024-25(1).pdf,70,current
Khanewal,Khanewal,Pumpkin,2024-25,Kharif,20.75724,210.0,maund/acre,2024-25(1).pdf,70,current
Kot Addu,Kot Addu,Pumpkin,2024-25,Kharif,22.2399,225.0,maund/acre,2024-25(1).pdf,70,current
Lahore,Lahore,Pumpkin,2024-25,Kharif,10.87284,110.0,maund/acre,2024-25(1).pdf,70,current
Mandi Bahauddin,M.B.Din,Pumpkin,2024-25,Kharif,13.166021,133.2,maund/acre,2024-25(1).pdf,70,current
Muzaffargarh,Muzaffargarh,Pumpkin,2024-25,Kharif,21.824755,220.8,maund/acre,2024-25(1).pdf,70,current
Nankana Sahib,Nankana Sahib,Pumpkin,2024-25,Kharif,16.71452,169.1,maund/acre,2024-25(1).pdf,70,current
Narowal,Narowal,Pumpkin,2024-25,Kharif,10.437926,105.6,maund/acre,2024-25(1).pdf,70,current
Rahim Yar Khan,Rahim Yar Khan,Pumpkin,2024-25,Kharif,19.887413,201.2,maund/acre,2024-25(1).pdf,70,current
Rawalpindi,RAWALPINDI DV:,Pumpkin,2024-25,Kharif,6.91908,70.0,maund/acre,2024-25(1).pdf,70,current
Sialkot,Sialkot,Pumpkin,2024-25,Kharif,45.139089,456.67,maund/acre,2024-25(1).pdf,70,current
Toba Tek Singh,T.T. Singh,Pumpkin,2024-25,Kharif,39.5376,400.0,maund/acre,2024-25(1).pdf,70,current
Vehari,Vehari,Pumpkin,2024-25,Kharif,23.72256,240.0,maund/acre,2024-25(1).pdf,70,current
Attock,Attock,Rabi Fodder,2024-25,Rabi,30.938172,313.0,maund/acre,2024-25(1).pdf,128,current
Bahawalnagar,Bahawalnagar,Rabi Fodder,2024-25,Rabi,72.254964,731.0,maund/acre,2024-25(1).pdf,128,current
Bahawalpur,Bahawalpur,Rabi Fodder,2024-25,Rabi,69.68502,705.0,maund/acre,2024-25(1).pdf,128,current
Bhakkar,Bhakkar,Rabi Fodder,2024-25,Rabi,93.704112,948.0,maund/acre,2024-25(1).pdf,128,current
Chakwal,Chakwal,Rabi Fodder,2024-25,Rabi,38.54916,390.0,maund/acre,2024-25(1).pdf,128,current
Chiniot,Chiniot,Rabi Fodder,2024-25,Rabi,103.7862,1050.0,maund/acre,2024-25(1).pdf,128,current
Dera Ghazi Khan,D.G. Khan,Rabi Fodder,2024-25,Rabi,87.47694,885.0,maund/acre,2024-25(1).pdf,128,current
Faisalabad,Faisalabad,Rabi Fodder,2024-25,Rabi,90.244572,913.0,maund/acre,2024-25(1).pdf,128,current
Gujranwala,Gujranwala,Rabi Fodder,2024-25,Rabi,96.570588,977.0,maund/acre,2024-25(1).pdf,128,current
Gujrat,Gujrat,Rabi Fodder,2024-25,Rabi,79.272888,802.0,maund/acre,2024-25(1).pdf,128,current
Hafizabad,Hafizabad,Rabi Fodder,2024-25,Rabi,89.552664,906.0,maund/acre,2024-25(1).pdf,128,current
Islamabad,Islamabad,Rabi Fodder,2024-25,Rabi,26.19366,265.0,maund/acre,2024-25(1).pdf,128,current
Jhang,Jhang,Rabi Fodder,2024-25,Rabi,84.906996,859.0,maund/acre,2024-25(1).pdf,128,current
Jhelum,Jhelum,Rabi Fodder,2024-25,Rabi,67.510452,683.0,maund/acre,2024-25(1).pdf,128,current
Kasur,Kasur,Rabi Fodder,2024-25,Rabi,72.65034,735.0,maund/acre,2024-25(1).pdf,128,current
Khanewal,Khanewal,Rabi Fodder,2024-25,Rabi,100.030128,1012.0,maund/acre,2024-25(1).pdf,128,current
Khushab,Khushab,Rabi Fodder,2024-25,Rabi,50.509284,511.0,maund/acre,2024-25(1).pdf,128,current
Kot Addu,Kot Addu,Rabi Fodder,2024-25,Rabi,82.831272,838.0,maund/acre,2024-25(1).pdf,128,current
Lahore,Lahore,Rabi Fodder,2024-25,Rabi,82.930116,839.0,maund/acre,2024-25(1).pdf,128,current
Layyah,Layyah,Rabi Fodder,2024-25,Rabi,82.337052,833.0,maund/acre,2024-25(1).pdf,128,current
Lodhran,Lodhran,Rabi Fodder,2024-25,Rabi,84.808152,858.0,maund/acre,2024-25(1).pdf,128,current
Mandi Bahauddin,M.B.Din,Rabi Fodder,2024-25,Rabi,92.715672,938.0,maund/acre,2024-25(1).pdf,128,current
Mianwali,Mianwali,Rabi Fodder,2024-25,Rabi,67.905828,687.0,maund/acre,2024-25(1).pdf,128,current
Multan,Multan,Rabi Fodder,2024-25,Rabi,91.233012,923.0,maund/acre,2024-25(1).pdf,128,current
Muzaffargarh,Muzzafargargh,Rabi Fodder,2024-25,Rabi,88.168848,892.0,maund/acre,2024-25(1).pdf,128,current
Nankana Sahib,Nankana Sahib,Rabi Fodder,2024-25,Rabi,93.802956,949.0,maund/acre,2024-25(1).pdf,128,current
Narowal,Narowal,Rabi Fodder,2024-25,Rabi,89.45382,905.0,maund/acre,2024-25(1).pdf,128,current
Okara,Okara,Rabi Fodder,2024-25,Rabi,124.345752,1258.0,maund/acre,2024-25(1).pdf,128,current
Pakpattan,Pakpattan,Rabi Fodder,2024-25,Rabi,88.267692,893.0,maund/acre,2024-25(1).pdf,128,current
Rahim Yar Khan,Rahim Yar Khan,Rabi Fodder,2024-25,Rabi,98.250936,994.0,maund/acre,2024-25(1).pdf,128,current
Rajanpur,Rajan Pur,Rabi Fodder,2024-25,Rabi,58.31796,590.0,maund/acre,2024-25(1).pdf,128,current
Rawalpindi,Rawalpindi,Rabi Fodder,2024-25,Rabi,26.984412,273.0,maund/acre,2024-25(1).pdf,128,current
Sahiwal,Sahiwal,Rabi Fodder,2024-25,Rabi,82.831272,838.0,maund/acre,2024-25(1).pdf,128,current
Sargodha,Sargodha,Rabi Fodder,2024-25,Rabi,85.99428,870.0,maund/acre,2024-25(1).pdf,128,current
Sheikhupura,Sheikhupura,Rabi Fodder,2024-25,Rabi,93.012204,941.0,maund/acre,2024-25(1).pdf,128,current
Sialkot,Sialkot,Rabi Fodder,2024-25,Rabi,81.5463,825.0,maund/acre,2024-25(1).pdf,128,current
Talagang,Talagang,Rabi Fodder,2024-25,Rabi,33.013896,334.0,maund/acre,2024-25(1).pdf,128,current
Taunsa,Taunsa,Rabi Fodder,2024-25,Rabi,80.06364,810.0,maund/acre,2024-25(1).pdf,128,current
Toba Tek Singh,T.T. Singh,Rabi Fodder,2024-25,Rabi,119.205864,1206.0,maund/acre,2024-25(1).pdf,128,current
Vehari,Vehari,Rabi Fodder,2024-25,Rabi,100.227816,1014.0,maund/acre,2024-25(1).pdf,128,current
Wazirabad,Wazirabad,Rabi Fodder,2024-25,Rabi,86.883876,879.0,maund/acre,2024-25(1).pdf,128,current
Attock,Attock,Rapeseed & Mustard,2024-25,Rabi,0.603937,6.11,maund/acre,2024-25(1).pdf,131,current
Bahawalnagar,Bahawalnagar,Rapeseed & Mustard,2024-25,Rabi,1.689244,17.09,maund/acre,2024-25(1).pdf,131,current
Bahawalpur,Bahawalpur,Rapeseed & Mustard,2024-25,Rabi,1.736689,17.57,maund/acre,2024-25(1).pdf,131,current
Bhakkar,Bhakkar,Rapeseed & Mustard,2024-25,Rabi,1.32451,13.4,maund/acre,2024-25(1).pdf,131,current
Chakwal,Chakwal,Rapeseed & Mustard,2024-25,Rabi,0.914307,9.25,maund/acre,2024-25(1).pdf,131,current
Chiniot,Chiniot,Rapeseed & Mustard,2024-25,Rabi,1.307706,13.23,maund/acre,2024-25(1).pdf,131,current
Dera Ghazi Khan,D.G. Khan,Rapeseed & Mustard,2024-25,Rabi,1.939319,19.62,maund/acre,2024-25(1).pdf,131,current
Faisalabad,Faisalabad,Rapeseed & Mustard,2024-25,Rabi,1.872105,18.94,maund/acre,2024-25(1).pdf,131,current
Gujranwala,Gujranwala,Rapeseed & Mustard,2024-25,Rabi,1.107053,11.2,maund/acre,2024-25(1).pdf,131,current
Gujrat,Gujrat,Rapeseed & Mustard,2024-25,Rabi,0.632602,6.4,maund/acre,2024-25(1).pdf,131,current
Jhang,Jhang,Rapeseed & Mustard,2024-25,Rabi,1.607203,16.26,maund/acre,2024-25(1).pdf,131,current
Jhelum,Jhelum,Rapeseed & Mustard,2024-25,Rabi,0.623706,6.31,maund/acre,2024-25(1).pdf,131,current
Kasur,Kasur,Rapeseed & Mustard,2024-25,Rabi,1.418411,14.35,maund/acre,2024-25(1).pdf,131,current
Khanewal,Khanewal,Rapeseed & Mustard,2024-25,Rabi,1.338348,13.54,maund/acre,2024-25(1).pdf,131,current
Khushab,Khushab,Rapeseed & Mustard,2024-25,Rabi,1.089261,11.02,maund/acre,2024-25(1).pdf,131,current
Kot Addu,Kot Addu,Rapeseed & Mustard,2024-25,Rabi,1.433238,14.5,maund/acre,2024-25(1).pdf,131,current
Lahore,Lahore,Rapeseed & Mustard,2024-25,Rabi,1.903735,19.26,maund/acre,2024-25(1).pdf,131,current
Layyah,Layyah,Rapeseed & Mustard,2024-25,Rabi,1.401608,14.18,maund/acre,2024-25(1).pdf,131,current
Lodhran,Lodhran,Rapeseed & Mustard,2024-25,Rabi,1.418411,14.35,maund/acre,2024-25(1).pdf,131,current
Mianwali,Mianwali,Rapeseed & Mustard,2024-25,Rabi,1.503417,15.21,maund/acre,2024-25(1).pdf,131,current
Multan,Multan,Rapeseed & Mustard,2024-25,Rabi,1.363059,13.79,maund/acre,2024-25(1).pdf,131,current
Muzaffargarh,Muzzafargargh,Rapeseed & Mustard,2024-25,Rabi,1.435215,14.52,maund/acre,2024-25(1).pdf,131,current
Nankana Sahib,Nankana Sahib,Rapeseed & Mustard,2024-25,Rabi,1.585458,16.04,maund/acre,2024-25(1).pdf,131,current
Narowal,Narowal,Rapeseed & Mustard,2024-25,Rabi,1.327475,13.43,maund/acre,2024-25(1).pdf,131,current
Okara,Okara,Rapeseed & Mustard,2024-25,Rabi,1.524174,15.42,maund/acre,2024-25(1).pdf,131,current
Pakpattan,Pakpattan,Rapeseed & Mustard,2024-25,Rabi,1.435215,14.52,maund/acre,2024-25(1).pdf,131,current
Rahim Yar Khan,Rahim Yar Khan,Rapeseed & Mustard,2024-25,Rabi,1.770296,17.91,maund/acre,2024-25(1).pdf,131,current
Rajanpur,Rajan Pur,Rapeseed & Mustard,2024-25,Rabi,1.227642,12.42,maund/acre,2024-25(1).pdf,131,current
Rawalpindi,Rawalpindi,Rapeseed & Mustard,2024-25,Rabi,0.432937,4.38,maund/acre,2024-25(1).pdf,131,current
Sahiwal,Sahiwal,Rapeseed & Mustard,2024-25,Rabi,1.548885,15.67,maund/acre,2024-25(1).pdf,131,current
Sargodha,Sargodha,Rapeseed & Mustard,2024-25,Rabi,1.585458,16.04,maund/acre,2024-25(1).pdf,131,current
Sheikhupura,Sheikhupura,Rapeseed & Mustard,2024-25,Rabi,1.867163,18.89,maund/acre,2024-25(1).pdf,131,current
Sialkot,Sialkot,Rapeseed & Mustard,2024-25,Rabi,1.116937,11.3,maund/acre,2024-25(1).pdf,131,current
Talagang,Talagang,Rapeseed & Mustard,2024-25,Rabi,0.721561,7.3,maund/acre,2024-25(1).pdf,131,current
Taunsa,Taunsa,Rapeseed & Mustard,2024-25,Rabi,1.013151,10.25,maund/acre,2024-25(1).pdf,131,current
Toba Tek Singh,T.T. Singh,Rapeseed & Mustard,2024-25,Rabi,1.704071,17.24,maund/acre,2024-25(1).pdf,131,current
Vehari,Vehari,Rapeseed & Mustard,2024-25,Rabi,1.440157,14.57,maund/acre,2024-25(1).pdf,131,current
Wazirabad,Wazirabad,Rapeseed & Mustard,2024-25,Rabi,1.136706,11.5,maund/acre,2024-25(1).pdf,131,current
Bahawalnagar,Bahawalnagar,Rice,2024-25,Kharif,2.340626,23.68,maund/acre,2024-25(1).pdf,10,current
Bahawalpur,Bahawalpur,Rice,2024-25,Kharif,1.905712,19.28,maund/acre,2024-25(1).pdf,10,current
Bhakkar,Bhakkar,Rice,2024-25,Kharif,2.389059,24.17,maund/acre,2024-25(1).pdf,10,current
Chiniot,Chiniot,Rice,2024-25,Kharif,2.427609,24.56,maund/acre,2024-25(1).pdf,10,current
Dera Ghazi Khan,D.G. Khan,Rice,2024-25,Kharif,3.071083,31.07,maund/acre,2024-25(1).pdf,10,current
Faisalabad,Faisalabad,Rice,2024-25,Kharif,2.185441,22.11,maund/acre,2024-25(1).pdf,10,current
Gujranwala,Gujranwala,Rice,2024-25,Kharif,2.110319,21.35,maund/acre,2024-25(1).pdf,10,current
Gujrat,Gujrat,Rice,2024-25,Kharif,1.858267,18.8,maund/acre,2024-25(1).pdf,10,current
Hafizabad,Hafizabad,Rice,2024-25,Kharif,1.857279,18.79,maund/acre,2024-25(1).pdf,10,current
Jhang,Jhang,Rice,2024-25,Kharif,2.174568,22.0,maund/acre,2024-25(1).pdf,10,current
Jhelum,Jhelum,Rice,2024-25,Kharif,1.659591,16.79,maund/acre,2024-25(1).pdf,10,current
Kasur,Kasur,Rice,2024-25,Kharif,2.883279,29.17,maund/acre,2024-25(1).pdf,10,current
Khanewal,Khanewal,Rice,2024-25,Kharif,2.317892,23.45,maund/acre,2024-25(1).pdf,10,current
Khushab,Khushab,Rice,2024-25,Kharif,1.750527,17.71,maund/acre,2024-25(1).pdf,10,current
Kot Addu,Kot Addu,Rice,2024-25,Kharif,2.174568,22.0,maund/acre,2024-25(1).pdf,10,current
Lahore,Lahore,Rice,2024-25,Kharif,2.113285,21.38,maund/acre,2024-25(1).pdf,10,current
Layyah,Layyah,Rice,2024-25,Kharif,2.125146,21.5,maund/acre,2024-25(1).pdf,10,current
Lodhran,Lodhran,Rice,2024-25,Kharif,2.083632,21.08,maund/acre,2024-25(1).pdf,10,current
Mandi Bahauddin,M.B.Din,Rice,2024-25,Kharif,2.011475,20.35,maund/acre,2024-25(1).pdf,10,current
Mianwali,Mianwali,Rice,2024-25,Kharif,1.915597,19.38,maund/acre,2024-25(1).pdf,10,current
Multan,Multan,Rice,2024-25,Kharif,2.035198,20.59,maund/acre,2024-25(1).pdf,10,current
Muzaffargarh,Muzzafargargh,Rice,2024-25,Kharif,1.940308,19.63,maund/acre,2024-25(1).pdf,10,current
Nankana Sahib,Nankana Sahib,Rice,2024-25,Kharif,2.302077,23.29,maund/acre,2024-25(1).pdf,10,current
Narowal,Narowal,Rice,2024-25,Kharif,1.957111,19.8,maund/acre,2024-25(1).pdf,10,current
Okara,Okara,Rice,2024-25,Kharif,2.555117,25.85,maund/acre,2024-25(1).pdf,10,current
Pakpattan,Pakpattan,Rice,2024-25,Kharif,2.648031,26.79,maund/acre,2024-25(1).pdf,10,current
Rahim Yar Khan,Rahim Yar Khan,Rice,2024-25,Kharif,1.833556,18.55,maund/acre,2024-25(1).pdf,10,current
Rajanpur,Rajan Pur,Rice,2024-25,Kharif,2.670765,27.02,maund/acre,2024-25(1).pdf,10,current
Rawalpindi,RAWALPINDI DV:,Rice,2024-25,Kharif,2.396967,24.25,maund/acre,2024-25(1).pdf,10,current
Sahiwal,Sahiwal,Rice,2024-25,Kharif,2.67373,27.05,maund/acre,2024-25(1).pdf,10,current
Sargodha,Sargodha,Rice,2024-25,Kharif,1.858267,18.8,maund/acre,2024-25(1).pdf,10,current
Sheikhupura,Sheikhupura,Rice,2024-25,Kharif,2.11625,21.41,maund/acre,2024-25(1).pdf,10,current
Sialkot,Sialkot,Rice,2024-25,Kharif,1.762389,17.83,maund/acre,2024-25(1).pdf,10,current
Toba Tek Singh,T.T. Singh,Rice,2024-25,Kharif,2.400921,24.29,maund/acre,2024-25(1).pdf,10,current
Vehari,Vehari,Rice,2024-25,Kharif,2.531395,25.61,maund/acre,2024-25(1).pdf,10,current
Wazirabad,Wazirabad,Rice,2024-25,Kharif,2.030256,20.54,maund/acre,2024-25(1).pdf,10,current
Attock,Attock,Sesamum,2024-25,Kharif,0.415145,4.2,maund/acre,2024-25(1).pdf,42,current
Bahawalnagar,Bahawalnagar,Sesamum,2024-25,Kharif,0.688943,6.97,maund/acre,2024-25(1).pdf,42,current
Bahawalpur,Bahawalpur,Sesamum,2024-25,Kharif,0.534746,5.41,maund/acre,2024-25(1).pdf,42,current
Bhakkar,Bhakkar,Sesamum,2024-25,Kharif,0.500151,5.06,maund/acre,2024-25(1).pdf,42,current
Chakwal,Chakwal,Sesamum,2024-25,Kharif,0.578237,5.85,maund/acre,2024-25(1).pdf,42,current
Chiniot,Chiniot,Sesamum,2024-25,Kharif,0.618763,6.26,maund/acre,2024-25(1).pdf,42,current
Dera Ghazi Khan,D.G. Khan,Sesamum,2024-25,Kharif,0.527827,5.34,maund/acre,2024-25(1).pdf,42,current
Faisalabad,Faisalabad,Sesamum,2024-25,Kharif,0.563411,5.7,maund/acre,2024-25(1).pdf,42,current
Gujranwala,Gujranwala,Sesamum,2024-25,Kharif,0.642486,6.5,maund/acre,2024-25(1).pdf,42,current
Gujrat,Gujrat,Sesamum,2024-25,Kharif,0.461601,4.67,maund/acre,2024-25(1).pdf,42,current
Hafizabad,Hafizabad,Sesamum,2024-25,Kharif,0.543642,5.5,maund/acre,2024-25(1).pdf,42,current
Jhang,Jhang,Sesamum,2024-25,Kharif,0.539688,5.46,maund/acre,2024-25(1).pdf,42,current
Jhelum,Jhelum,Sesamum,2024-25,Kharif,0.592076,5.99,maund/acre,2024-25(1).pdf,42,current
Kasur,Kasur,Sesamum,2024-25,Kharif,0.624694,6.32,maund/acre,2024-25(1).pdf,42,current
Khanewal,Khanewal,Sesamum,2024-25,Kharif,0.560445,5.67,maund/acre,2024-25(1).pdf,42,current
Khushab,Khushab,Sesamum,2024-25,Kharif,0.315312,3.19,maund/acre,2024-25(1).pdf,42,current
Kot Addu,Kot Addu,Sesamum,2024-25,Kharif,0.650394,6.58,maund/acre,2024-25(1).pdf,42,current
Lahore,Lahore,Sesamum,2024-25,Kharif,0.489278,4.95,maund/acre,2024-25(1).pdf,42,current
Layyah,Layyah,Sesamum,2024-25,Kharif,0.534746,5.41,maund/acre,2024-25(1).pdf,42,current
Lodhran,Lodhran,Sesamum,2024-25,Kharif,0.710688,7.19,maund/acre,2024-25(1).pdf,42,current
Mandi Bahauddin,M.B.Din,Sesamum,2024-25,Kharif,0.459625,4.65,maund/acre,2024-25(1).pdf,42,current
Mianwali,Mianwali,Sesamum,2024-25,Kharif,0.467532,4.73,maund/acre,2024-25(1).pdf,42,current
Multan,Multan,Sesamum,2024-25,Kharif,0.540677,5.47,maund/acre,2024-25(1).pdf,42,current
Muzaffargarh,Muzzafargargh,Sesamum,2024-25,Kharif,0.739353,7.48,maund/acre,2024-25(1).pdf,42,current
Nankana Sahib,Nankana Sahib,Sesamum,2024-25,Kharif,0.705746,7.14,maund/acre,2024-25(1).pdf,42,current
Narowal,Narowal,Sesamum,2024-25,Kharif,0.233272,2.36,maund/acre,2024-25(1).pdf,42,current
Okara,Okara,Sesamum,2024-25,Kharif,0.63359,6.41,maund/acre,2024-25(1).pdf,42,current
Pakpattan,Pakpattan,Sesamum,2024-25,Kharif,0.63359,6.41,maund/acre,2024-25(1).pdf,42,current
Rahim Yar Khan,Rahim Yar Khan,Sesamum,2024-25,Kharif,0.670162,6.78,maund/acre,2024-25(1).pdf,42,current
Rajanpur,Rajan Pur,Sesamum,2024-25,Kharif,0.480382,4.86,maund/acre,2024-25(1).pdf,42,current
Rawalpindi,Rawalpindi,Sesamum,2024-25,Kharif,0.448752,4.54,maund/acre,2024-25(1).pdf,42,current
Sahiwal,Sahiwal,Sesamum,2024-25,Kharif,0.624694,6.32,maund/acre,2024-25(1).pdf,42,current
Sargodha,Sargodha,Sesamum,2024-25,Kharif,0.421075,4.26,maund/acre,2024-25(1).pdf,42,current
Sheikhupura,Sheikhupura,Sesamum,2024-25,Kharif,0.744295,7.53,maund/acre,2024-25(1).pdf,42,current
Toba Tek Singh,T.T. Singh,Sesamum,2024-25,Kharif,0.516954,5.23,maund/acre,2024-25(1).pdf,42,current
Vehari,Vehari,Sesamum,2024-25,Kharif,0.618763,6.26,maund/acre,2024-25(1).pdf,42,current
Attock,Attock,Shimla Mirch,2024-25,Kharif,9.360527,94.7,maund/acre,2024-25(1).pdf,80,current
Bahawalnagar,Bahawalnagar,Shimla Mirch,2024-25,Kharif,28.66476,290.0,maund/acre,2024-25(1).pdf,80,current
Chakwal,Chakwal,Shimla Mirch,2024-25,Kharif,15.32082,155.0,maund/acre,2024-25(1).pdf,80,current
Faisalabad,Faisalabad,Shimla Mirch,2024-25,Kharif,18.86932,190.9,maund/acre,2024-25(1).pdf,80,current
Gujranwala,Gujranwala,Shimla Mirch,2024-25,Kharif,36.898465,373.3,maund/acre,2024-25(1).pdf,80,current
Hafizabad,Hafizabad,Shimla Mirch,2024-25,Kharif,25.69944,260.0,maund/acre,2024-25(1).pdf,80,current
Jhang,Jhang,Shimla Mirch,2024-25,Kharif,23.524872,238.0,maund/acre,2024-25(1).pdf,80,current
Jhelum,Jhelum,Shimla Mirch,2024-25,Kharif,13.600934,137.6,maund/acre,2024-25(1).pdf,80,current
Kasur,Kasur,Shimla Mirch,2024-25,Kharif,8.89596,90.0,maund/acre,2024-25(1).pdf,80,current
Khushab,Khushab,Shimla Mirch,2024-25,Kharif,9.439602,95.5,maund/acre,2024-25(1).pdf,80,current
Lahore,Lahore,Shimla Mirch,2024-25,Kharif,21.706142,219.6,maund/acre,2024-25(1).pdf,80,current
Okara,Okara,Shimla Mirch,2024-25,Kharif,26.52973,268.4,maund/acre,2024-25(1).pdf,80,current
Rawalpindi,Rawalpindi,Shimla Mirch,2024-25,Kharif,20.75724,210.0,maund/acre,2024-25(1).pdf,80,current
Sahiwal,Sahiwal,Shimla Mirch,2024-25,Kharif,13.640472,138.0,maund/acre,2024-25(1).pdf,80,current
Sheikhupura,Sheikhupura,Shimla Mirch,2024-25,Kharif,25.20522,255.0,maund/acre,2024-25(1).pdf,80,current
Talagang,Talagang,Shimla Mirch,2024-25,Kharif,14.33238,145.0,maund/acre,2024-25(1).pdf,80,current
Toba Tek Singh,T.T. Singh,Shimla Mirch,2024-25,Kharif,33.656382,340.5,maund/acre,2024-25(1).pdf,80,current
Bahawalnagar,Bahawalnagar,Sugarcane,2024-25,Kharif,75.417972,763.0,maund/acre,2024-25(1).pdf,20,current
Bahawalpur,Bahawalpur,Sugarcane,2024-25,Kharif,73.737624,746.0,maund/acre,2024-25(1).pdf,20,current
Bhakkar,Bhakkar,Sugarcane,2024-25,Kharif,61.975188,627.0,maund/acre,2024-25(1).pdf,20,current
Chiniot,Chiniot,Sugarcane,2024-25,Kharif,76.307568,772.0,maund/acre,2024-25(1).pdf,20,current
Dera Ghazi Khan,D.G. Khan,Sugarcane,2024-25,Kharif,62.864784,636.0,maund/acre,2024-25(1).pdf,20,current
Faisalabad,Faisalabad,Sugarcane,2024-25,Kharif,72.848028,737.0,maund/acre,2024-25(1).pdf,20,current
Gujranwala,Gujranwala,Sugarcane,2024-25,Kharif,59.504088,602.0,maund/acre,2024-25(1).pdf,20,current
Gujrat,Gujrat,Sugarcane,2024-25,Kharif,47.44512,480.0,maund/acre,2024-25(1).pdf,20,current
Hafizabad,Hafizabad,Sugarcane,2024-25,Kharif,59.899464,606.0,maund/acre,2024-25(1).pdf,20,current
Jhang,Jhang,Sugarcane,2024-25,Kharif,71.563056,724.0,maund/acre,2024-25(1).pdf,20,current
Kasur,Kasur,Sugarcane,2024-25,Kharif,51.794256,524.0,maund/acre,2024-25(1).pdf,20,current
Khanewal,Khanewal,Sugarcane,2024-25,Kharif,78.58098,795.0,maund/acre,2024-25(1).pdf,20,current
Khushab,Khushab,Sugarcane,2024-25,Kharif,52.189632,528.0,maund/acre,2024-25(1).pdf,20,current
Kot Addu,Kot Addu,Sugarcane,2024-25,Kharif,74.923752,758.0,maund/acre,2024-25(1).pdf,20,current
Layyah,Layyah,Sugarcane,2024-25,Kharif,62.370564,631.0,maund/acre,2024-25(1).pdf,20,current
Lodhran,Lodhran,Sugarcane,2024-25,Kharif,82.930116,839.0,maund/acre,2024-25(1).pdf,20,current
Mandi Bahauddin,M.B.Din,Sugarcane,2024-25,Kharif,63.655536,644.0,maund/acre,2024-25(1).pdf,20,current
Mianwali,Mianwali,Sugarcane,2024-25,Kharif,61.678656,624.0,maund/acre,2024-25(1).pdf,20,current
Multan,Multan,Sugarcane,2024-25,Kharif,57.922584,586.0,maund/acre,2024-25(1).pdf,20,current
Muzaffargarh,Muzzafargargh,Sugarcane,2024-25,Kharif,72.057276,729.0,maund/acre,2024-25(1).pdf,20,current
Nankana Sahib,Nankana Sahib,Sugarcane,2024-25,Kharif,65.434728,662.0,maund/acre,2024-25(1).pdf,20,current
Narowal,Narowal,Sugarcane,2024-25,Kharif,35.781528,362.0,maund/acre,2024-25(1).pdf,20,current
Okara,Okara,Sugarcane,2024-25,Kharif,102.402384,1036.0,maund/acre,2024-25(1).pdf,20,current
Pakpattan,Pakpattan,Sugarcane,2024-25,Kharif,45.171708,457.0,maund/acre,2024-25(1).pdf,20,current
Rahim Yar Khan,Rahim Yar Khan,Sugarcane,2024-25,Kharif,82.435896,834.0,maund/acre,2024-25(1).pdf,20,current
Rajanpur,Rajan Pur,Sugarcane,2024-25,Kharif,75.417972,763.0,maund/acre,2024-25(1).pdf,20,current
Sahiwal,Sahiwal,Sugarcane,2024-25,Kharif,70.376928,712.0,maund/acre,2024-25(1).pdf,20,current
Sargodha,Sargodha,Sugarcane,2024-25,Kharif,67.115076,679.0,maund/acre,2024-25(1).pdf,20,current
Sheikhupura,Sheikhupura,Sugarcane,2024-25,Kharif,64.74282,655.0,maund/acre,2024-25(1).pdf,20,current
Sialkot,Sialkot,Sugarcane,2024-25,Kharif,57.724896,584.0,maund/acre,2024-25(1).pdf,20,current
Toba Tek Singh,T.T. Singh,Sugarcane,2024-25,Kharif,70.17924,710.0,maund/acre,2024-25(1).pdf,20,current
Vehari,Vehari,Sugarcane,2024-25,Kharif,67.510452,683.0,maund/acre,2024-25(1).pdf,20,current
Wazirabad,Wazirabad,Sugarcane,2024-25,Kharif,45.567084,461.0,maund/acre,2024-25(1).pdf,20,current
Bahawalnagar,Bahawalnagar,Sweet Potato,2024-25,Other/Perennial,11.258332,113.9,maund/acre,2024-25(1).pdf,76,current
Chiniot,Chiniot,Sweet Potato,2024-25,Other/Perennial,10.87284,110.0,maund/acre,2024-25(1).pdf,76,current
Jhang,Jhang,Sweet Potato,2024-25,Other/Perennial,13.739316,139.0,maund/acre,2024-25(1).pdf,76,current
Khanewal,Khanewal,Sweet Potato,2024-25,Other/Perennial,12.563072,127.1,maund/acre,2024-25(1).pdf,76,current
Mandi Bahauddin,M.B.Din,Sweet Potato,2024-25,Other/Perennial,11.732783,118.7,maund/acre,2024-25(1).pdf,76,current
Muzaffargarh,Muzaffargarh,Sweet Potato,2024-25,Other/Perennial,12.93868,130.9,maund/acre,2024-25(1).pdf,76,current
Nankana Sahib,Nankana Sahib,Sweet Potato,2024-25,Other/Perennial,12.256656,124.0,maund/acre,2024-25(1).pdf,76,current
Narowal,Narowal,Sweet Potato,2024-25,Other/Perennial,14.342264,145.1,maund/acre,2024-25(1).pdf,76,current
Okara,Okara,Sweet Potato,2024-25,Other/Perennial,20.648512,208.9,maund/acre,2024-25(1).pdf,76,current
Sahiwal,Sahiwal,Sweet Potato,2024-25,Other/Perennial,15.834809,160.2,maund/acre,2024-25(1).pdf,76,current
Sheikhupura,Sheikhupura,Sweet Potato,2024-25,Other/Perennial,11.021106,111.5,maund/acre,2024-25(1).pdf,76,current
Vehari,Vehari,Sweet Potato,2024-25,Other/Perennial,1.828614,18.5,maund/acre,2024-25(1).pdf,76,current
Attock,Attock,Tinda,2024-25,Kharif,20.045563,202.8,maund/acre,2024-25(1).pdf,64,current
Bahawalnagar,Bahawalnagar,Tinda,2024-25,Kharif,4.53694,45.9,maund/acre,2024-25(1).pdf,64,current
Bahawalpur,Bahawalpur,Tinda,2024-25,Kharif,7.729601,78.2,maund/acre,2024-25(1).pdf,64,current
Bhakkar,Bhakkar,Tinda,2024-25,Kharif,12.3555,125.0,maund/acre,2024-25(1).pdf,64,current
Chakwal,Chakwal,Tinda,2024-25,Kharif,8.40174,85.0,maund/acre,2024-25(1).pdf,64,current
Faisalabad,Faisalabad,Tinda,2024-25,Kharif,8.816885,89.2,maund/acre,2024-25(1).pdf,64,current
Jhang,Jhang,Tinda,2024-25,Kharif,11.989777,121.3,maund/acre,2024-25(1).pdf,64,current
Jhelum,Jhelum,Tinda,2024-25,Kharif,10.477464,106.0,maund/acre,2024-25(1).pdf,64,current
Kasur,Kasur,Tinda,2024-25,Kharif,6.721392,68.0,maund/acre,2024-25(1).pdf,64,current
Khanewal,Khanewal,Tinda,2024-25,Kharif,8.115092,82.1,maund/acre,2024-25(1).pdf,64,current
Khushab,Khushab,Tinda,2024-25,Kharif,6.731276,68.1,maund/acre,2024-25(1).pdf,64,current
Lahore,Lahore,Tinda,2024-25,Kharif,9.034342,91.4,maund/acre,2024-25(1).pdf,64,current
Mandi Bahauddin,M.B.Din,Tinda,2024-25,Kharif,8.278185,83.75,maund/acre,2024-25(1).pdf,64,current
Mianwali,Mianwali,Tinda,2024-25,Kharif,7.986595,80.8,maund/acre,2024-25(1).pdf,64,current
Muzaffargarh,Muzaffargarh,Tinda,2024-25,Kharif,8.434359,85.33,maund/acre,2024-25(1).pdf,64,current
Nankana Sahib,Nankana Sahib,Tinda,2024-25,Kharif,10.230354,103.5,maund/acre,2024-25(1).pdf,64,current
Narowal,Narowal,Tinda,2024-25,Kharif,7.382658,74.69,maund/acre,2024-25(1).pdf,64,current
Okara,Okara,Tinda,2024-25,Kharif,7.858098,79.5,maund/acre,2024-25(1).pdf,64,current
Pakpattan,Pakpattan,Tinda,2024-25,Kharif,5.505611,55.7,maund/acre,2024-25(1).pdf,64,current
Rahim Yar Khan,Rahim Yar Khan,Tinda,2024-25,Kharif,12.652032,128.0,maund/acre,2024-25(1).pdf,64,current
Rajanpur,Rajan Pur,Tinda,2024-25,Kharif,6.326016,64.0,maund/acre,2024-25(1).pdf,64,current
Rawalpindi,RAWALPINDI DV:,Tinda,2024-25,Kharif,11.890933,120.3,maund/acre,2024-25(1).pdf,64,current
Sahiwal,Sahiwal,Tinda,2024-25,Kharif,13.442784,136.0,maund/acre,2024-25(1).pdf,64,current
Sargodha,Sargodha,Tinda,2024-25,Kharif,7.343121,74.29,maund/acre,2024-25(1).pdf,64,current
Sheikhupura,Sheikhupura,Tinda,2024-25,Kharif,17.258162,174.6,maund/acre,2024-25(1).pdf,64,current
Sialkot,Sialkot,Tinda,2024-25,Kharif,5.831796,59.0,maund/acre,2024-25(1).pdf,64,current
Toba Tek Singh,T.T. Singh,Tinda,2024-25,Kharif,2.915898,29.5,maund/acre,2024-25(1).pdf,64,current
Vehari,Vehari,Tinda,2024-25,Kharif,12.10839,122.5,maund/acre,2024-25(1).pdf,64,current
Attock,Attock,Tobacco,2024-25,Kharif,3.143239,31.8,maund/acre,2024-25(1).pdf,154,current
Bahawalnagar,Bahawalnagar,Tobacco,2024-25,Kharif,1.57162,15.9,maund/acre,2024-25(1).pdf,154,current
Bahawalpur,Bahawalpur,Tobacco,2024-25,Kharif,0.89948,9.1,maund/acre,2024-25(1).pdf,154,current
Bhakkar,Bhakkar,Tobacco,2024-25,Kharif,2.154799,21.8,maund/acre,2024-25(1).pdf,154,current
Chiniot,Chiniot,Tobacco,2024-25,Kharif,2.253643,22.8,maund/acre,2024-25(1).pdf,154,current
Dera Ghazi Khan,D.G. Khan,Tobacco,2024-25,Kharif,4.171217,42.2,maund/acre,2024-25(1).pdf,154,current
Faisalabad,Faisalabad,Tobacco,2024-25,Kharif,2.975204,30.1,maund/acre,2024-25(1).pdf,154,current
Gujranwala,Gujranwala,Tobacco,2024-25,Kharif,1.48266,15.0,maund/acre,2024-25(1).pdf,154,current
Gujrat,Gujrat,Tobacco,2024-25,Kharif,1.373932,13.9,maund/acre,2024-25(1).pdf,154,current
Hafizabad,Hafizabad,Tobacco,2024-25,Kharif,1.937342,19.6,maund/acre,2024-25(1).pdf,154,current
Jhang,Jhang,Tobacco,2024-25,Kharif,2.461216,24.9,maund/acre,2024-25(1).pdf,154,current
Kasur,Kasur,Tobacco,2024-25,Kharif,1.97688,20.0,maund/acre,2024-25(1).pdf,154,current
Khanewal,Khanewal,Tobacco,2024-25,Kharif,3.024626,30.6,maund/acre,2024-25(1).pdf,154,current
Khushab,Khushab,Tobacco,2024-25,Kharif,3.924107,39.7,maund/acre,2024-25(1).pdf,154,current
Lahore,Lahore,Tobacco,2024-25,Kharif,4.319483,43.7,maund/acre,2024-25(1).pdf,154,current
Layyah,Layyah,Tobacco,2024-25,Kharif,3.825263,38.7,maund/acre,2024-25(1).pdf,154,current
Lodhran,Lodhran,Tobacco,2024-25,Kharif,0.879712,8.9,maund/acre,2024-25(1).pdf,154,current
Mandi Bahauddin,M.B.Din,Tobacco,2024-25,Kharif,2.144915,21.7,maund/acre,2024-25(1).pdf,154,current
Mianwali,Mianwali,Tobacco,2024-25,Kharif,2.955436,29.9,maund/acre,2024-25(1).pdf,154,current
Multan,Multan,Tobacco,2024-25,Kharif,0.939018,9.5,maund/acre,2024-25(1).pdf,154,current
Muzaffargarh,Muzaffargarh,Tobacco,2024-25,Kharif,6.197519,62.7,maund/acre,2024-25(1).pdf,154,current
Nankana Sahib,Nankana Sahib,Tobacco,2024-25,Kharif,1.551851,15.7,maund/acre,2024-25(1).pdf,154,current
Narowal,Narowal,Tobacco,2024-25,Kharif,2.055955,20.8,maund/acre,2024-25(1).pdf,154,current
Okara,Okara,Tobacco,2024-25,Kharif,2.826938,28.6,maund/acre,2024-25(1).pdf,154,current
Pakpattan,Pakpattan,Tobacco,2024-25,Kharif,2.016418,20.4,maund/acre,2024-25(1).pdf,154,current
Rahim Yar Khan,Rahim Yar Khan,Tobacco,2024-25,Kharif,1.344278,13.6,maund/acre,2024-25(1).pdf,154,current
Rajanpur,Rajan Pur,Tobacco,2024-25,Kharif,4.368905,44.2,maund/acre,2024-25(1).pdf,154,current
Rawalpindi,RAWALPINDI DV:,Tobacco,2024-25,Kharif,3.143239,31.8,maund/acre,2024-25(1).pdf,154,current
Sahiwal,Sahiwal,Tobacco,2024-25,Kharif,2.80717,28.4,maund/acre,2024-25(1).pdf,154,current
Sargodha,Sargodha,Tobacco,2024-25,Kharif,2.075724,21.0,maund/acre,2024-25(1).pdf,154,current
Sheikhupura,Sheikhupura,Tobacco,2024-25,Kharif,2.13503,21.6,maund/acre,2024-25(1).pdf,154,current
Sialkot,Sialkot,Tobacco,2024-25,Kharif,1.858267,18.8,maund/acre,2024-25(1).pdf,154,current
Toba Tek Singh,T.T. Singh,Tobacco,2024-25,Kharif,2.075724,21.0,maund/acre,2024-25(1).pdf,154,current
Vehari,Vehari,Tobacco,2024-25,Kharif,4.517171,45.7,maund/acre,2024-25(1).pdf,154,current
Wazirabad,Wazirabad,Tobacco,2024-25,Kharif,2.915898,29.5,maund/acre,2024-25(1).pdf,154,current
Kasur,Kasur,Turmeric,2024-25,Kharif,28.032158,283.6,maund/acre,2024-25(1).pdf,86,current
Okara,Okara,Turmeric,2024-25,Kharif,22.605623,228.7,maund/acre,2024-25(1).pdf,86,current
Attock,Attock,Wheat,2024-25,Rabi,1.45103,14.68,maund/acre,2024-25(1).pdf,113,current
Bahawalnagar,Bahawalnagar,Wheat,2024-25,Rabi,3.579141,36.21,maund/acre,2024-25(1).pdf,113,current
Bahawalpur,Bahawalpur,Wheat,2024-25,Rabi,3.626586,36.69,maund/acre,2024-25(1).pdf,113,current
Bhakkar,Bhakkar,Wheat,2024-25,Rabi,2.886245,29.2,maund/acre,2024-25(1).pdf,113,current
Chakwal,Chakwal,Wheat,2024-25,Rabi,1.629938,16.49,maund/acre,2024-25(1).pdf,113,current
Chiniot,Chiniot,Wheat,2024-25,Rabi,3.888523,39.34,maund/acre,2024-25(1).pdf,113,current
Dera Ghazi Khan,D.G. Khan,Wheat,2024-25,Rabi,3.916199,39.62,maund/acre,2024-25(1).pdf,113,current
Faisalabad,Faisalabad,Wheat,2024-25,Rabi,3.791656,38.36,maund/acre,2024-25(1).pdf,113,current
Gujranwala,Gujranwala,Wheat,2024-25,Rabi,3.553442,35.95,maund/acre,2024-25(1).pdf,113,current
Gujrat,Gujrat,Wheat,2024-25,Rabi,2.506684,25.36,maund/acre,2024-25(1).pdf,113,current
Hafizabad,Hafizabad,Wheat,2024-25,Rabi,3.47239,35.13,maund/acre,2024-25(1).pdf,113,current
Islamabad,Islamabad,Wheat,2024-25,Rabi,1.732735,17.53,maund/acre,2024-25(1).pdf,113,current
Jhang,Jhang,Wheat,2024-25,Rabi,3.76991,38.14,maund/acre,2024-25(1).pdf,113,current
Jhelum,Jhelum,Wheat,2024-25,Rabi,2.069793,20.94,maund/acre,2024-25(1).pdf,113,current
Kasur,Kasur,Wheat,2024-25,Rabi,3.866777,39.12,maund/acre,2024-25(1).pdf,113,current
Khanewal,Khanewal,Wheat,2024-25,Rabi,4.013066,40.6,maund/acre,2024-25(1).pdf,113,current
Khushab,Khushab,Wheat,2024-25,Rabi,2.262539,22.89,maund/acre,2024-25(1).pdf,113,current
Kot Addu,Kot Addu,Wheat,2024-25,Rabi,3.335985,33.75,maund/acre,2024-25(1).pdf,113,current
Lahore,Lahore,Wheat,2024-25,Rabi,3.898407,39.44,maund/acre,2024-25(1).pdf,113,current
Layyah,Layyah,Wheat,2024-25,Rabi,3.094806,31.31,maund/acre,2024-25(1).pdf,113,current
Lodhran,Lodhran,Wheat,2024-25,Rabi,3.967598,40.14,maund/acre,2024-25(1).pdf,113,current
Mandi Bahauddin,M.B.Din,Wheat,2024-25,Rabi,3.437794,34.78,maund/acre,2024-25(1).pdf,113,current
Mianwali,Mianwali,Wheat,2024-25,Rabi,3.053291,30.89,maund/acre,2024-25(1).pdf,113,current
Multan,Multan,Wheat,2024-25,Rabi,3.847997,38.93,maund/acre,2024-25(1).pdf,113,current
Murree,Muree,Wheat,2024-25,Rabi,1.059608,10.72,maund/acre,2024-25(1).pdf,113,current
Muzaffargarh,Muzzafargargh,Wheat,2024-25,Rabi,3.562338,36.04,maund/acre,2024-25(1).pdf,113,current
Nankana Sahib,Nankana Sahib,Wheat,2024-25,Rabi,3.957714,40.04,maund/acre,2024-25(1).pdf,113,current
Narowal,Narowal,Wheat,2024-25,Rabi,2.905025,29.39,maund/acre,2024-25(1).pdf,113,current
Okara,Okara,Wheat,2024-25,Rabi,4.20087,42.5,maund/acre,2024-25(1).pdf,113,current
Pakpattan,Pakpattan,Wheat,2024-25,Rabi,4.157379,42.06,maund/acre,2024-25(1).pdf,113,current
Rahim Yar Khan,Rahim Yar Khan,Wheat,2024-25,Rabi,3.655251,36.98,maund/acre,2024-25(1).pdf,113,current
Rajanpur,Rajan Pur,Wheat,2024-25,Rabi,3.521812,35.63,maund/acre,2024-25(1).pdf,113,current
Rawalpindi,Rawalpindi,Wheat,2024-25,Rabi,1.664533,16.84,maund/acre,2024-25(1).pdf,113,current
Sahiwal,Sahiwal,Wheat,2024-25,Rabi,3.848985,38.94,maund/acre,2024-25(1).pdf,113,current
Sargodha,Sargodha,Wheat,2024-25,Rabi,3.150158,31.87,maund/acre,2024-25(1).pdf,113,current
Sheikhupura,Sheikhupura,Wheat,2024-25,Rabi,3.50995,35.51,maund/acre,2024-25(1).pdf,113,current
Sialkot,Sialkot,Wheat,2024-25,Rabi,3.013754,30.49,maund/acre,2024-25(1).pdf,113,current
Talagang,Talagang,Wheat,2024-25,Rabi,1.43818,14.55,maund/acre,2024-25(1).pdf,113,current
Taunsa,Taunsa,Wheat,2024-25,Rabi,3.484251,35.25,maund/acre,2024-25(1).pdf,113,current
Toba Tek Singh,T.T. Singh,Wheat,2024-25,Rabi,3.904338,39.5,maund/acre,2024-25(1).pdf,113,current
Vehari,Vehari,Wheat,2024-25,Rabi,3.924107,39.7,maund/acre,2024-25(1).pdf,113,current
Wazirabad,Wazirabad,Wheat,2024-25,Rabi,3.114574,31.51,maund/acre,2024-25(1).pdf,113,current
